Transaction_ID,Date,Country,Product_Category,Unit_Price,Quantity_Ordered,Discount_Percent,Marketing_Spend,Customer_Rating,Store_Size_SqFt,Is_Holiday_Season,Sales_Amount
TXN-100000,2024-01-01 00:00:00,UK,Home & Kitchen,64.45,2,0.04,464.73,4.7,2500,0,362.62
TXN-100001,2024-01-01 01:00:00,Australia,Home & Kitchen,103.01,9,0.1,79.19,4.1,25000,1,1840.02
TXN-100002,2024-01-01 02:00:00,France,Books,169.18,10,0.18,595.3,2.6,25000,0,2266.88
TXN-100003,2024-01-01 03:00:00,Germany,Health & Beauty,299.81,9,0.26,187.71,4.5,15000,1,2902.56
TXN-100004,2024-01-01 04:00:00,USA,Home & Kitchen,468.86,11,0.08,113.36,4.8,25000,0,5572.16
TXN-100005,2024-01-01 05:00:00,USA,Automotive,609.25,9,0.04,313.39,4.6,10000,0,5772.76
TXN-100006,2024-01-01 06:00:00,USA,Home & Kitchen,191.12,10,0.17,363.63,4.3,2500,1,2177.47
TXN-100007,2024-01-01 07:00:00,Canada,Automotive,576.56,13,0.05,143.46,2.9,10000,0,7452.55
TXN-100008,2024-01-01 08:00:00,Germany,Home & Kitchen,603.06,10,0.18,71.21,3.4,5000,0,5383.34
TXN-100009,2024-01-01 09:00:00,France,Automotive,481.45,4,0.08,317.27,3.9,10000,0,2277.9
TXN-100010,2024-01-01 10:00:00,USA,Home & Kitchen,769.52,10,0.07,762.57,2.7,2500,1,7899.32
TXN-100011,2024-01-01 11:00:00,Australia,Home & Kitchen,107.68,3,0.12,1086.53,2.8,5000,0,1022.53
TXN-100012,2024-01-01 12:00:00,Canada,Apparel,162.9,6,0.18,101.32,4.8,15000,0,1236.14
TXN-100013,2024-01-01 13:00:00,USA,Automotive,372.94,3,0.16,421.88,4.3,5000,0,1391.38
TXN-100014,2024-01-01 14:00:00,USA,Automotive,120.81,11,0.07,202.86,3.2,25000,0,1902.64
TXN-100015,2024-01-01 15:00:00,USA,Automotive,487.86,9,0.27,284.71,3.3,2500,0,3446.55
TXN-100016,2024-01-01 16:00:00,USA,Electronics,347.66,3,0.03,1404.84,3.5,25000,0,2280.4
TXN-100017,2024-01-01 17:00:00,UK,Home & Kitchen,252.64,2,0.01,266.99,2.7,10000,1,1195.65
TXN-100018,2024-01-01 18:00:00,UK,Automotive,156.94,8,0.18,277.34,4.3,15000,0,1547.43
TXN-100019,2024-01-01 19:00:00,USA,Books,295.01,6,0.04,,,2500,0,1925.88
TXN-100020,2024-01-01 20:00:00,Germany,Electronics,522.65,8,0.15,1659.67,4.5,15000,1,5059.77
TXN-100021,2024-01-01 21:00:00,USA,Apparel,495.78,13,0.29,354.85,4.6,2500,0,5028.86
TXN-100022,2024-01-01 22:00:00,USA,Automotive,151.63,7,0.21,472.44,4.1,25000,0,1713.78
TXN-100023,2024-01-01 23:00:00,UK,Automotive,119.31,3,0.19,351.81,4.4,10000,0,872.64
TXN-100024,2024-01-02 00:00:00,UK,Electronics,37.28,8,0.17,195.79,2.9,5000,0,537.96
TXN-100025,2024-01-02 01:00:00,France,Home & Kitchen,25.38,10,0.05,881.45,3.9,15000,0,1215.78
TXN-100026,2024-01-02 02:00:00,USA,Books,749.64,1,0.13,64.44,4.2,2500,0,963.71
TXN-100027,2024-01-02 03:00:00,UK,Apparel,52.65,1,0.1,635.98,,2500,0,518.88
TXN-100028,2024-01-02 04:00:00,Germany,Automotive,625.57,13,0.29,501.04,2.8,15000,0,6385.85
TXN-100029,2024-01-02 05:00:00,USA,Home & Kitchen,743.11,13,0.07,127.91,3.4,5000,0,9326.14
TXN-100030,2024-01-02 06:00:00,Germany,Books,96.88,10,0.14,140.7,3.3,10000,0,1202.98
TXN-100031,2024-01-02 07:00:00,USA,Books,379.31,13,0.28,588.27,3.9,2500,0,3886.16
TXN-100032,2024-01-02 08:00:00,USA,Apparel,818.52,8,0.24,237.08,4.4,2500,0,5354.95
TXN-100033,2024-01-02 09:00:00,Japan,Health & Beauty,711.51,13,0.29,204.44,,15000,0,7104.07
TXN-100034,2024-01-02 10:00:00,Australia,Books,423.9,9,0.18,80.49,4.4,15000,0,3716.99
TXN-100035,2024-01-02 11:00:00,Canada,Health & Beauty,651.75,10,0.1,777.25,2.7,2500,0,6390.28
TXN-100036,2024-01-02 12:00:00,USA,Books,710.87,6,0.25,1121.39,4.7,2500,0,4016.71
TXN-100037,2024-01-02 13:00:00,USA,Apparel,305.6,5,0.09,906.97,3.8,2500,0,2221.14
TXN-100038,2024-01-02 14:00:00,Germany,Electronics,759.95,2,0.05,363.71,2.6,25000,0,2327.14
TXN-100039,2024-01-02 15:00:00,UK,Apparel,407.85,11,0.21,431.74,4.1,2500,0,3944.94
TXN-100040,2024-01-02 16:00:00,USA,Apparel,455.72,9,0.19,188.72,3.8,10000,0,3811.98
TXN-100041,2024-01-02 17:00:00,UK,Electronics,849.76,6,0.26,144.89,3.1,10000,0,4187.04
TXN-100042,2024-01-02 18:00:00,USA,Electronics,719.16,8,0.29,915.81,4.4,5000,1,5066.42
TXN-100043,2024-01-02 19:00:00,Japan,Home & Kitchen,317.08,9,0.26,850.6,4.8,15000,0,2885.12
TXN-100044,2024-01-02 20:00:00,USA,Books,23.64,9,0.02,801.1,3.3,5000,0,901.85
TXN-100045,2024-01-02 21:00:00,Germany,Home & Kitchen,537.86,8,0.2,,,2500,0,3636.93
TXN-100046,2024-01-02 22:00:00,USA,Electronics,602.77,12,0.24,1049.42,2.8,15000,0,6394.13
TXN-100047,2024-01-02 23:00:00,UK,Health & Beauty,558.42,10,0.29,1353.42,4.8,2500,0,4699.29
TXN-100048,2024-01-03 00:00:00,UK,Health & Beauty,823.17,8,0.11,249.0,3.3,15000,0,6365.24
TXN-100049,2024-01-03 01:00:00,USA,Apparel,735.58,3,0.05,177.25,3.0,25000,0,2827.94
TXN-100050,2024-01-03 02:00:00,Australia,Automotive,389.77,13,0.26,362.06,3.7,25000,0,4648.5
TXN-100051,2024-01-03 03:00:00,France,Apparel,67.49,3,0.1,148.81,2.6,25000,0,947.95
TXN-100052,2024-01-03 04:00:00,Japan,Apparel,412.51,2,0.18,1127.09,3.1,5000,1,1657.76
TXN-100053,2024-01-03 05:00:00,Japan,Automotive,590.52,1,0.12,256.24,2.7,15000,0,1135.71
TXN-100054,2024-01-03 06:00:00,Germany,Books,522.44,4,0.12,479.21,2.8,5000,0,2275.62
TXN-100055,2024-01-03 07:00:00,Japan,Electronics,464.34,2,0.22,501.59,2.8,15000,0,1319.11
TXN-100056,2024-01-03 08:00:00,USA,Health & Beauty,406.46,14,0.11,411.79,4.7,2500,1,5791.16
TXN-100057,2024-01-03 09:00:00,USA,Apparel,260.29,14,0.21,135.11,4.8,25000,0,3582.21
TXN-100058,2024-01-03 10:00:00,USA,Automotive,246.58,2,0.0,2405.3,3.7,25000,0,2231.39
TXN-100059,2024-01-03 11:00:00,USA,Home & Kitchen,432.69,13,0.1,144.74,4.1,15000,0,5573.81
TXN-100060,2024-01-03 12:00:00,UK,Apparel,149.1,11,0.1,746.17,4.2,5000,0,1976.86
TXN-100061,2024-01-03 13:00:00,USA,Health & Beauty,299.47,11,0.22,833.58,3.5,5000,1,3478.43
TXN-100062,2024-01-03 14:00:00,Canada,Electronics,285.52,5,0.09,128.42,3.4,10000,0,1721.42
TXN-100063,2024-01-03 15:00:00,UK,Apparel,505.26,4,0.19,1402.75,4.2,25000,1,3299.32
TXN-100064,2024-01-03 16:00:00,USA,Apparel,70.68,1,0.21,384.48,3.4,25000,0,732.38
TXN-100065,2024-01-03 17:00:00,UK,Books,707.77,9,0.2,545.62,4.0,5000,0,5564.41
TXN-100066,2024-01-03 18:00:00,USA,Automotive,484.59,14,0.18,563.87,3.8,25000,0,6578.07
TXN-100067,2024-01-03 19:00:00,Canada,Home & Kitchen,575.14,4,0.12,401.55,3.8,5000,1,2768.56
TXN-100068,2024-01-03 20:00:00,USA,Home & Kitchen,602.08,5,0.11,126.59,4.6,10000,0,3201.17
TXN-100069,2024-01-03 21:00:00,Australia,Electronics,258.39,7,0.17,746.67,4.3,15000,0,2446.89
TXN-100070,2024-01-03 22:00:00,France,Health & Beauty,407.76,2,0.02,485.88,4.9,15000,0,1477.2
TXN-100071,2024-01-03 23:00:00,USA,Electronics,813.47,8,0.26,113.17,4.5,10000,0,5200.03
TXN-100072,2024-01-04 00:00:00,USA,Apparel,655.2,11,0.25,652.52,2.9,25000,0,6398.01
TXN-100073,2024-01-04 01:00:00,Canada,Apparel,824.58,2,0.1,656.61,4.3,2500,0,2073.92
TXN-100074,2024-01-04 02:00:00,France,Home & Kitchen,638.12,11,0.17,447.57,4.2,25000,0,6706.43
TXN-100075,2024-01-04 03:00:00,France,Health & Beauty,161.63,10,0.28,97.46,4.1,5000,0,1479.8
TXN-100076,2024-01-04 04:00:00,France,Automotive,68.89,5,0.08,267.43,3.7,2500,0,576.06
TXN-100077,2024-01-04 05:00:00,USA,Health & Beauty,497.35,13,0.22,76.13,2.7,10000,0,5525.16
TXN-100078,2024-01-04 06:00:00,UK,Apparel,313.77,12,0.02,374.66,4.9,15000,0,4541.15
TXN-100079,2024-01-04 07:00:00,USA,Automotive,245.01,2,0.16,1234.61,4.6,15000,0,1563.56
TXN-100080,2024-01-04 08:00:00,Canada,Health & Beauty,689.02,2,0.27,51.13,3.7,25000,1,1997.71
TXN-100081,2024-01-04 09:00:00,Germany,Health & Beauty,321.44,4,0.17,205.06,2.9,15000,0,1637.15
TXN-100082,2024-01-04 10:00:00,USA,Automotive,279.7,4,0.18,854.37,4.6,25000,0,2035.36
TXN-100083,2024-01-04 11:00:00,USA,Apparel,724.74,13,0.27,54.95,3.6,5000,0,7023.5
TXN-100084,2024-01-04 12:00:00,USA,Health & Beauty,721.65,8,0.21,55.11,3.5,5000,0,4805.06
TXN-100085,2024-01-04 13:00:00,USA,Automotive,312.57,13,0.21,521.85,4.2,10000,0,3899.51
TXN-100086,2024-01-04 14:00:00,France,Books,710.14,6,0.18,828.42,4.4,5000,0,4096.92
TXN-100087,2024-01-04 15:00:00,Germany,Books,725.4,10,0.19,799.18,2.7,25000,0,6869.31
TXN-100088,2024-01-04 16:00:00,Japan,Apparel,368.98,8,0.24,806.11,4.4,15000,1,3446.7
TXN-100089,2024-01-04 17:00:00,UK,Automotive,70.51,13,0.29,273.93,4.3,5000,0,1161.41
TXN-100090,2024-01-04 18:00:00,USA,Books,16.32,7,0.24,1121.61,4.0,5000,0,946.52
TXN-100091,2024-01-04 19:00:00,France,Automotive,451.95,13,0.21,56.46,3.3,25000,1,5588.13
TXN-100092,2024-01-04 20:00:00,France,Health & Beauty,302.3,10,0.04,237.12,2.9,5000,0,3303.11
TXN-100093,2024-01-04 21:00:00,Germany,Apparel,847.61,4,0.25,255.63,2.8,15000,0,3064.55
TXN-100094,2024-01-04 22:00:00,France,Books,659.96,2,0.22,140.5,2.5,15000,0,1641.51
TXN-100095,2024-01-04 23:00:00,UK,Health & Beauty,650.67,9,0.23,254.91,3.0,15000,0,4931.59
TXN-100096,2024-01-05 00:00:00,UK,Electronics,812.63,2,0.07,490.8,3.5,15000,0,2195.29
TXN-100097,2024-01-05 01:00:00,UK,Electronics,756.25,1,0.27,417.28,3.1,2500,0,891.65
TXN-100098,2024-01-05 02:00:00,USA,Apparel,280.69,8,0.03,242.41,3.3,15000,0,2790.33
TXN-100099,2024-01-05 03:00:00,USA,Books,153.6,10,0.08,741.8,3.5,2500,0,1927.27
TXN-100100,2024-01-05 04:00:00,USA,Books,637.82,9,0.2,677.27,3.3,15000,0,5539.03
TXN-100101,2024-01-05 05:00:00,Germany,Books,330.86,1,0.2,214.74,4.3,15000,1,1178.08
TXN-100102,2024-01-05 06:00:00,USA,Automotive,410.1,7,0.09,245.21,3.7,25000,0,3309.29
TXN-100103,2024-01-05 07:00:00,UK,Health & Beauty,541.38,2,0.21,219.5,2.5,15000,0,1153.37
TXN-100104,2024-01-05 08:00:00,Japan,Books,773.07,6,0.12,118.97,3.1,5000,0,4283.81
TXN-100105,2024-01-05 09:00:00,USA,Health & Beauty,364.94,13,0.0,748.74,4.3,15000,0,5619.57
TXN-100106,2024-01-05 10:00:00,UK,Apparel,669.07,11,0.05,73.69,3.3,10000,0,7352.38
TXN-100107,2024-01-05 11:00:00,France,Books,239.06,5,0.26,131.6,4.8,25000,1,1863.84
TXN-100108,2024-01-05 12:00:00,USA,Apparel,597.81,1,0.07,105.64,4.3,25000,0,1239.13
TXN-100109,2024-01-05 13:00:00,USA,Books,16.32,2,0.03,922.45,3.2,15000,0,957.15
TXN-100110,2024-01-05 14:00:00,USA,Electronics,742.71,2,0.2,72.5,3.8,10000,0,1565.47
TXN-100111,2024-01-05 15:00:00,USA,,40.37,10,0.13,,4.2,15000,0,1073.73
TXN-100112,2024-01-05 16:00:00,Japan,Apparel,610.15,10,0.24,72.75,3.0,5000,0,4984.44
TXN-100113,2024-01-05 17:00:00,Canada,Books,53.63,6,0.26,821.93,3.1,25000,0,1372.45
TXN-100114,2024-01-05 18:00:00,Germany,Home & Kitchen,237.32,11,0.25,1269.28,3.8,25000,0,3110.96
TXN-100115,2024-01-05 19:00:00,Canada,Apparel,430.16,12,0.09,383.59,4.8,10000,0,5380.21
TXN-100116,2024-01-05 20:00:00,Canada,Automotive,365.65,1,0.15,866.2,3.4,2500,0,894.75
TXN-100117,2024-01-05 21:00:00,USA,Books,175.18,11,0.2,662.79,3.5,10000,0,2270.79
TXN-100118,2024-01-05 22:00:00,Japan,Automotive,293.74,13,0.1,843.92,3.0,5000,1,4353.97
TXN-100119,2024-01-05 23:00:00,UK,Electronics,622.63,4,0.01,777.88,4.0,10000,1,3447.26
TXN-100120,2024-01-06 00:00:00,Canada,Books,573.83,12,0.15,164.94,4.4,2500,0,6180.28
TXN-100121,2024-01-06 01:00:00,Japan,Electronics,74.97,10,0.0,396.13,3.6,5000,0,1243.42
TXN-100122,2024-01-06 02:00:00,USA,Home & Kitchen,639.01,11,0.29,,4.4,5000,0,5950.04
TXN-100123,2024-01-06 03:00:00,USA,Apparel,59.29,5,0.24,260.44,3.3,2500,1,699.58
TXN-100124,2024-01-06 04:00:00,USA,Health & Beauty,468.34,2,0.06,,4.3,15000,1,2605.61
TXN-100125,2024-01-06 05:00:00,UK,Electronics,232.15,2,0.09,487.53,3.1,10000,1,1324.82
TXN-100126,2024-01-06 06:00:00,Canada,Health & Beauty,505.72,7,0.29,359.59,4.5,5000,0,3057.14
TXN-100127,2024-01-06 07:00:00,Canada,Health & Beauty,233.21,7,0.11,586.12,4.6,10000,0,2111.16
TXN-100128,2024-01-06 08:00:00,USA,Apparel,837.44,6,0.24,895.97,4.5,2500,0,4343.3
TXN-100129,2024-01-06 09:00:00,UK,Home & Kitchen,273.62,1,0.13,300.61,3.0,25000,0,965.91
TXN-100130,2024-01-06 10:00:00,UK,Apparel,217.04,12,0.26,66.75,4.2,2500,0,2229.16
TXN-100131,2024-01-06 11:00:00,USA,Books,247.52,13,0.21,666.88,3.8,10000,0,3305.19
TXN-100132,2024-01-06 12:00:00,USA,Electronics,763.55,12,0.01,1613.68,,5000,0,10156.4
TXN-100133,2024-01-06 13:00:00,USA,Health & Beauty,546.24,3,0.09,540.4,3.4,10000,0,2123.92
TXN-100134,2024-01-06 14:00:00,Japan,Apparel,625.12,9,0.17,154.38,4.4,25000,0,5423.4
TXN-100135,2024-01-06 15:00:00,USA,Apparel,781.54,10,0.28,192.67,3.4,5000,1,6268.77
TXN-100136,2024-01-06 16:00:00,UK,Apparel,776.41,1,0.03,1252.59,3.5,25000,0,1901.56
TXN-100137,2024-01-06 17:00:00,France,Electronics,632.02,2,0.18,56.83,2.8,15000,1,1748.03
TXN-100138,2024-01-06 18:00:00,UK,Home & Kitchen,180.18,8,0.09,447.86,3.1,2500,1,1934.4
TXN-100139,2024-01-06 19:00:00,Australia,Apparel,719.22,7,0.27,136.39,2.9,15000,0,4282.72
TXN-100140,2024-01-06 20:00:00,Australia,Electronics,185.15,9,0.23,216.18,2.9,10000,0,1482.42
TXN-100141,2024-01-06 21:00:00,USA,Health & Beauty,635.32,10,0.11,233.35,2.5,15000,0,6159.72
TXN-100142,2024-01-06 22:00:00,UK,Books,587.48,12,0.05,173.77,4.5,2500,0,7047.91
TXN-100143,2024-01-06 23:00:00,USA,Automotive,648.67,12,0.0,835.96,3.7,5000,0,8278.44
TXN-100144,2024-01-07 00:00:00,USA,Electronics,459.79,4,0.19,251.89,4.5,25000,1,2614.81
TXN-100145,2024-01-07 01:00:00,USA,Automotive,548.34,4,0.12,261.93,4.0,5000,0,2317.5
TXN-100146,2024-01-07 02:00:00,Germany,Apparel,811.02,7,0.09,351.66,4.6,15000,0,5755.13
TXN-100147,2024-01-07 03:00:00,UK,Apparel,99.41,1,0.3,1212.9,3.8,10000,1,1317.87
TXN-100148,2024-01-07 04:00:00,USA,Electronics,272.89,10,0.14,632.65,2.7,15000,0,2993.54
TXN-100149,2024-01-07 05:00:00,USA,Automotive,525.48,12,0.22,81.87,4.0,2500,0,5250.02
TXN-100150,2024-01-07 06:00:00,Japan,Apparel,819.99,9,0.05,70.03,4.2,2500,0,7296.36
TXN-100151,2024-01-07 07:00:00,USA,Health & Beauty,94.8,2,0.0,467.8,4.1,10000,0,751.81
TXN-100152,2024-01-07 08:00:00,USA,Home & Kitchen,33.83,1,0.13,1140.45,4.5,5000,0,764.39
TXN-100153,2024-01-07 09:00:00,UK,Home & Kitchen,61.55,7,0.2,245.23,4.3,2500,0,641.45
TXN-100154,2024-01-07 10:00:00,Australia,Apparel,58.76,6,0.15,192.36,3.6,2500,0,668.62
TXN-100155,2024-01-07 11:00:00,USA,Automotive,773.03,12,0.27,739.54,4.5,10000,0,7599.28
TXN-100156,2024-01-07 12:00:00,Germany,Books,617.25,3,0.13,510.77,4.2,5000,0,2185.46
TXN-100157,2024-01-07 13:00:00,France,Apparel,580.38,1,0.09,466.24,2.8,15000,0,1161.62
TXN-100158,2024-01-07 14:00:00,USA,Books,451.35,12,0.27,130.85,3.8,25000,0,4739.14
TXN-100159,2024-01-07 15:00:00,France,Books,667.93,5,0.12,146.77,4.3,10000,0,3423.75
TXN-100160,2024-01-07 16:00:00,UK,Automotive,144.97,10,0.08,215.5,3.9,5000,0,1658.04
TXN-100161,2024-01-07 17:00:00,Germany,Books,342.27,14,0.03,165.86,4.9,25000,0,5369.89
TXN-100162,2024-01-07 18:00:00,Germany,Health & Beauty,424.15,4,0.24,1827.96,2.8,10000,0,2412.91
TXN-100163,2024-01-07 19:00:00,UK,Automotive,107.19,5,0.25,59.39,4.3,15000,0,871.42
TXN-100164,2024-01-07 20:00:00,USA,Apparel,365.29,1,0.01,541.83,4.6,15000,1,1372.85
TXN-100165,2024-01-07 21:00:00,Canada,Health & Beauty,279.28,1,0.11,,4.3,5000,0,857.08
TXN-100166,2024-01-07 22:00:00,USA,Electronics,44.71,5,0.22,245.23,3.5,5000,0,564.61
TXN-100167,2024-01-07 23:00:00,USA,Home & Kitchen,129.17,6,0.28,1142.8,3.5,15000,0,1647.31
TXN-100168,2024-01-08 00:00:00,USA,Apparel,652.97,5,0.11,604.58,4.0,15000,1,3907.82
TXN-100169,2024-01-08 01:00:00,Germany,Apparel,30.06,2,0.26,3254.81,3.5,10000,0,1853.23
TXN-100170,2024-01-08 02:00:00,Germany,Apparel,795.1,9,0.12,142.36,4.7,5000,0,6551.55
TXN-100171,2024-01-08 03:00:00,USA,Health & Beauty,87.16,5,0.05,95.99,2.8,25000,0,1134.39
TXN-100172,2024-01-08 04:00:00,UK,Electronics,682.36,11,0.0,125.06,4.1,15000,0,7994.25
TXN-100173,2024-01-08 05:00:00,USA,,765.34,11,0.1,206.87,2.8,25000,0,8227.11
TXN-100174,2024-01-08 06:00:00,Germany,Electronics,800.85,5,0.11,319.6,3.9,5000,1,4152.05
TXN-100175,2024-01-08 07:00:00,USA,Health & Beauty,739.34,10,0.28,1042.44,4.3,5000,0,6114.16
TXN-100176,2024-01-08 08:00:00,Germany,Apparel,255.1,9,0.06,216.75,2.9,2500,0,2389.95
TXN-100177,2024-01-08 09:00:00,UK,Home & Kitchen,293.13,3,0.11,1283.99,4.3,15000,0,1985.69
TXN-100178,2024-01-08 10:00:00,Japan,Apparel,371.17,5,0.01,360.79,2.8,5000,0,2315.17
TXN-100179,2024-01-08 11:00:00,USA,Automotive,131.31,13,0.23,570.74,4.1,5000,0,1813.01
TXN-100180,2024-01-08 12:00:00,USA,Books,33.6,12,0.27,203.54,3.8,15000,0,667.0
TXN-100181,2024-01-08 13:00:00,USA,Home & Kitchen,740.72,5,0.07,134.81,3.2,2500,0,3708.48
TXN-100182,2024-01-08 14:00:00,Japan,Apparel,477.7,2,0.13,1068.03,2.8,2500,1,1713.01
TXN-100183,2024-01-08 15:00:00,Canada,Home & Kitchen,523.28,11,0.04,107.99,4.3,2500,0,5889.13
TXN-100184,2024-01-08 16:00:00,USA,Books,789.04,4,0.14,793.66,3.5,2500,0,3280.02
TXN-100185,2024-01-08 17:00:00,Germany,Electronics,570.38,11,0.04,484.92,,10000,0,6655.0
TXN-100186,2024-01-08 18:00:00,Canada,Health & Beauty,591.86,11,0.16,1037.14,4.4,15000,1,6722.96
TXN-100187,2024-01-08 19:00:00,Germany,Apparel,672.12,2,0.22,682.6,3.1,15000,0,1693.04
TXN-100188,2024-01-08 20:00:00,UK,Automotive,112.15,5,0.17,215.41,4.3,15000,0,996.1
TXN-100189,2024-01-08 21:00:00,USA,Electronics,315.74,10,0.07,477.16,3.9,2500,0,3340.25
TXN-100190,2024-01-08 22:00:00,USA,Apparel,823.45,13,0.11,56.58,3.0,2500,0,9724.3
TXN-100191,2024-01-08 23:00:00,Japan,Electronics,785.65,12,0.19,372.39,2.7,5000,0,8004.02
TXN-100192,2024-01-09 00:00:00,Japan,Automotive,753.2,2,0.18,94.97,4.0,10000,0,1715.46
TXN-100193,2024-01-09 01:00:00,Germany,Apparel,392.49,10,0.04,330.13,2.6,15000,0,4373.69
TXN-100194,2024-01-09 02:00:00,USA,Books,730.76,14,0.25,108.05,2.7,10000,0,8009.41
TXN-100195,2024-01-09 03:00:00,USA,Books,55.41,9,0.14,1605.91,4.3,15000,1,1948.05
TXN-100196,2024-01-09 04:00:00,France,Automotive,139.01,10,0.05,420.19,3.8,2500,0,1636.99
TXN-100197,2024-01-09 05:00:00,Japan,Home & Kitchen,360.66,6,0.04,1272.18,3.3,2500,0,2904.31
TXN-100198,2024-01-09 06:00:00,Japan,Automotive,418.63,8,0.29,61.31,3.8,15000,1,3195.92
TXN-100199,2024-01-09 07:00:00,France,Home & Kitchen,235.03,9,0.08,557.58,4.0,25000,0,2899.0
TXN-100200,2024-01-09 08:00:00,Germany,Apparel,312.66,13,0.27,,3.9,2500,0,3339.7
TXN-100201,2024-01-09 09:00:00,USA,Home & Kitchen,150.92,8,0.12,,4.1,5000,0,1549.25
TXN-100202,2024-01-09 10:00:00,USA,Apparel,423.43,5,0.12,1082.13,4.9,2500,1,2954.37
TXN-100203,2024-01-09 11:00:00,Japan,Apparel,677.86,5,0.21,2006.54,3.5,5000,0,3897.34
TXN-100204,2024-01-09 12:00:00,Germany,Health & Beauty,567.24,6,0.0,191.51,3.3,10000,1,4184.72
TXN-100205,2024-01-09 13:00:00,USA,Apparel,105.01,14,0.1,1530.7,2.6,2500,0,2053.11
TXN-100206,2024-01-09 14:00:00,USA,Home & Kitchen,422.13,1,0.09,633.54,2.9,2500,0,860.33
TXN-100207,2024-01-09 15:00:00,Germany,Health & Beauty,597.53,13,0.26,1562.21,2.8,10000,0,6773.56
TXN-100208,2024-01-09 16:00:00,USA,Health & Beauty,457.46,11,0.16,463.19,3.3,5000,0,4696.05
TXN-100209,2024-01-09 17:00:00,USA,Apparel,342.05,8,0.11,1668.98,4.0,25000,0,3938.51
TXN-100210,2024-01-09 18:00:00,UK,Automotive,534.3,2,0.08,1164.93,2.6,5000,1,1984.65
TXN-100211,2024-01-09 19:00:00,Germany,Automotive,823.81,6,0.18,118.82,4.3,15000,0,4607.2
TXN-100212,2024-01-09 20:00:00,Germany,Books,94.25,14,0.05,236.1,3.5,15000,0,1854.63
TXN-100213,2024-01-09 21:00:00,USA,Health & Beauty,340.66,14,0.07,189.24,4.9,15000,0,4920.52
TXN-100214,2024-01-09 22:00:00,France,Apparel,354.52,9,0.09,474.43,3.9,10000,0,3616.99
TXN-100215,2024-01-09 23:00:00,USA,Automotive,496.77,13,0.18,861.77,4.4,5000,0,5972.98
TXN-100216,2024-01-10 00:00:00,USA,Apparel,142.07,3,0.11,762.33,4.7,2500,1,1352.04
TXN-100217,2024-01-10 01:00:00,France,Apparel,162.5,2,0.15,698.68,4.7,15000,0,1033.79
TXN-100218,2024-01-10 02:00:00,Germany,Health & Beauty,253.28,10,0.2,285.21,3.8,5000,0,2352.6
TXN-100219,2024-01-10 03:00:00,Canada,Books,813.15,5,0.29,125.2,3.5,2500,1,3382.32
TXN-100220,2024-01-10 04:00:00,Germany,Health & Beauty,627.98,11,0.23,168.23,3.9,5000,0,5673.06
TXN-100221,2024-01-10 05:00:00,Germany,Electronics,567.51,9,0.12,726.77,3.5,10000,1,5388.61
TXN-100222,2024-01-10 06:00:00,USA,Automotive,697.16,6,0.22,129.81,3.1,15000,1,3946.26
TXN-100223,2024-01-10 07:00:00,UK,Automotive,121.53,14,0.28,176.12,3.3,25000,0,1982.42
TXN-100224,2024-01-10 08:00:00,USA,Automotive,732.54,8,0.15,326.3,3.1,15000,0,5683.59
TXN-100225,2024-01-10 09:00:00,USA,Home & Kitchen,511.69,8,0.12,87.42,3.2,15000,1,4468.37
TXN-100226,2024-01-10 10:00:00,Australia,Apparel,295.0,7,0.02,169.57,,10000,0,2398.04
TXN-100227,2024-01-10 11:00:00,UK,Health & Beauty,696.24,5,0.27,131.12,3.6,2500,0,2725.93
TXN-100228,2024-01-10 12:00:00,Japan,Automotive,685.14,2,0.07,1561.26,3.1,15000,0,2395.4
TXN-100229,2024-01-10 13:00:00,Germany,Electronics,721.17,14,0.02,156.3,3.6,2500,0,10313.71
TXN-100230,2024-01-10 14:00:00,France,Automotive,111.46,10,0.16,1039.42,4.5,2500,0,1738.8
TXN-100231,2024-01-10 15:00:00,UK,Books,824.42,10,0.25,110.97,3.6,10000,1,6875.94
TXN-100232,2024-01-10 16:00:00,Germany,Apparel,816.29,5,0.12,1068.85,4.9,15000,1,4805.8
TXN-100233,2024-01-10 17:00:00,UK,Apparel,313.49,12,0.23,507.44,2.9,10000,1,3778.45
TXN-100234,2024-01-10 18:00:00,USA,Health & Beauty,70.02,7,0.25,997.58,4.6,10000,0,1404.53
TXN-100235,2024-01-10 19:00:00,France,Home & Kitchen,154.49,12,0.14,1060.02,3.1,25000,0,2699.43
TXN-100236,2024-01-10 20:00:00,USA,Health & Beauty,844.01,12,0.18,503.63,4.8,10000,0,8790.07
TXN-100237,2024-01-10 21:00:00,USA,Automotive,485.12,7,0.16,1298.66,3.1,25000,0,3994.31
TXN-100238,2024-01-10 22:00:00,Germany,Books,312.78,11,0.28,490.28,4.4,2500,0,2950.84
TXN-100239,2024-01-10 23:00:00,USA,Electronics,255.65,13,0.22,673.38,2.7,2500,0,3054.36
TXN-100240,2024-01-11 00:00:00,Japan,Health & Beauty,229.59,2,0.28,319.0,4.1,5000,1,1117.5
TXN-100241,2024-01-11 01:00:00,Australia,Home & Kitchen,569.57,7,0.07,1277.1,3.0,5000,0,4470.27
TXN-100242,2024-01-11 02:00:00,Japan,Health & Beauty,365.19,6,0.09,919.1,4.2,2500,0,2632.58
TXN-100243,2024-01-11 03:00:00,UK,Apparel,821.12,7,0.02,141.19,4.1,15000,0,6129.12
TXN-100244,2024-01-11 04:00:00,USA,Automotive,586.01,11,0.15,479.47,4.8,5000,0,6073.27
TXN-100245,2024-01-11 05:00:00,Japan,Automotive,676.36,8,0.26,1185.68,4.1,10000,0,4853.27
TXN-100246,2024-01-11 06:00:00,UK,Automotive,259.44,4,0.1,837.67,3.5,5000,0,1549.65
TXN-100247,2024-01-11 07:00:00,Australia,Automotive,81.12,1,0.04,1692.41,3.0,2500,0,902.58
TXN-100248,2024-01-11 08:00:00,Australia,Automotive,422.33,8,0.02,181.53,4.1,15000,1,4084.97
TXN-100249,2024-01-11 09:00:00,Canada,Automotive,277.68,8,0.13,279.01,2.8,2500,0,2367.23
TXN-100250,2024-01-11 10:00:00,USA,Electronics,183.74,3,0.05,403.82,4.6,15000,0,1354.45
TXN-100251,2024-01-11 11:00:00,UK,Home & Kitchen,810.46,3,0.1,182.42,3.1,5000,0,2563.74
TXN-100252,2024-01-11 12:00:00,Canada,Automotive,385.73,5,0.25,300.47,3.8,10000,0,1987.99
TXN-100253,2024-01-11 13:00:00,USA,Home & Kitchen,160.88,14,0.12,435.6,4.0,10000,0,2507.72
TXN-100254,2024-01-11 14:00:00,USA,Books,180.87,3,0.18,156.19,3.4,2500,0,734.15
TXN-100255,2024-01-11 15:00:00,Germany,Automotive,249.39,14,0.15,198.32,4.2,15000,0,3559.24
TXN-100256,2024-01-11 16:00:00,Japan,Health & Beauty,849.43,5,0.22,116.68,3.1,5000,0,3606.17
TXN-100257,2024-01-11 17:00:00,Germany,Automotive,238.79,8,0.05,674.8,2.6,15000,0,2599.99
TXN-100258,2024-01-11 18:00:00,Germany,Apparel,289.55,1,0.28,274.36,4.9,15000,0,776.96
TXN-100259,2024-01-11 19:00:00,USA,Electronics,565.54,2,0.19,174.4,3.3,15000,0,1648.12
TXN-100260,2024-01-11 20:00:00,Germany,Health & Beauty,260.46,2,0.08,403.95,4.3,5000,0,1084.51
TXN-100261,2024-01-11 21:00:00,Australia,Health & Beauty,195.2,12,0.04,85.34,3.8,15000,1,2943.15
TXN-100262,2024-01-11 22:00:00,USA,Apparel,147.46,4,0.04,1334.62,4.2,10000,0,1564.43
TXN-100263,2024-01-11 23:00:00,UK,Automotive,276.09,9,0.23,224.4,2.8,2500,0,2142.38
TXN-100264,2024-01-12 00:00:00,Canada,Electronics,103.44,2,0.18,1137.82,3.8,25000,0,1403.55
TXN-100265,2024-01-12 01:00:00,France,Health & Beauty,30.57,12,0.11,394.2,,15000,1,1204.24
TXN-100266,2024-01-12 02:00:00,Germany,Electronics,686.88,14,0.1,999.06,3.6,10000,0,9315.73
TXN-100267,2024-01-12 03:00:00,France,Health & Beauty,130.14,11,0.26,191.89,4.9,10000,0,1492.51
TXN-100268,2024-01-12 04:00:00,UK,Automotive,662.94,13,0.26,146.35,2.8,2500,0,6725.46
TXN-100269,2024-01-12 05:00:00,USA,Books,680.95,12,0.17,996.6,4.4,2500,0,7461.22
TXN-100270,2024-01-12 06:00:00,Canada,Health & Beauty,464.16,9,0.16,169.72,3.3,25000,0,4215.68
TXN-100271,2024-01-12 07:00:00,Canada,Books,273.58,7,0.24,735.6,3.2,25000,1,2734.0
TXN-100272,2024-01-12 08:00:00,Canada,Health & Beauty,136.1,10,0.22,261.24,3.2,25000,0,1898.33
TXN-100273,2024-01-12 09:00:00,Japan,Home & Kitchen,630.23,8,0.12,739.55,3.4,5000,1,5265.49
TXN-100274,2024-01-12 10:00:00,UK,Automotive,517.16,1,0.02,1241.06,3.4,5000,0,1145.01
TXN-100275,2024-01-12 11:00:00,UK,Apparel,562.3,13,0.23,2048.75,3.2,10000,0,6830.32
TXN-100276,2024-01-12 12:00:00,France,Books,22.24,5,0.05,272.99,4.2,2500,1,545.97
TXN-100277,2024-01-12 13:00:00,Germany,Apparel,789.48,9,0.0,279.06,2.6,15000,0,7535.93
TXN-100278,2024-01-12 14:00:00,France,Automotive,70.35,12,0.25,2041.97,3.3,2500,0,1756.7
TXN-100279,2024-01-12 15:00:00,France,Apparel,321.28,4,0.17,1038.54,3.2,5000,1,2031.69
TXN-100280,2024-01-12 16:00:00,Japan,Automotive,351.26,2,0.27,73.07,4.4,10000,1,1295.75
TXN-100281,2024-01-12 17:00:00,USA,Apparel,16.13,6,0.15,476.01,2.9,15000,1,974.35
TXN-100282,2024-01-12 18:00:00,UK,Books,430.07,2,0.28,149.99,4.9,25000,1,1587.05
TXN-100283,2024-01-12 19:00:00,USA,Home & Kitchen,643.6,3,0.11,2609.04,2.9,25000,0,3619.21
TXN-100284,2024-01-12 20:00:00,Germany,Apparel,702.43,14,0.22,124.79,3.4,5000,0,8119.78
TXN-100285,2024-01-12 21:00:00,USA,Books,749.3,8,0.09,459.75,3.0,10000,0,6070.12
TXN-100286,2024-01-12 22:00:00,UK,Health & Beauty,422.25,3,0.0,597.11,3.2,2500,1,1974.07
TXN-100287,2024-01-12 23:00:00,UK,Automotive,541.58,2,0.11,1432.82,4.4,5000,0,1882.14
TXN-100288,2024-01-13 00:00:00,USA,Electronics,81.4,6,0.22,989.5,3.7,2500,0,947.4
TXN-100289,2024-01-13 01:00:00,Germany,Electronics,422.51,14,0.05,191.02,2.9,15000,0,6072.63
TXN-100290,2024-01-13 02:00:00,USA,Automotive,144.27,3,0.15,475.05,2.6,2500,0,712.79
TXN-100291,2024-01-13 03:00:00,USA,Home & Kitchen,323.65,1,0.06,1584.95,3.1,15000,0,1351.02
TXN-100292,2024-01-13 04:00:00,Canada,Apparel,289.97,12,0.02,715.37,4.9,10000,0,4125.67
TXN-100293,2024-01-13 05:00:00,UK,Home & Kitchen,368.66,14,0.19,632.92,4.6,5000,0,4749.89
TXN-100294,2024-01-13 06:00:00,USA,Electronics,492.32,14,0.29,753.05,3.6,2500,0,5546.48
TXN-100295,2024-01-13 07:00:00,UK,Books,768.9,3,0.09,244.68,3.7,10000,0,2446.18
TXN-100296,2024-01-13 08:00:00,France,Automotive,344.39,6,0.17,,4.7,10000,0,2456.83
TXN-100297,2024-01-13 09:00:00,USA,Automotive,834.24,3,0.29,182.54,4.0,2500,0,1980.2
TXN-100298,2024-01-13 10:00:00,Germany,Home & Kitchen,648.79,9,0.2,329.4,4.7,25000,0,5374.54
TXN-100299,2024-01-13 11:00:00,USA,Books,442.09,7,0.2,1153.31,3.7,25000,0,3621.65
TXN-100300,2024-01-13 12:00:00,USA,Home & Kitchen,552.76,14,0.05,59.58,3.0,15000,0,7815.03
TXN-100301,2024-01-13 13:00:00,UK,Apparel,100.36,5,0.15,317.49,4.3,10000,0,1064.68
TXN-100302,2024-01-13 14:00:00,UK,Health & Beauty,720.18,2,0.11,205.18,3.8,5000,0,1623.71
TXN-100303,2024-01-13 15:00:00,Germany,Books,501.27,9,0.14,160.69,4.2,5000,1,4448.06
TXN-100304,2024-01-13 16:00:00,France,Health & Beauty,838.37,5,0.24,,2.9,10000,0,3892.99
TXN-100305,2024-01-13 17:00:00,Australia,Apparel,546.42,7,0.14,646.18,4.1,25000,1,4473.33
TXN-100306,2024-01-13 18:00:00,UK,Health & Beauty,711.48,9,0.02,109.75,3.5,10000,0,6400.4
TXN-100307,2024-01-13 19:00:00,USA,Electronics,682.8,4,0.27,391.07,3.3,15000,0,2552.71
TXN-100308,2024-01-13 20:00:00,France,Health & Beauty,303.46,9,0.16,364.53,4.2,10000,0,2911.32
TXN-100309,2024-01-13 21:00:00,USA,Apparel,231.77,1,0.28,126.88,4.0,2500,0,257.68
TXN-100310,2024-01-13 22:00:00,UK,Health & Beauty,374.46,12,0.17,854.13,4.1,25000,0,4765.27
TXN-100311,2024-01-13 23:00:00,USA,Automotive,405.15,6,0.02,278.38,4.9,2500,0,2754.96
TXN-100312,2024-01-14 00:00:00,USA,Home & Kitchen,215.47,2,0.17,767.61,4.3,2500,0,1003.92
TXN-100313,2024-01-14 01:00:00,Australia,Electronics,761.99,8,0.17,156.64,4.1,10000,0,5523.94
TXN-100314,2024-01-14 02:00:00,Canada,Automotive,468.03,5,0.06,239.22,4.0,10000,0,2721.13
TXN-100315,2024-01-14 03:00:00,Germany,Automotive,832.0,3,0.14,100.0,3.5,5000,0,2389.38
TXN-100316,2024-01-14 04:00:00,UK,Apparel,691.36,2,0.14,127.44,4.6,2500,0,1362.82
TXN-100317,2024-01-14 05:00:00,USA,Home & Kitchen,479.01,8,0.19,1123.58,3.5,10000,0,3924.69
TXN-100318,2024-01-14 06:00:00,USA,Home & Kitchen,805.78,7,0.08,107.77,4.3,5000,1,5769.81
TXN-100319,2024-01-14 07:00:00,USA,Books,436.57,9,0.17,100.31,3.2,2500,0,3592.95
TXN-100320,2024-01-14 08:00:00,UK,Electronics,755.73,8,0.07,1459.86,2.9,5000,0,6395.85
TXN-100321,2024-01-14 09:00:00,France,Apparel,314.05,11,0.13,569.09,2.8,25000,0,4054.65
TXN-100322,2024-01-14 10:00:00,Germany,Electronics,331.17,4,0.04,103.19,4.1,15000,0,1816.43
TXN-100323,2024-01-14 11:00:00,USA,Books,364.14,2,0.01,1832.74,3.3,2500,0,1683.34
TXN-100324,2024-01-14 12:00:00,Australia,Health & Beauty,471.43,14,0.1,129.56,3.2,10000,0,6277.27
TXN-100325,2024-01-14 13:00:00,France,Automotive,477.16,13,0.08,776.96,4.0,25000,0,6723.69
TXN-100326,2024-01-14 14:00:00,Germany,Electronics,429.49,2,0.12,67.74,2.6,5000,1,1247.97
TXN-100327,2024-01-14 15:00:00,Germany,Automotive,270.51,2,0.29,539.8,3.1,15000,0,1067.59
TXN-100328,2024-01-14 16:00:00,UK,Apparel,789.22,14,0.16,445.6,3.4,2500,0,9735.75
TXN-100329,2024-01-14 17:00:00,USA,Health & Beauty,506.47,11,0.17,166.6,4.3,15000,1,5389.65
TXN-100330,2024-01-14 18:00:00,UK,Apparel,355.46,12,0.28,565.21,3.9,25000,0,4009.53
TXN-100331,2024-01-14 19:00:00,France,Health & Beauty,558.73,6,0.28,529.93,4.6,15000,1,3382.38
TXN-100332,2024-01-14 20:00:00,USA,Health & Beauty,656.25,7,0.27,850.62,3.3,2500,0,4066.45
TXN-100333,2024-01-14 21:00:00,USA,Automotive,817.21,12,0.03,1093.23,3.2,25000,0,10503.64
TXN-100334,2024-01-14 22:00:00,USA,Apparel,432.12,6,0.19,406.78,2.6,5000,0,2671.77
TXN-100335,2024-01-14 23:00:00,USA,Apparel,108.6,2,0.24,386.96,4.9,2500,0,539.02
TXN-100336,2024-01-15 00:00:00,Canada,Electronics,383.04,4,0.25,535.9,3.8,15000,1,2024.43
TXN-100337,2024-01-15 01:00:00,France,Apparel,414.94,3,0.17,703.2,3.8,2500,0,1546.95
TXN-100338,2024-01-15 02:00:00,UK,Electronics,763.99,11,0.01,270.16,4.8,25000,0,9174.71
TXN-100339,2024-01-15 03:00:00,USA,Home & Kitchen,344.66,13,0.29,401.24,3.2,15000,0,3776.71
TXN-100340,2024-01-15 04:00:00,UK,Home & Kitchen,811.03,4,0.14,489.86,3.3,5000,0,3306.68
TXN-100341,2024-01-15 05:00:00,UK,Home & Kitchen,420.09,5,0.12,2277.43,4.1,10000,0,3221.78
TXN-100342,2024-01-15 06:00:00,USA,Books,828.11,7,0.12,493.02,,5000,0,5574.02
TXN-100343,2024-01-15 07:00:00,UK,Apparel,21.85,14,0.13,176.92,4.2,2500,1,760.78
TXN-100344,2024-01-15 08:00:00,UK,Books,765.51,9,0.07,493.35,4.5,10000,0,7132.66
TXN-100345,2024-01-15 09:00:00,Germany,Apparel,792.49,11,0.1,906.01,3.9,25000,0,8959.61
TXN-100346,2024-01-15 10:00:00,Germany,Electronics,817.45,2,0.3,1023.87,4.7,15000,0,2024.12
TXN-100347,2024-01-15 11:00:00,USA,Books,25.92,8,0.11,855.35,3.9,15000,1,1258.77
TXN-100348,2024-01-15 12:00:00,UK,Books,158.37,3,0.16,1145.56,3.1,25000,0,1448.19
TXN-100349,2024-01-15 13:00:00,Germany,Books,560.89,9,0.25,253.81,3.9,2500,0,4343.78
TXN-100350,2024-01-15 14:00:00,UK,Health & Beauty,36.27,10,0.16,404.2,4.3,5000,0,794.71
TXN-100351,2024-01-15 15:00:00,Canada,Electronics,68.11,12,0.1,806.14,4.1,10000,0,1323.67
TXN-100352,2024-01-15 16:00:00,Germany,Home & Kitchen,199.6,4,0.16,203.57,3.1,25000,0,1292.97
TXN-100353,2024-01-15 17:00:00,USA,Electronics,442.89,3,0.03,282.27,2.6,2500,0,1482.8
TXN-100354,2024-01-15 18:00:00,USA,Health & Beauty,470.83,10,0.04,939.39,3.1,2500,0,5155.61
TXN-100355,2024-01-15 19:00:00,Germany,Apparel,43.61,6,0.21,785.02,5.0,10000,0,849.14
TXN-100356,2024-01-15 20:00:00,USA,Electronics,157.26,10,0.28,1823.68,3.0,25000,0,2478.68
TXN-100357,2024-01-15 21:00:00,Germany,Books,432.25,13,0.22,2807.5,3.7,5000,0,5892.79
TXN-100358,2024-01-15 22:00:00,Japan,Home & Kitchen,510.94,9,0.02,187.71,4.1,5000,1,5118.83
TXN-100359,2024-01-15 23:00:00,Germany,Home & Kitchen,138.92,7,0.12,1203.55,4.7,25000,0,2064.51
TXN-100360,2024-01-16 00:00:00,UK,Apparel,348.03,4,0.0,99.64,4.4,15000,0,1901.74
TXN-100361,2024-01-16 01:00:00,Germany,Electronics,770.18,3,0.15,668.59,4.8,5000,0,2466.02
TXN-100362,2024-01-16 02:00:00,UK,Health & Beauty,849.08,10,0.06,174.29,4.0,15000,0,8575.47
TXN-100363,2024-01-16 03:00:00,UK,Apparel,839.32,4,0.26,228.56,4.7,25000,1,3388.61
TXN-100364,2024-01-16 04:00:00,Japan,Electronics,751.2,3,0.03,1512.37,3.2,2500,0,3047.4
TXN-100365,2024-01-16 05:00:00,UK,Automotive,344.54,12,0.0,202.69,3.6,25000,0,5030.13
TXN-100366,2024-01-16 06:00:00,Australia,Home & Kitchen,588.29,3,0.14,609.17,4.6,2500,0,2019.63
TXN-100367,2024-01-16 07:00:00,Japan,Health & Beauty,362.85,12,0.05,148.09,3.3,25000,0,4739.71
TXN-100368,2024-01-16 08:00:00,USA,Books,556.52,14,0.22,99.02,4.7,15000,0,6623.92
TXN-100369,2024-01-16 09:00:00,USA,Health & Beauty,273.38,13,0.28,257.24,3.4,15000,0,3102.94
TXN-100370,2024-01-16 10:00:00,USA,Books,521.18,9,0.01,539.34,3.4,25000,0,5554.17
TXN-100371,2024-01-16 11:00:00,USA,Health & Beauty,452.34,4,0.12,192.47,3.3,2500,1,2140.81
TXN-100372,2024-01-16 12:00:00,USA,Home & Kitchen,35.44,9,0.3,228.46,3.9,25000,0,1078.56
TXN-100373,2024-01-16 13:00:00,Germany,Books,675.24,12,0.22,666.75,2.8,2500,0,6756.12
TXN-100374,2024-01-16 14:00:00,USA,Electronics,24.93,10,0.29,104.24,2.6,15000,0,574.05
TXN-100375,2024-01-16 15:00:00,USA,Books,259.79,5,0.05,346.11,4.7,10000,0,1736.41
TXN-100376,2024-01-16 16:00:00,Canada,Apparel,19.95,7,0.07,1471.37,4.8,5000,0,1055.46
TXN-100377,2024-01-16 17:00:00,USA,Electronics,329.13,14,0.05,302.9,2.7,15000,0,4958.16
TXN-100378,2024-01-16 18:00:00,Canada,Apparel,67.74,5,0.09,334.76,3.9,25000,0,1023.64
TXN-100379,2024-01-16 19:00:00,USA,Health & Beauty,777.78,1,0.22,720.1,3.8,25000,0,1526.09
TXN-100380,2024-01-16 20:00:00,USA,Electronics,362.09,2,0.05,804.82,3.4,2500,0,1257.16
TXN-100381,2024-01-16 21:00:00,Germany,Health & Beauty,398.68,11,0.16,783.98,3.9,5000,0,4408.48
TXN-100382,2024-01-16 22:00:00,Germany,Automotive,307.12,5,0.08,3125.12,3.6,15000,0,3210.3
TXN-100383,2024-01-16 23:00:00,Canada,,538.97,6,0.25,,3.7,5000,0,2758.98
TXN-100384,2024-01-17 00:00:00,France,Health & Beauty,669.98,7,0.0,2065.78,4.4,5000,0,5900.78
TXN-100385,2024-01-17 01:00:00,Canada,Apparel,556.2,2,0.07,1549.77,3.8,15000,0,2243.22
TXN-100386,2024-01-17 02:00:00,USA,Books,639.75,10,0.18,1005.74,3.3,2500,0,5901.79
TXN-100387,2024-01-17 03:00:00,USA,Automotive,771.49,9,0.03,352.68,4.0,2500,1,7375.98
TXN-100388,2024-01-17 04:00:00,France,Health & Beauty,736.06,6,0.14,1073.59,4.1,2500,0,4719.89
TXN-100389,2024-01-17 05:00:00,Canada,Health & Beauty,577.84,2,0.13,174.76,4.2,10000,1,1957.47
TXN-100390,2024-01-17 06:00:00,Australia,Automotive,194.22,2,0.26,834.28,4.0,5000,0,921.83
TXN-100391,2024-01-17 07:00:00,UK,Automotive,547.48,3,0.19,152.43,4.2,10000,0,1714.57
TXN-100392,2024-01-17 08:00:00,UK,Electronics,437.58,1,0.19,894.68,3.3,2500,0,974.91
TXN-100393,2024-01-17 09:00:00,France,Apparel,613.88,9,0.29,526.64,3.6,15000,0,4670.0
TXN-100394,2024-01-17 10:00:00,USA,Automotive,710.5,14,0.29,101.59,4.2,5000,0,7502.74
TXN-100395,2024-01-17 11:00:00,Japan,Automotive,635.17,10,0.2,1178.42,4.4,15000,0,5930.05
TXN-100396,2024-01-17 12:00:00,Canada,Home & Kitchen,721.88,11,0.16,481.32,3.6,25000,0,7515.91
TXN-100397,2024-01-17 13:00:00,UK,Books,68.33,4,0.18,583.92,3.4,5000,0,699.25
TXN-100398,2024-01-17 14:00:00,France,Automotive,41.4,5,0.11,216.7,4.3,15000,0,710.68
TXN-100399,2024-01-17 15:00:00,France,Apparel,230.85,7,0.3,1076.44,3.1,2500,0,1685.31
TXN-100400,2024-01-17 16:00:00,USA,,767.06,1,0.21,443.95,2.5,10000,0,1100.29
TXN-100401,2024-01-17 17:00:00,Japan,Books,702.76,3,0.09,323.33,3.7,15000,0,2586.9
TXN-100402,2024-01-17 18:00:00,UK,Health & Beauty,585.08,14,0.02,432.09,2.9,25000,0,8752.67
TXN-100403,2024-01-17 19:00:00,Canada,Health & Beauty,600.13,3,0.01,657.54,3.4,2500,0,2288.3
TXN-100404,2024-01-17 20:00:00,USA,Health & Beauty,621.77,2,0.06,643.8,3.2,25000,1,2386.22
TXN-100405,2024-01-17 21:00:00,Japan,Health & Beauty,802.07,8,0.07,271.25,4.4,10000,0,6618.94
TXN-100406,2024-01-17 22:00:00,UK,Home & Kitchen,709.88,5,0.12,293.28,3.3,25000,1,4204.76
TXN-100407,2024-01-17 23:00:00,USA,Automotive,535.53,1,0.06,463.04,4.1,15000,0,1189.44
TXN-100408,2024-01-18 00:00:00,Japan,Health & Beauty,570.87,12,0.19,1341.2,4.2,15000,1,6916.31
TXN-100409,2024-01-18 01:00:00,USA,Electronics,193.47,2,0.06,734.09,3.6,2500,0,967.08
TXN-100410,2024-01-18 02:00:00,USA,Health & Beauty,563.86,1,0.06,297.49,2.7,10000,1,1245.07
TXN-100411,2024-01-18 03:00:00,Australia,Automotive,369.61,6,0.14,255.51,4.3,10000,0,2478.61
TXN-100412,2024-01-18 04:00:00,Australia,Health & Beauty,142.72,9,0.27,420.79,2.7,5000,0,1321.93
TXN-100413,2024-01-18 05:00:00,Germany,Home & Kitchen,688.35,11,0.14,1070.08,2.7,5000,0,7310.86
TXN-100414,2024-01-18 06:00:00,Germany,Apparel,441.06,7,0.12,54.36,3.0,15000,0,3135.62
TXN-100415,2024-01-18 07:00:00,UK,Apparel,831.15,5,0.17,669.78,3.2,25000,0,4339.81
TXN-100416,2024-01-18 08:00:00,USA,Automotive,250.2,12,0.08,224.43,4.6,25000,0,3532.75
TXN-100417,2024-01-18 09:00:00,USA,Apparel,416.36,13,0.11,166.85,4.2,2500,1,5303.73
TXN-100418,2024-01-18 10:00:00,Germany,Apparel,389.08,3,0.06,56.11,3.5,10000,0,1540.31
TXN-100419,2024-01-18 11:00:00,France,Electronics,115.85,12,0.17,1184.53,4.9,15000,0,2081.61
TXN-100420,2024-01-18 12:00:00,France,Automotive,370.81,12,0.21,1266.62,3.1,25000,0,4690.08
TXN-100421,2024-01-18 13:00:00,France,Automotive,255.11,8,0.2,81.69,4.0,5000,0,1975.42
TXN-100422,2024-01-18 14:00:00,USA,Apparel,148.87,10,0.08,418.88,4.6,15000,0,2066.07
TXN-100423,2024-01-18 15:00:00,UK,Apparel,250.6,4,0.23,132.78,4.5,2500,0,1080.74
TXN-100424,2024-01-18 16:00:00,USA,Apparel,209.77,9,0.08,760.83,2.7,15000,1,2739.36
TXN-100425,2024-01-18 17:00:00,UK,Books,627.95,5,0.05,597.4,4.2,25000,0,3953.75
TXN-100426,2024-01-18 18:00:00,UK,Home & Kitchen,40.7,14,0.1,226.29,3.1,2500,0,723.94
TXN-100427,2024-01-18 19:00:00,Japan,Health & Beauty,530.58,6,0.18,112.19,3.4,5000,0,2875.59
TXN-100428,2024-01-18 20:00:00,UK,Home & Kitchen,650.15,5,0.04,939.58,3.7,5000,0,3789.43
TXN-100429,2024-01-18 21:00:00,USA,Automotive,416.4,10,0.19,610.82,4.5,25000,0,4386.68
TXN-100430,2024-01-18 22:00:00,USA,Electronics,792.86,12,0.26,53.42,2.9,2500,0,7320.57
TXN-100431,2024-01-18 23:00:00,France,Health & Beauty,606.08,11,0.09,544.26,2.8,5000,0,6527.21
TXN-100432,2024-01-19 00:00:00,Germany,Electronics,639.52,7,0.14,881.15,2.9,2500,0,4485.67
TXN-100433,2024-01-19 01:00:00,USA,Books,179.44,7,0.07,496.74,3.0,15000,0,1833.86
TXN-100434,2024-01-19 02:00:00,USA,Automotive,664.04,1,0.11,326.44,2.6,10000,0,1049.24
TXN-100435,2024-01-19 03:00:00,France,Books,709.8,2,0.01,488.44,4.8,10000,0,2103.96
TXN-100436,2024-01-19 04:00:00,USA,Automotive,316.66,7,0.29,533.41,3.3,10000,0,2046.53
TXN-100437,2024-01-19 05:00:00,Canada,Electronics,193.16,8,0.12,560.87,2.9,5000,0,1878.11
TXN-100438,2024-01-19 06:00:00,France,Electronics,336.52,4,0.24,1756.31,4.1,25000,0,2443.01
TXN-100439,2024-01-19 07:00:00,USA,Electronics,632.57,6,0.04,148.4,4.5,10000,0,4195.97
TXN-100440,2024-01-19 08:00:00,USA,Automotive,363.73,11,0.24,537.88,4.4,25000,1,4178.2
TXN-100441,2024-01-19 09:00:00,Australia,Apparel,630.1,12,0.26,154.12,4.3,10000,0,6033.3
TXN-100442,2024-01-19 10:00:00,UK,Electronics,109.83,10,0.21,167.83,2.6,15000,0,1235.0
TXN-100443,2024-01-19 11:00:00,UK,Books,688.02,3,0.27,603.21,4.5,10000,0,2210.09
TXN-100444,2024-01-19 12:00:00,Canada,Health & Beauty,226.43,7,0.05,1288.2,3.8,25000,1,2973.04
TXN-100445,2024-01-19 13:00:00,Japan,Automotive,222.86,11,0.14,136.61,4.1,5000,0,2411.25
TXN-100446,2024-01-19 14:00:00,Australia,Books,507.97,3,0.19,1691.25,4.9,15000,0,2518.12
TXN-100447,2024-01-19 15:00:00,France,Home & Kitchen,73.55,11,0.18,242.37,4.5,25000,0,1341.39
TXN-100448,2024-01-19 16:00:00,UK,Home & Kitchen,36.96,7,0.26,298.23,4.6,2500,0,527.2
TXN-100449,2024-01-19 17:00:00,USA,Health & Beauty,232.96,12,0.06,133.43,,10000,0,3007.93
TXN-100450,2024-01-19 18:00:00,France,Apparel,464.29,11,0.05,528.34,3.7,15000,1,5923.26
TXN-100451,2024-01-19 19:00:00,Germany,,772.86,12,0.08,503.69,4.9,5000,0,9094.21
TXN-100452,2024-01-19 20:00:00,UK,Automotive,721.77,11,0.27,341.94,4.0,2500,0,6211.37
TXN-100453,2024-01-19 21:00:00,Japan,Books,424.52,8,0.28,373.22,2.8,10000,0,2944.14
TXN-100454,2024-01-19 22:00:00,USA,Electronics,45.94,3,0.17,537.72,4.3,15000,0,1122.64
TXN-100455,2024-01-19 23:00:00,UK,Books,461.94,2,0.15,487.93,2.6,25000,1,1943.77
TXN-100456,2024-01-20 00:00:00,USA,Automotive,603.5,12,0.18,284.41,4.4,10000,1,6551.78
TXN-100457,2024-01-20 01:00:00,UK,Home & Kitchen,298.2,6,0.18,1127.58,,15000,0,2503.84
TXN-100458,2024-01-20 02:00:00,USA,Electronics,107.74,4,0.05,600.8,3.6,10000,0,1129.0
TXN-100459,2024-01-20 03:00:00,USA,Health & Beauty,247.6,8,0.21,164.96,3.5,15000,1,2230.5
TXN-100460,2024-01-20 04:00:00,USA,Apparel,659.28,13,0.14,242.76,3.3,25000,0,8136.89
TXN-100461,2024-01-20 05:00:00,Germany,Health & Beauty,308.29,14,0.16,825.3,4.7,10000,0,4365.33
TXN-100462,2024-01-20 06:00:00,France,Apparel,693.0,2,0.01,105.2,3.9,15000,1,2076.61
TXN-100463,2024-01-20 07:00:00,Germany,Books,281.8,4,0.23,743.61,3.9,2500,0,1534.95
TXN-100464,2024-01-20 08:00:00,Australia,Electronics,151.57,2,0.25,272.24,4.2,5000,0,585.81
TXN-100465,2024-01-20 09:00:00,UK,Electronics,378.93,14,0.19,451.14,3.3,15000,0,4896.27
TXN-100466,2024-01-20 10:00:00,USA,Apparel,392.65,2,0.22,214.64,3.6,15000,1,1349.02
TXN-100467,2024-01-20 11:00:00,Canada,Home & Kitchen,28.45,2,0.16,2200.93,4.4,15000,0,1449.15
TXN-100468,2024-01-20 12:00:00,USA,Automotive,112.73,1,0.19,1231.38,5.0,10000,0,1026.71
TXN-100469,2024-01-20 13:00:00,Australia,Health & Beauty,169.41,4,0.12,1368.68,2.6,5000,0,1381.55
TXN-100470,2024-01-20 14:00:00,USA,Books,109.85,2,0.24,152.15,2.6,10000,1,707.41
TXN-100471,2024-01-20 15:00:00,Australia,Health & Beauty,300.17,9,0.14,971.6,3.6,15000,0,3220.35
TXN-100472,2024-01-20 16:00:00,USA,Health & Beauty,820.46,9,0.2,433.29,4.1,15000,0,6384.41
TXN-100473,2024-01-20 17:00:00,Japan,Books,440.2,11,0.19,665.26,3.5,5000,0,4487.17
TXN-100474,2024-01-20 18:00:00,UK,Books,539.01,11,0.21,172.63,5.0,2500,0,5114.79
TXN-100475,2024-01-20 19:00:00,Australia,Electronics,312.58,7,0.24,672.37,3.0,10000,0,2258.03
TXN-100476,2024-01-20 20:00:00,USA,Health & Beauty,285.11,6,0.15,1278.26,2.5,2500,0,2220.11
TXN-100477,2024-01-20 21:00:00,Germany,Automotive,34.33,12,0.24,205.63,3.0,15000,0,820.42
TXN-100478,2024-01-20 22:00:00,Australia,Automotive,432.78,3,0.15,182.87,4.7,15000,0,1885.53
TXN-100479,2024-01-20 23:00:00,UK,Apparel,418.81,14,0.29,105.14,2.9,25000,0,4918.64
TXN-100480,2024-01-21 00:00:00,Germany,Books,146.79,12,0.23,205.17,3.7,25000,0,2045.85
TXN-100481,2024-01-21 01:00:00,Germany,Electronics,653.21,14,0.05,433.71,3.5,2500,0,9193.69
TXN-100482,2024-01-21 02:00:00,UK,Automotive,426.38,7,0.25,944.03,4.2,25000,0,3545.2
TXN-100483,2024-01-21 03:00:00,Germany,Home & Kitchen,298.06,1,0.17,213.42,2.6,5000,0,543.11
TXN-100484,2024-01-21 04:00:00,Germany,Electronics,137.67,9,0.3,535.3,4.1,2500,0,1381.65
TXN-100485,2024-01-21 05:00:00,Japan,Electronics,476.05,4,0.22,376.57,3.4,25000,0,2388.76
TXN-100486,2024-01-21 06:00:00,USA,Automotive,643.6,6,0.03,220.25,4.8,25000,0,4471.31
TXN-100487,2024-01-21 07:00:00,USA,Home & Kitchen,250.47,6,0.12,407.04,4.6,5000,0,1665.91
TXN-100488,2024-01-21 08:00:00,Australia,Apparel,197.69,11,0.16,141.94,3.5,5000,0,2160.79
TXN-100489,2024-01-21 09:00:00,Japan,Automotive,450.82,3,0.25,560.24,5.0,2500,0,1475.67
TXN-100490,2024-01-21 10:00:00,UK,Home & Kitchen,144.71,4,0.22,111.46,2.6,10000,0,801.19
TXN-100491,2024-01-21 11:00:00,Germany,Electronics,571.62,13,0.11,706.49,4.5,5000,0,7316.05
TXN-100492,2024-01-21 12:00:00,USA,Home & Kitchen,520.46,11,0.2,147.83,3.6,25000,0,5353.77
TXN-100493,2024-01-21 13:00:00,USA,Electronics,87.71,10,0.17,3198.76,3.6,2500,0,2424.09
TXN-100494,2024-01-21 14:00:00,UK,Automotive,45.49,3,0.04,917.71,2.9,10000,0,864.19
TXN-100495,2024-01-21 15:00:00,UK,Books,532.94,13,0.07,260.68,3.8,2500,0,6730.0
TXN-100496,2024-01-21 16:00:00,Germany,Automotive,260.74,6,0.1,327.74,2.7,25000,1,2370.28
TXN-100497,2024-01-21 17:00:00,USA,Health & Beauty,87.18,1,0.06,200.01,4.0,10000,0,691.45
TXN-100498,2024-01-21 18:00:00,Australia,Health & Beauty,649.12,8,0.05,778.6,3.1,10000,0,5803.67
TXN-100499,2024-01-21 19:00:00,Australia,Health & Beauty,277.23,8,0.02,289.6,4.3,5000,0,2683.61
TXN-100500,2024-01-21 20:00:00,Germany,Automotive,398.77,9,0.26,753.63,4.0,15000,0,3452.47
TXN-100501,2024-01-21 21:00:00,UK,Apparel,212.74,6,0.09,59.29,4.4,25000,1,2047.21
TXN-100502,2024-01-21 22:00:00,USA,Automotive,538.81,1,0.09,122.87,4.4,15000,0,1261.3
TXN-100503,2024-01-21 23:00:00,Canada,Books,266.74,3,0.06,277.04,3.0,25000,0,1548.13
TXN-100504,2024-01-22 00:00:00,Germany,Home & Kitchen,823.3,1,0.14,,2.5,2500,0,953.53
TXN-100505,2024-01-22 01:00:00,USA,,601.96,13,0.15,509.56,3.4,15000,0,7286.15
TXN-100506,2024-01-22 02:00:00,Japan,Automotive,129.16,5,0.06,76.08,4.8,10000,0,1112.34
TXN-100507,2024-01-22 03:00:00,Canada,Electronics,362.94,3,0.18,1032.21,3.9,5000,0,1616.2
TXN-100508,2024-01-22 04:00:00,Japan,Electronics,336.83,14,0.22,766.29,4.3,25000,0,4632.08
TXN-100509,2024-01-22 05:00:00,France,Electronics,461.1,2,0.11,171.84,4.7,5000,0,1182.5
TXN-100510,2024-01-22 06:00:00,Germany,Automotive,718.01,3,0.18,380.62,4.8,25000,0,2685.82
TXN-100511,2024-01-22 07:00:00,UK,Apparel,502.16,9,0.15,350.57,,10000,0,4492.95
TXN-100512,2024-01-22 08:00:00,Japan,Home & Kitchen,66.4,11,0.06,695.25,3.9,10000,0,1248.96
TXN-100513,2024-01-22 09:00:00,Canada,Home & Kitchen,562.27,8,0.22,306.67,4.6,10000,0,3954.46
TXN-100514,2024-01-22 10:00:00,USA,Books,21.9,13,0.24,66.74,4.5,10000,0,614.78
TXN-100515,2024-01-22 11:00:00,USA,Apparel,666.27,3,0.19,209.92,4.2,10000,0,2027.62
TXN-100516,2024-01-22 12:00:00,UK,Apparel,571.64,11,0.1,363.86,4.0,5000,0,6103.17
TXN-100517,2024-01-22 13:00:00,Canada,Home & Kitchen,272.84,2,0.28,1884.39,4.0,2500,0,1431.52
TXN-100518,2024-01-22 14:00:00,Australia,Health & Beauty,259.19,5,0.14,1114.98,3.4,15000,0,2079.23
TXN-100519,2024-01-22 15:00:00,USA,Electronics,681.56,12,0.08,150.08,4.6,5000,0,7912.36
TXN-100520,2024-01-22 16:00:00,Germany,Electronics,669.09,12,0.12,692.37,4.0,15000,0,7748.85
TXN-100521,2024-01-22 17:00:00,UK,Home & Kitchen,309.17,13,0.21,1430.93,3.1,2500,0,3991.89
TXN-100522,2024-01-22 18:00:00,Australia,Apparel,264.62,12,0.25,54.42,3.1,25000,0,2981.67
TXN-100523,2024-01-22 19:00:00,Canada,Books,482.45,1,0.11,688.17,4.7,2500,0,1091.61
TXN-100524,2024-01-22 20:00:00,Canada,Health & Beauty,21.99,4,0.07,357.48,4.1,2500,0,422.8
TXN-100525,2024-01-22 21:00:00,UK,Home & Kitchen,84.03,8,0.19,620.09,3.5,25000,0,1441.45
TXN-100526,2024-01-22 22:00:00,UK,Electronics,120.35,1,0.28,515.18,3.0,15000,0,680.86
TXN-100527,2024-01-22 23:00:00,USA,Automotive,169.82,5,0.05,2138.82,4.0,10000,0,2146.72
TXN-100528,2024-01-23 00:00:00,USA,Apparel,442.54,12,0.24,220.41,3.0,25000,0,4757.98
TXN-100529,2024-01-23 01:00:00,Canada,Automotive,843.52,4,0.14,821.22,3.7,25000,0,4056.3
TXN-100530,2024-01-23 02:00:00,Canada,Books,559.93,6,0.24,183.7,4.2,2500,0,2872.52
TXN-100531,2024-01-23 03:00:00,Australia,Home & Kitchen,66.18,7,0.15,336.0,3.9,25000,0,1328.1
TXN-100532,2024-01-23 04:00:00,Australia,Electronics,453.86,9,0.11,1902.12,4.8,5000,0,4930.43
TXN-100533,2024-01-23 05:00:00,Germany,Health & Beauty,429.7,1,0.21,776.51,2.6,10000,0,977.59
TXN-100534,2024-01-23 06:00:00,France,Automotive,135.38,11,0.27,239.77,3.2,2500,0,1375.0
TXN-100535,2024-01-23 07:00:00,Japan,Health & Beauty,783.43,10,0.1,532.96,2.6,15000,0,7661.8
TXN-100536,2024-01-23 08:00:00,Canada,Books,383.04,4,0.14,75.48,3.0,15000,0,1688.41
TXN-100537,2024-01-23 09:00:00,USA,Electronics,845.46,6,0.07,204.89,2.8,15000,0,5424.55
TXN-100538,2024-01-23 10:00:00,UK,Automotive,365.76,10,0.06,683.62,4.3,15000,1,4443.79
TXN-100539,2024-01-23 11:00:00,USA,Books,522.64,7,0.23,472.09,3.4,15000,0,3410.33
TXN-100540,2024-01-23 12:00:00,Australia,Health & Beauty,102.48,7,0.06,367.13,4.8,2500,1,1270.66
TXN-100541,2024-01-23 13:00:00,Germany,Health & Beauty,394.28,8,0.24,637.01,2.6,5000,0,2850.85
TXN-100542,2024-01-23 14:00:00,USA,Automotive,214.37,14,0.13,304.13,4.1,5000,0,3008.1
TXN-100543,2024-01-23 15:00:00,Germany,Electronics,712.7,10,0.3,63.25,4.9,15000,0,5637.27
TXN-100544,2024-01-23 16:00:00,Germany,Health & Beauty,669.57,8,0.06,340.83,2.9,5000,0,5564.06
TXN-100545,2024-01-23 17:00:00,UK,Home & Kitchen,703.19,8,0.03,1212.05,3.6,10000,0,6197.66
TXN-100546,2024-01-23 18:00:00,USA,Books,619.21,8,0.02,1021.11,4.3,5000,0,5734.62
TXN-100547,2024-01-23 19:00:00,Germany,Automotive,710.29,12,0.25,312.97,4.1,25000,0,7352.16
TXN-100548,2024-01-23 20:00:00,UK,Apparel,182.69,8,0.13,61.24,3.9,15000,0,1724.99
TXN-100549,2024-01-23 21:00:00,France,Apparel,392.46,6,0.0,555.72,3.3,25000,1,3430.46
TXN-100550,2024-01-23 22:00:00,UK,Electronics,592.69,9,0.26,725.84,4.3,25000,0,5009.19
TXN-100551,2024-01-23 23:00:00,Canada,Home & Kitchen,547.22,3,0.26,224.24,4.1,15000,0,1749.18
TXN-100552,2024-01-24 00:00:00,Germany,Health & Beauty,613.16,6,0.24,373.77,2.9,2500,0,3264.54
TXN-100553,2024-01-24 01:00:00,Germany,Apparel,202.26,5,0.07,2455.29,4.9,5000,0,2405.16
TXN-100554,2024-01-24 02:00:00,Canada,Electronics,97.19,8,0.11,479.42,3.9,10000,0,1222.88
TXN-100555,2024-01-24 03:00:00,UK,Books,780.53,4,0.22,266.22,3.8,2500,0,2799.44
TXN-100556,2024-01-24 04:00:00,USA,Home & Kitchen,482.74,4,0.15,543.74,4.6,10000,0,2298.62
TXN-100557,2024-01-24 05:00:00,USA,Home & Kitchen,143.44,13,0.05,149.24,4.1,15000,0,2169.52
TXN-100558,2024-01-24 06:00:00,France,Electronics,677.52,10,0.07,161.1,2.7,5000,0,6515.97
TXN-100559,2024-01-24 07:00:00,Germany,Electronics,778.97,11,0.29,1344.63,3.8,2500,1,7107.22
TXN-100560,2024-01-24 08:00:00,France,Health & Beauty,156.59,10,0.05,186.69,4.5,15000,0,2104.47
TXN-100561,2024-01-24 09:00:00,USA,Electronics,697.54,13,0.22,236.1,4.2,2500,0,7463.61
TXN-100562,2024-01-24 10:00:00,USA,Health & Beauty,794.24,5,0.14,442.39,4.9,25000,1,4681.33
TXN-100563,2024-01-24 11:00:00,USA,Health & Beauty,798.53,11,0.22,,2.6,5000,0,7551.9
TXN-100564,2024-01-24 12:00:00,UK,Automotive,778.32,13,0.2,810.37,3.2,5000,0,8584.63
TXN-100565,2024-01-24 13:00:00,Germany,Home & Kitchen,471.26,13,0.13,72.39,3.9,15000,0,5770.26
TXN-100566,2024-01-24 14:00:00,UK,Books,312.44,6,0.11,640.5,4.0,15000,0,2380.17
TXN-100567,2024-01-24 15:00:00,UK,Home & Kitchen,21.07,11,0.23,400.65,3.2,15000,0,738.61
TXN-100568,2024-01-24 16:00:00,Japan,Home & Kitchen,65.86,4,0.1,372.71,4.6,5000,0,710.09
TXN-100569,2024-01-24 17:00:00,USA,Automotive,373.08,2,0.24,638.11,2.9,25000,0,1540.59
TXN-100570,2024-01-24 18:00:00,UK,Health & Beauty,348.44,12,0.2,159.22,2.5,5000,1,3846.22
TXN-100571,2024-01-24 19:00:00,France,Health & Beauty,169.24,12,0.17,2044.69,4.9,15000,0,3166.33
TXN-100572,2024-01-24 20:00:00,UK,Electronics,345.23,14,0.11,568.25,3.5,10000,0,4992.38
TXN-100573,2024-01-24 21:00:00,Germany,Automotive,160.83,2,0.06,277.58,4.9,25000,0,1146.93
TXN-100574,2024-01-24 22:00:00,Canada,Electronics,723.74,12,0.21,508.4,3.2,5000,0,7242.84
TXN-100575,2024-01-24 23:00:00,Japan,Automotive,263.99,3,0.03,171.97,2.7,10000,0,1144.77
TXN-100576,2024-01-25 00:00:00,USA,Electronics,514.8,2,0.29,552.34,4.4,25000,0,1759.2
TXN-100577,2024-01-25 01:00:00,Japan,Apparel,434.87,1,0.29,64.31,4.6,5000,0,695.12
TXN-100578,2024-01-25 02:00:00,UK,Home & Kitchen,58.32,14,0.04,258.65,3.7,15000,0,1281.33
TXN-100579,2024-01-25 03:00:00,USA,Home & Kitchen,801.77,8,0.03,738.21,2.7,5000,0,6869.63
TXN-100580,2024-01-25 04:00:00,UK,Books,455.23,12,0.12,875.07,4.1,25000,1,6109.06
TXN-100581,2024-01-25 05:00:00,Australia,Health & Beauty,286.42,5,0.29,195.79,3.0,15000,0,1454.08
TXN-100582,2024-01-25 06:00:00,UK,Books,147.04,10,0.12,437.62,4.6,2500,0,1745.33
TXN-100583,2024-01-25 07:00:00,USA,Apparel,297.67,1,0.11,425.91,3.2,10000,1,928.59
TXN-100584,2024-01-25 08:00:00,Germany,Books,32.13,13,0.21,323.62,,15000,0,1034.62
TXN-100585,2024-01-25 09:00:00,USA,Home & Kitchen,318.57,9,0.05,179.67,3.6,15000,0,3358.2
TXN-100586,2024-01-25 10:00:00,USA,Health & Beauty,458.79,8,0.11,657.4,4.0,25000,1,4412.31
TXN-100587,2024-01-25 11:00:00,USA,Apparel,743.01,4,0.09,195.42,4.5,25000,0,3481.53
TXN-100588,2024-01-25 12:00:00,USA,Home & Kitchen,588.96,8,0.18,1259.7,2.6,10000,0,4817.17
TXN-100589,2024-01-25 13:00:00,USA,Electronics,108.17,13,0.05,425.92,4.6,25000,0,2128.09
TXN-100590,2024-01-25 14:00:00,USA,Automotive,138.37,12,0.16,1071.95,2.8,15000,0,2205.44
TXN-100591,2024-01-25 15:00:00,Germany,Apparel,372.48,13,0.26,221.77,3.4,10000,0,4017.09
TXN-100592,2024-01-25 16:00:00,USA,Health & Beauty,178.42,10,0.15,872.74,3.7,10000,0,2253.49
TXN-100593,2024-01-25 17:00:00,USA,Books,38.25,7,0.21,110.33,4.7,5000,0,576.58
TXN-100594,2024-01-25 18:00:00,Japan,Books,687.19,11,0.02,777.99,2.6,15000,1,8416.6
TXN-100595,2024-01-25 19:00:00,UK,Apparel,31.3,11,0.13,294.65,3.9,15000,0,801.25
TXN-100596,2024-01-25 20:00:00,Germany,Health & Beauty,708.63,7,0.03,367.43,4.1,25000,0,5532.24
TXN-100597,2024-01-25 21:00:00,USA,Apparel,135.33,1,0.18,141.25,3.3,15000,0,517.58
TXN-100598,2024-01-25 22:00:00,USA,Health & Beauty,828.86,6,0.08,59.4,3.2,25000,0,5286.27
TXN-100599,2024-01-25 23:00:00,USA,Books,519.23,13,0.09,,3.7,15000,0,6954.45
TXN-100600,2024-01-26 00:00:00,USA,Home & Kitchen,628.71,4,0.02,493.02,3.0,5000,0,2914.28
TXN-100601,2024-01-26 01:00:00,USA,Electronics,107.25,14,0.09,537.0,3.7,15000,0,2131.36
TXN-100602,2024-01-26 02:00:00,USA,Home & Kitchen,734.86,10,0.15,197.19,4.4,5000,0,6584.39
TXN-100603,2024-01-26 03:00:00,USA,Electronics,715.73,10,0.18,186.74,4.6,15000,0,6430.65
TXN-100604,2024-01-26 04:00:00,USA,Books,560.25,10,0.02,936.85,,15000,0,6443.47
TXN-100605,2024-01-26 05:00:00,UK,Home & Kitchen,434.4,11,0.2,766.17,4.0,2500,0,4434.71
TXN-100606,2024-01-26 06:00:00,USA,Home & Kitchen,617.44,12,0.15,255.33,2.5,15000,1,7089.41
TXN-100607,2024-01-26 07:00:00,UK,Apparel,19.95,2,0.16,557.79,3.9,5000,0,548.23
TXN-100608,2024-01-26 08:00:00,UK,Automotive,509.69,10,0.25,930.57,4.9,10000,0,4569.28
TXN-100609,2024-01-26 09:00:00,Germany,Books,722.58,7,0.1,1148.34,3.3,5000,0,5324.35
TXN-100610,2024-01-26 10:00:00,USA,Health & Beauty,313.01,9,0.05,52.91,4.0,15000,0,3204.84
TXN-100611,2024-01-26 11:00:00,France,Books,105.42,13,0.17,889.56,4.4,25000,0,2412.43
TXN-100612,2024-01-26 12:00:00,Germany,Health & Beauty,366.43,5,0.28,265.69,4.0,2500,1,1912.39
TXN-100613,2024-01-26 13:00:00,USA,Health & Beauty,622.13,8,0.16,683.6,3.5,25000,0,5116.26
TXN-100614,2024-01-26 14:00:00,Canada,Electronics,104.6,5,0.25,282.13,2.9,2500,0,722.26
TXN-100615,2024-01-26 15:00:00,Japan,Health & Beauty,187.05,14,0.23,516.02,3.7,2500,1,2830.97
TXN-100616,2024-01-26 16:00:00,USA,Health & Beauty,138.21,7,0.16,570.34,3.2,25000,0,1741.49
TXN-100617,2024-01-26 17:00:00,USA,Apparel,680.45,7,0.19,309.59,4.2,15000,0,4472.14
TXN-100618,2024-01-26 18:00:00,Canada,Home & Kitchen,67.52,9,0.12,409.53,3.6,5000,0,918.24
TXN-100619,2024-01-26 19:00:00,France,Books,588.3,3,0.16,697.89,4.6,25000,0,2436.96
TXN-100620,2024-01-26 20:00:00,USA,Books,320.99,14,0.15,373.42,3.0,10000,0,4385.31
TXN-100621,2024-01-26 21:00:00,USA,Health & Beauty,646.09,1,0.21,57.04,3.5,2500,0,720.56
TXN-100622,2024-01-26 22:00:00,UK,Automotive,820.26,2,0.12,56.49,3.9,5000,0,1905.14
TXN-100623,2024-01-26 23:00:00,UK,Books,110.65,12,0.03,591.34,2.8,10000,1,2136.79
TXN-100624,2024-01-27 00:00:00,Germany,Health & Beauty,277.51,6,0.24,989.44,4.0,5000,0,2029.74
TXN-100625,2024-01-27 01:00:00,UK,Electronics,691.45,14,0.21,819.2,3.2,15000,0,8415.74
TXN-100626,2024-01-27 02:00:00,UK,Electronics,237.24,10,0.29,,3.1,10000,0,2064.23
TXN-100627,2024-01-27 03:00:00,France,Electronics,194.63,10,0.13,368.5,2.9,25000,1,2800.71
TXN-100628,2024-01-27 04:00:00,USA,Health & Beauty,704.19,12,0.02,183.39,3.4,5000,0,8712.45
TXN-100629,2024-01-27 05:00:00,USA,Apparel,839.21,13,0.04,2311.79,4.8,25000,0,12150.14
TXN-100630,2024-01-27 06:00:00,France,Automotive,480.0,14,0.23,200.89,2.6,25000,0,5823.0
TXN-100631,2024-01-27 07:00:00,Japan,Health & Beauty,247.17,9,0.02,319.15,4.6,5000,0,2577.95
TXN-100632,2024-01-27 08:00:00,UK,Apparel,347.8,3,0.27,621.48,3.5,5000,0,1352.98
TXN-100633,2024-01-27 09:00:00,UK,Apparel,157.06,10,0.08,1093.81,3.9,2500,0,2191.61
TXN-100634,2024-01-27 10:00:00,USA,Books,651.18,2,0.27,76.42,,2500,0,1198.17
TXN-100635,2024-01-27 11:00:00,UK,Health & Beauty,660.85,11,0.23,229.07,4.8,10000,0,6054.09
TXN-100636,2024-01-27 12:00:00,UK,Health & Beauty,745.73,1,0.26,470.81,4.4,10000,0,1290.34
TXN-100637,2024-01-27 13:00:00,USA,Apparel,37.21,2,0.06,531.58,5.0,10000,1,1062.37
TXN-100638,2024-01-27 14:00:00,USA,Apparel,484.25,3,0.18,86.3,,2500,1,1572.96
TXN-100639,2024-01-27 15:00:00,UK,Apparel,193.9,7,0.03,595.44,3.2,25000,0,2297.07
TXN-100640,2024-01-27 16:00:00,USA,Books,299.64,2,0.06,425.46,4.9,15000,0,1252.19
TXN-100641,2024-01-27 17:00:00,USA,Health & Beauty,670.44,13,0.09,929.05,5.0,15000,0,8826.26
TXN-100642,2024-01-27 18:00:00,USA,Apparel,175.35,5,0.22,175.64,2.8,5000,0,1050.2
TXN-100643,2024-01-27 19:00:00,USA,Electronics,548.02,2,0.01,158.47,4.8,2500,0,1450.47
TXN-100644,2024-01-27 20:00:00,USA,Health & Beauty,561.56,7,0.27,838.33,4.2,5000,0,3542.94
TXN-100645,2024-01-27 21:00:00,Japan,Books,811.67,10,0.02,658.48,4.8,15000,1,8944.74
TXN-100646,2024-01-27 22:00:00,Germany,Electronics,662.26,8,0.11,834.32,4.8,5000,0,5487.91
TXN-100647,2024-01-27 23:00:00,Germany,Home & Kitchen,686.04,8,0.02,811.48,,2500,0,5906.31
TXN-100648,2024-01-28 00:00:00,France,Health & Beauty,458.89,13,0.23,,4.7,2500,0,4964.13
TXN-100649,2024-01-28 01:00:00,UK,Home & Kitchen,170.96,8,0.04,213.27,2.8,2500,0,1592.12
TXN-100650,2024-01-28 02:00:00,USA,Apparel,370.35,10,0.27,200.61,2.9,15000,0,3221.47
TXN-100651,2024-01-28 03:00:00,UK,Books,473.82,9,0.16,1413.52,2.8,2500,0,4350.07
TXN-100652,2024-01-28 04:00:00,Germany,Apparel,581.48,1,0.28,384.19,2.7,10000,0,926.23
TXN-100653,2024-01-28 05:00:00,France,Books,522.44,12,0.09,108.86,3.4,10000,0,5996.98
TXN-100654,2024-01-28 06:00:00,UK,Automotive,343.97,1,0.14,220.95,4.2,2500,1,983.01
TXN-100655,2024-01-28 07:00:00,USA,Apparel,236.54,14,0.21,1077.48,3.4,10000,0,3421.76
TXN-100656,2024-01-28 08:00:00,USA,Home & Kitchen,155.47,14,0.25,988.88,4.3,2500,0,2265.75
TXN-100657,2024-01-28 09:00:00,UK,Books,594.36,14,0.13,1202.99,4.6,15000,0,8271.91
TXN-100658,2024-01-28 10:00:00,Germany,Apparel,553.91,10,0.27,295.94,4.2,10000,1,4785.83
TXN-100659,2024-01-28 11:00:00,Germany,Health & Beauty,588.96,2,0.04,562.69,3.7,15000,0,1949.99
TXN-100660,2024-01-28 12:00:00,UK,Books,326.06,11,0.21,212.99,3.2,10000,1,3384.64
TXN-100661,2024-01-28 13:00:00,Australia,Books,234.11,6,0.1,149.73,2.8,25000,0,1951.64
TXN-100662,2024-01-28 14:00:00,Germany,Apparel,649.37,14,0.03,61.07,3.7,25000,0,9639.05
TXN-100663,2024-01-28 15:00:00,USA,Automotive,661.0,1,0.12,176.44,4.3,15000,0,1160.04
TXN-100664,2024-01-28 16:00:00,USA,Apparel,395.44,5,0.26,513.64,3.9,10000,0,2084.84
TXN-100665,2024-01-28 17:00:00,USA,Home & Kitchen,525.94,5,0.29,1222.8,4.3,25000,0,3108.59
TXN-100666,2024-01-28 18:00:00,USA,Home & Kitchen,326.89,4,0.12,121.6,3.3,2500,1,1601.95
TXN-100667,2024-01-28 19:00:00,USA,Books,601.13,11,0.27,1300.59,2.7,5000,0,5677.05
TXN-100668,2024-01-28 20:00:00,USA,Books,712.83,5,0.15,261.85,4.4,25000,0,3830.03
TXN-100669,2024-01-28 21:00:00,USA,Apparel,589.67,12,0.22,328.29,3.0,25000,0,6313.3
TXN-100670,2024-01-28 22:00:00,USA,Home & Kitchen,443.01,1,0.01,277.05,4.0,2500,0,837.18
TXN-100671,2024-01-28 23:00:00,Japan,Home & Kitchen,397.98,11,0.17,312.64,4.5,25000,0,4512.1
TXN-100672,2024-01-29 00:00:00,USA,Automotive,551.34,11,0.02,200.01,2.8,25000,0,6667.2
TXN-100673,2024-01-29 01:00:00,UK,Health & Beauty,582.64,6,0.08,649.67,4.0,25000,0,4260.41
TXN-100674,2024-01-29 02:00:00,UK,Automotive,481.54,7,0.17,759.79,4.2,10000,0,3609.59
TXN-100675,2024-01-29 03:00:00,Australia,Electronics,536.83,8,0.24,916.12,4.4,25000,1,4686.96
TXN-100676,2024-01-29 04:00:00,USA,Automotive,95.65,2,0.17,258.74,2.9,5000,0,590.14
TXN-100677,2024-01-29 05:00:00,UK,Apparel,809.72,7,0.28,773.29,4.6,10000,1,5194.43
TXN-100678,2024-01-29 06:00:00,Australia,Health & Beauty,675.3,6,0.24,557.61,2.7,10000,0,3555.28
TXN-100679,2024-01-29 07:00:00,Canada,Apparel,327.23,9,0.05,1634.04,3.8,15000,0,4224.75
TXN-100680,2024-01-29 08:00:00,Canada,Electronics,484.95,8,0.12,326.51,3.6,25000,0,4235.5
TXN-100681,2024-01-29 09:00:00,USA,Health & Beauty,54.52,14,0.2,2483.9,3.1,5000,0,1948.43
TXN-100682,2024-01-29 10:00:00,USA,Books,49.43,11,0.28,724.3,3.3,5000,0,979.41
TXN-100683,2024-01-29 11:00:00,Germany,Home & Kitchen,224.42,14,0.3,798.67,2.9,15000,0,2871.16
TXN-100684,2024-01-29 12:00:00,Japan,Automotive,590.9,4,0.23,63.02,3.6,5000,0,2129.06
TXN-100685,2024-01-29 13:00:00,Germany,Apparel,726.54,14,0.17,393.98,2.6,10000,0,8873.24
TXN-100686,2024-01-29 14:00:00,Germany,Electronics,481.92,13,0.23,425.74,4.7,2500,0,5282.91
TXN-100687,2024-01-29 15:00:00,USA,Home & Kitchen,459.33,9,0.08,70.72,2.9,10000,0,4177.16
TXN-100688,2024-01-29 16:00:00,France,Automotive,350.93,1,0.09,237.08,4.7,2500,1,890.12
TXN-100689,2024-01-29 17:00:00,USA,Home & Kitchen,149.93,11,0.2,1607.76,4.7,5000,0,2210.08
TXN-100690,2024-01-29 18:00:00,USA,Automotive,113.83,6,0.26,327.66,3.6,25000,0,1336.75
TXN-100691,2024-01-29 19:00:00,UK,Books,650.17,8,0.29,153.33,3.7,2500,0,3978.38
TXN-100692,2024-01-29 20:00:00,UK,Health & Beauty,789.47,11,0.1,410.09,3.3,10000,0,8364.18
TXN-100693,2024-01-29 21:00:00,USA,Home & Kitchen,397.67,11,0.24,67.17,5.0,10000,1,3996.03
TXN-100694,2024-01-29 22:00:00,USA,Home & Kitchen,565.64,4,0.26,412.82,4.2,10000,1,2446.51
TXN-100695,2024-01-29 23:00:00,Germany,Home & Kitchen,778.57,2,0.19,,4.9,10000,1,2140.04
TXN-100696,2024-01-30 00:00:00,USA,Health & Beauty,90.24,11,0.1,271.35,3.5,15000,1,1734.12
TXN-100697,2024-01-30 01:00:00,Germany,Electronics,658.35,2,0.19,768.95,4.7,5000,1,2027.95
TXN-100698,2024-01-30 02:00:00,USA,Automotive,530.04,10,0.18,122.93,3.6,25000,0,4998.83
TXN-100699,2024-01-30 03:00:00,UK,Books,514.86,1,0.18,1102.62,4.7,15000,1,1743.16
TXN-100700,2024-01-30 04:00:00,UK,Home & Kitchen,259.27,5,0.19,1605.51,2.8,5000,0,2050.83
TXN-100701,2024-01-30 05:00:00,USA,Health & Beauty,586.05,13,0.25,50.62,4.1,2500,0,6012.92
TXN-100702,2024-01-30 06:00:00,USA,Electronics,678.66,6,0.05,974.87,4.2,15000,0,4942.47
TXN-100703,2024-01-30 07:00:00,USA,Automotive,109.24,4,0.11,402.72,4.1,15000,0,913.87
TXN-100704,2024-01-30 08:00:00,USA,Health & Beauty,460.49,4,0.18,359.4,3.6,15000,0,2290.19
TXN-100705,2024-01-30 09:00:00,Australia,Books,99.56,5,0.08,186.35,4.2,15000,0,978.54
TXN-100706,2024-01-30 10:00:00,USA,Books,743.6,14,0.29,346.49,3.1,2500,0,7756.13
TXN-100707,2024-01-30 11:00:00,Canada,Automotive,438.88,5,0.08,1552.16,4.0,10000,0,3100.84
TXN-100708,2024-01-30 12:00:00,USA,Home & Kitchen,689.65,14,0.14,168.36,3.9,15000,0,8747.59
TXN-100709,2024-01-30 13:00:00,Germany,Books,322.35,14,0.26,148.64,3.3,5000,1,3947.25
TXN-100710,2024-01-30 14:00:00,France,Electronics,119.44,14,0.02,188.47,4.4,10000,0,2190.63
TXN-100711,2024-01-30 15:00:00,Germany,Health & Beauty,49.65,14,0.25,451.3,2.7,2500,1,1179.69
TXN-100712,2024-01-30 16:00:00,UK,Electronics,250.06,9,0.17,1381.78,2.9,25000,0,3002.1
TXN-100713,2024-01-30 17:00:00,UK,Home & Kitchen,218.94,8,0.01,476.52,3.7,2500,1,2315.73
TXN-100714,2024-01-30 18:00:00,USA,Electronics,482.89,9,0.27,189.51,4.7,25000,0,3913.58
TXN-100715,2024-01-30 19:00:00,Japan,Electronics,33.15,13,0.01,340.31,3.9,5000,0,957.1
TXN-100716,2024-01-30 20:00:00,Canada,Apparel,449.68,14,0.15,297.48,4.6,25000,0,6199.75
TXN-100717,2024-01-30 21:00:00,Australia,Electronics,342.13,3,0.01,73.84,3.8,15000,0,1360.3
TXN-100718,2024-01-30 22:00:00,USA,Automotive,496.9,14,0.02,407.33,4.5,10000,1,7818.41
TXN-100719,2024-01-30 23:00:00,France,Health & Beauty,601.52,3,0.27,117.34,3.3,10000,0,1838.65
TXN-100720,2024-01-31 00:00:00,Japan,Apparel,544.47,1,0.23,,4.5,15000,1,1522.81
TXN-100721,2024-01-31 01:00:00,USA,Health & Beauty,837.18,14,0.06,448.1,3.5,10000,0,11543.69
TXN-100722,2024-01-31 02:00:00,USA,Health & Beauty,130.45,10,0.19,980.9,3.9,2500,0,1700.64
TXN-100723,2024-01-31 03:00:00,France,Home & Kitchen,373.83,13,0.24,1612.29,2.9,15000,0,4891.32
TXN-100724,2024-01-31 04:00:00,Germany,Home & Kitchen,369.73,6,0.27,,4.8,15000,0,2819.13
TXN-100725,2024-01-31 05:00:00,Canada,Apparel,363.24,4,0.14,102.92,4.3,10000,1,1884.86
TXN-100726,2024-01-31 06:00:00,USA,Books,569.27,11,0.27,1498.55,4.6,25000,0,6057.47
TXN-100727,2024-01-31 07:00:00,France,Home & Kitchen,424.01,14,0.15,844.2,3.0,5000,0,5800.13
TXN-100728,2024-01-31 08:00:00,USA,Home & Kitchen,447.06,8,0.21,801.77,2.7,25000,0,3803.76
TXN-100729,2024-01-31 09:00:00,USA,Home & Kitchen,376.02,2,0.29,97.23,3.3,2500,0,730.31
TXN-100730,2024-01-31 10:00:00,USA,Health & Beauty,843.07,11,0.07,148.93,3.8,15000,0,9290.23
TXN-100731,2024-01-31 11:00:00,Canada,Apparel,789.51,2,0.05,1897.72,4.5,15000,0,2680.99
TXN-100732,2024-01-31 12:00:00,Germany,Health & Beauty,271.95,7,0.1,170.0,3.5,2500,0,1925.74
TXN-100733,2024-01-31 13:00:00,UK,Automotive,108.18,13,0.05,,3.2,5000,1,1972.54
TXN-100734,2024-01-31 14:00:00,UK,,716.2,5,0.09,274.98,3.4,15000,0,3946.77
TXN-100735,2024-01-31 15:00:00,Canada,Automotive,847.64,13,0.22,1272.97,4.3,25000,0,9835.84
TXN-100736,2024-01-31 16:00:00,UK,Electronics,259.33,1,0.14,373.32,3.3,2500,0,771.94
TXN-100737,2024-01-31 17:00:00,Canada,Electronics,313.75,7,0.11,1316.53,4.9,15000,0,2872.03
TXN-100738,2024-01-31 18:00:00,UK,Automotive,801.26,7,0.11,253.49,,25000,0,5824.0
TXN-100739,2024-01-31 19:00:00,UK,Automotive,608.79,10,0.06,178.43,4.4,2500,0,6057.83
TXN-100740,2024-01-31 20:00:00,UK,Health & Beauty,261.86,6,0.13,391.8,4.0,2500,0,1734.29
TXN-100741,2024-01-31 21:00:00,USA,Automotive,500.17,4,0.19,527.88,3.1,2500,0,2117.82
TXN-100742,2024-01-31 22:00:00,France,Apparel,803.43,12,0.04,298.38,4.4,5000,0,9656.57
TXN-100743,2024-01-31 23:00:00,UK,Electronics,692.86,13,0.29,262.35,3.6,2500,0,6638.19
TXN-100744,2024-02-01 00:00:00,USA,Electronics,634.43,8,0.13,172.99,4.2,10000,0,4891.71
TXN-100745,2024-02-01 01:00:00,Japan,Books,630.39,12,0.28,210.8,4.2,10000,1,6176.09
TXN-100746,2024-02-01 02:00:00,UK,Automotive,163.65,11,0.04,609.08,2.8,2500,0,2115.79
TXN-100747,2024-02-01 03:00:00,UK,Home & Kitchen,703.61,2,0.23,280.92,4.6,15000,0,1671.12
TXN-100748,2024-02-01 04:00:00,Japan,Home & Kitchen,245.56,2,0.19,91.56,4.2,10000,0,794.97
TXN-100749,2024-02-01 05:00:00,Germany,Automotive,791.86,2,0.25,124.34,4.5,25000,1,2066.14
TXN-100750,2024-02-01 06:00:00,USA,Apparel,319.47,3,0.18,282.91,3.6,25000,1,1689.95
TXN-100751,2024-02-01 07:00:00,Japan,Home & Kitchen,731.15,6,0.29,1341.83,3.0,15000,0,4228.17
TXN-100752,2024-02-01 08:00:00,Germany,Books,237.3,1,0.19,288.24,3.3,25000,0,856.52
TXN-100753,2024-02-01 09:00:00,USA,Automotive,444.63,11,0.24,81.28,4.8,15000,0,4268.26
TXN-100754,2024-02-01 10:00:00,USA,Apparel,104.25,2,0.26,320.64,4.8,25000,1,1115.03
TXN-100755,2024-02-01 11:00:00,France,Apparel,566.2,10,0.21,602.54,3.7,2500,0,5081.11
TXN-100756,2024-02-01 12:00:00,Germany,Health & Beauty,713.13,2,0.16,500.2,3.2,25000,0,2045.57
TXN-100757,2024-02-01 13:00:00,UK,Apparel,614.9,14,0.08,213.42,4.3,2500,0,8348.87
TXN-100758,2024-02-01 14:00:00,Japan,Home & Kitchen,451.92,12,0.26,632.52,4.4,25000,0,5164.84
TXN-100759,2024-02-01 15:00:00,France,Home & Kitchen,52.67,1,0.14,,4.5,25000,0,891.28
TXN-100760,2024-02-01 16:00:00,USA,Automotive,794.42,3,0.19,144.48,2.6,25000,0,2558.0
TXN-100761,2024-02-01 17:00:00,USA,Automotive,604.08,10,0.02,138.46,2.5,2500,0,6214.55
TXN-100762,2024-02-01 18:00:00,USA,Apparel,637.8,7,0.15,446.13,3.4,25000,0,4598.04
TXN-100763,2024-02-01 19:00:00,France,Books,678.56,13,0.21,588.58,2.9,25000,0,7887.4
TXN-100764,2024-02-01 20:00:00,USA,Electronics,639.37,1,0.18,1683.91,4.5,5000,0,1592.75
TXN-100765,2024-02-01 21:00:00,Germany,Health & Beauty,383.33,7,0.13,324.03,3.8,2500,0,2513.86
TXN-100766,2024-02-01 22:00:00,France,Electronics,627.57,5,0.07,773.96,4.6,10000,1,3998.98
TXN-100767,2024-02-01 23:00:00,Canada,Apparel,536.9,9,0.09,111.94,2.9,15000,0,4867.11
TXN-100768,2024-02-02 00:00:00,USA,Apparel,728.1,2,0.21,1151.86,4.1,5000,0,1857.71
TXN-100769,2024-02-02 01:00:00,Canada,Electronics,685.05,1,0.07,551.34,4.0,25000,1,1938.95
TXN-100770,2024-02-02 02:00:00,USA,Health & Beauty,49.55,9,0.19,545.82,3.4,10000,0,903.61
TXN-100771,2024-02-02 03:00:00,Canada,Electronics,331.37,8,0.18,126.83,3.8,10000,0,2541.23
TXN-100772,2024-02-02 04:00:00,USA,Automotive,43.99,10,0.29,70.19,4.0,25000,0,879.85
TXN-100773,2024-02-02 05:00:00,UK,Home & Kitchen,100.23,6,0.02,654.41,4.7,25000,0,1642.94
TXN-100774,2024-02-02 06:00:00,France,Books,517.18,5,0.03,112.25,2.6,5000,0,2779.23
TXN-100775,2024-02-02 07:00:00,USA,Automotive,744.64,8,0.15,117.89,4.6,2500,0,5234.55
TXN-100776,2024-02-02 08:00:00,USA,Home & Kitchen,115.05,8,0.16,153.82,5.0,5000,1,1437.01
TXN-100777,2024-02-02 09:00:00,France,Books,391.66,14,0.01,101.43,4.3,2500,0,5783.75
TXN-100778,2024-02-02 10:00:00,France,Books,775.58,5,0.25,540.94,4.3,10000,0,3582.32
TXN-100779,2024-02-02 11:00:00,Germany,Books,694.94,12,0.15,324.09,3.0,15000,0,7775.21
TXN-100780,2024-02-02 12:00:00,Germany,Apparel,448.92,7,0.1,204.69,3.8,25000,0,3542.96
TXN-100781,2024-02-02 13:00:00,UK,Books,659.26,13,0.1,340.58,4.3,5000,0,8301.52
TXN-100782,2024-02-02 14:00:00,USA,Health & Beauty,451.45,13,0.26,979.4,4.0,10000,0,5163.97
TXN-100783,2024-02-02 15:00:00,USA,Electronics,147.01,1,0.06,1359.19,3.5,5000,0,1071.36
TXN-100784,2024-02-02 16:00:00,USA,Health & Beauty,119.15,4,0.05,384.2,4.9,2500,0,998.37
TXN-100785,2024-02-02 17:00:00,Japan,Electronics,172.29,2,0.06,468.22,3.8,25000,0,1417.57
TXN-100786,2024-02-02 18:00:00,Germany,Automotive,308.02,10,0.19,198.66,4.9,2500,0,2768.37
TXN-100787,2024-02-02 19:00:00,UK,Automotive,791.99,3,0.24,410.36,3.9,2500,0,2156.74
TXN-100788,2024-02-02 20:00:00,UK,Electronics,682.73,12,0.1,739.4,4.5,2500,0,7973.9
TXN-100789,2024-02-02 21:00:00,Japan,Health & Beauty,376.39,1,0.05,388.77,4.4,10000,0,900.85
TXN-100790,2024-02-02 22:00:00,USA,Electronics,426.72,11,0.06,229.82,4.2,25000,0,5140.56
TXN-100791,2024-02-02 23:00:00,Germany,Books,236.78,11,0.19,486.18,2.5,15000,0,2619.0
TXN-100792,2024-02-03 00:00:00,UK,Apparel,603.13,2,0.07,1515.5,2.7,5000,0,2035.37
TXN-100793,2024-02-03 01:00:00,Germany,Automotive,685.31,13,0.26,1144.56,4.0,2500,1,7651.37
TXN-100794,2024-02-03 02:00:00,USA,Apparel,214.49,1,0.03,783.19,4.8,25000,0,1304.67
TXN-100795,2024-02-03 03:00:00,Canada,Books,49.92,8,0.01,211.63,4.0,5000,1,890.21
TXN-100796,2024-02-03 04:00:00,Japan,Books,535.95,4,0.03,188.25,3.1,25000,0,2675.21
TXN-100797,2024-02-03 05:00:00,Germany,Automotive,484.7,3,0.25,961.74,3.3,5000,0,1776.75
TXN-100798,2024-02-03 06:00:00,Germany,Automotive,350.78,1,0.2,150.03,4.1,25000,0,1013.53
TXN-100799,2024-02-03 07:00:00,Japan,Books,552.65,2,0.29,515.21,4.0,15000,1,1721.18
TXN-100800,2024-02-03 08:00:00,France,Home & Kitchen,474.76,3,0.1,338.95,4.9,25000,0,2132.67
TXN-100801,2024-02-03 09:00:00,USA,Apparel,224.24,3,0.06,365.54,3.8,25000,0,1428.0
TXN-100802,2024-02-03 10:00:00,Germany,Apparel,347.1,6,0.17,353.07,3.4,2500,0,2102.35
TXN-100803,2024-02-03 11:00:00,Germany,Home & Kitchen,372.47,10,0.16,1201.04,3.8,2500,0,3978.31
TXN-100804,2024-02-03 12:00:00,UK,Health & Beauty,750.01,8,0.18,95.56,4.5,2500,0,5140.83
TXN-100805,2024-02-03 13:00:00,France,Apparel,817.35,6,0.1,813.7,3.9,25000,0,5491.58
TXN-100806,2024-02-03 14:00:00,Japan,Electronics,760.66,2,0.0,950.94,3.3,15000,0,2404.36
TXN-100807,2024-02-03 15:00:00,Japan,Books,615.51,2,0.01,1481.28,3.3,5000,1,2241.14
TXN-100808,2024-02-03 16:00:00,UK,Books,503.47,14,0.2,351.29,4.4,2500,1,6242.49
TXN-100809,2024-02-03 17:00:00,USA,Home & Kitchen,590.53,7,0.16,396.64,2.7,10000,1,4223.11
TXN-100810,2024-02-03 18:00:00,Australia,Apparel,799.16,1,0.25,1675.89,3.2,25000,1,2420.67
TXN-100811,2024-02-03 19:00:00,Canada,Health & Beauty,223.75,1,0.09,356.66,2.9,15000,0,736.6
TXN-100812,2024-02-03 20:00:00,USA,Apparel,461.83,7,0.24,400.13,4.9,15000,1,3358.67
TXN-100813,2024-02-03 21:00:00,Japan,Books,590.82,9,0.13,251.92,2.7,2500,0,4944.04
TXN-100814,2024-02-03 22:00:00,Canada,Automotive,582.17,5,0.03,66.07,4.4,2500,1,3342.19
TXN-100815,2024-02-03 23:00:00,UK,Electronics,225.65,11,0.29,333.75,4.1,10000,0,2196.08
TXN-100816,2024-02-04 00:00:00,Germany,Home & Kitchen,504.92,1,0.15,582.24,4.1,10000,0,936.89
TXN-100817,2024-02-04 01:00:00,UK,Automotive,679.59,5,0.19,635.5,4.4,2500,0,3137.41
TXN-100818,2024-02-04 02:00:00,USA,Health & Beauty,411.69,11,0.2,53.26,3.5,5000,0,3972.34
TXN-100819,2024-02-04 03:00:00,USA,Automotive,677.4,1,0.11,857.36,3.5,2500,1,1363.76
TXN-100820,2024-02-04 04:00:00,Canada,Automotive,315.5,10,0.22,389.05,3.2,2500,0,3019.56
TXN-100821,2024-02-04 05:00:00,USA,Health & Beauty,798.86,12,0.26,417.76,4.0,15000,0,7719.62
TXN-100822,2024-02-04 06:00:00,USA,Automotive,460.83,9,0.12,1681.72,4.8,2500,0,4734.27
TXN-100823,2024-02-04 07:00:00,UK,Home & Kitchen,512.62,4,0.2,217.36,4.8,2500,0,1911.26
TXN-100824,2024-02-04 08:00:00,UK,Books,41.19,9,0.23,767.01,4.3,2500,0,889.29
TXN-100825,2024-02-04 09:00:00,Japan,Apparel,157.17,2,0.06,477.57,4.8,5000,0,939.47
TXN-100826,2024-02-04 10:00:00,USA,Automotive,543.5,7,0.1,653.32,4.9,15000,0,4210.56
TXN-100827,2024-02-04 11:00:00,USA,Home & Kitchen,365.59,12,0.03,320.49,4.5,25000,0,5015.34
TXN-100828,2024-02-04 12:00:00,France,Apparel,439.32,13,0.18,213.7,3.5,25000,1,5657.03
TXN-100829,2024-02-04 13:00:00,UK,Apparel,67.58,2,0.24,444.97,3.7,25000,0,952.16
TXN-100830,2024-02-04 14:00:00,USA,Automotive,711.5,12,0.18,284.95,4.8,25000,0,7766.53
TXN-100831,2024-02-04 15:00:00,UK,Home & Kitchen,670.06,4,0.05,176.1,4.2,15000,1,3496.71
TXN-100832,2024-02-04 16:00:00,USA,Books,169.77,6,0.16,,4.6,2500,1,1797.9
TXN-100833,2024-02-04 17:00:00,USA,Automotive,544.67,14,0.25,372.97,2.8,25000,1,6865.29
TXN-100834,2024-02-04 18:00:00,UK,Health & Beauty,698.29,2,0.09,989.69,3.0,2500,0,1987.2
TXN-100835,2024-02-04 19:00:00,UK,Apparel,550.11,2,0.25,371.26,3.4,25000,0,1781.33
TXN-100836,2024-02-04 20:00:00,Japan,Automotive,274.18,2,0.24,456.86,3.0,5000,0,756.61
TXN-100837,2024-02-04 21:00:00,UK,Apparel,562.85,3,0.01,2728.0,4.8,2500,0,3216.83
TXN-100838,2024-02-04 22:00:00,Germany,Home & Kitchen,190.74,5,0.07,1563.14,3.0,15000,0,1985.05
TXN-100839,2024-02-04 23:00:00,Germany,Electronics,280.74,9,0.16,208.51,3.9,5000,0,2480.36
TXN-100840,2024-02-05 00:00:00,USA,Automotive,215.46,6,0.22,1064.97,2.7,5000,0,1622.62
TXN-100841,2024-02-05 01:00:00,Germany,Books,480.03,12,0.26,297.48,2.9,15000,1,5263.04
TXN-100842,2024-02-05 02:00:00,USA,Automotive,105.37,14,0.19,86.96,3.1,5000,1,1664.71
TXN-100843,2024-02-05 03:00:00,Australia,Apparel,794.31,9,0.11,478.75,5.0,2500,0,6905.08
TXN-100844,2024-02-05 04:00:00,USA,Home & Kitchen,293.48,10,0.06,1937.26,4.5,10000,0,3930.13
TXN-100845,2024-02-05 05:00:00,UK,Health & Beauty,197.84,14,0.23,1880.9,4.2,10000,1,3597.76
TXN-100846,2024-02-05 06:00:00,USA,Books,429.62,13,0.06,117.6,4.8,25000,0,6103.72
TXN-100847,2024-02-05 07:00:00,Australia,Home & Kitchen,246.29,5,0.21,787.53,4.9,25000,0,2075.52
TXN-100848,2024-02-05 08:00:00,UK,Automotive,461.64,11,0.05,861.85,3.6,2500,1,5598.64
TXN-100849,2024-02-05 09:00:00,Germany,Health & Beauty,306.01,6,0.03,280.02,3.3,15000,0,2298.28
TXN-100850,2024-02-05 10:00:00,USA,Home & Kitchen,125.28,10,0.08,587.34,3.3,2500,0,1628.4
TXN-100851,2024-02-05 11:00:00,France,Electronics,237.02,12,0.09,384.87,2.6,25000,0,3377.07
TXN-100852,2024-02-05 12:00:00,USA,Books,381.1,8,0.19,179.32,3.2,5000,0,2689.18
TXN-100853,2024-02-05 13:00:00,Japan,Apparel,40.29,3,0.05,766.2,3.4,2500,0,632.13
TXN-100854,2024-02-05 14:00:00,USA,Home & Kitchen,658.49,2,0.28,202.42,2.6,2500,0,1194.64
TXN-100855,2024-02-05 15:00:00,USA,Home & Kitchen,534.22,3,0.17,258.1,4.7,15000,1,2253.32
TXN-100856,2024-02-05 16:00:00,USA,Electronics,517.14,14,0.15,155.37,4.6,25000,0,7011.93
TXN-100857,2024-02-05 17:00:00,UK,Automotive,470.95,9,0.13,685.18,3.1,2500,1,4489.06
TXN-100858,2024-02-05 18:00:00,Germany,Books,507.91,6,0.17,356.91,4.5,5000,0,3019.66
TXN-100859,2024-02-05 19:00:00,USA,Books,795.43,10,0.01,342.93,4.5,5000,1,8610.59
TXN-100860,2024-02-05 20:00:00,France,Apparel,22.16,12,0.3,513.88,3.3,10000,0,804.05
TXN-100861,2024-02-05 21:00:00,UK,Home & Kitchen,54.91,4,0.17,135.55,4.2,25000,0,1008.84
TXN-100862,2024-02-05 22:00:00,UK,Health & Beauty,174.9,10,0.01,1192.15,3.2,5000,0,2647.33
TXN-100863,2024-02-05 23:00:00,UK,Home & Kitchen,154.7,3,0.18,362.85,2.7,15000,0,887.53
TXN-100864,2024-02-06 00:00:00,UK,Apparel,166.3,13,0.13,278.27,3.8,25000,0,2641.22
TXN-100865,2024-02-06 01:00:00,Germany,Home & Kitchen,576.07,2,0.01,117.73,3.6,5000,1,1786.44
TXN-100866,2024-02-06 02:00:00,USA,Electronics,398.67,14,0.28,141.93,2.8,2500,0,4178.86
TXN-100867,2024-02-06 03:00:00,USA,Home & Kitchen,843.14,4,0.0,1315.12,3.7,25000,1,4777.22
TXN-100868,2024-02-06 04:00:00,Canada,Home & Kitchen,204.45,9,0.17,354.97,4.9,5000,0,1956.15
TXN-100869,2024-02-06 05:00:00,Japan,Health & Beauty,274.54,4,0.29,690.4,4.3,2500,0,1339.76
TXN-100870,2024-02-06 06:00:00,UK,Electronics,836.84,13,0.07,91.97,4.3,10000,0,10514.01
TXN-100871,2024-02-06 07:00:00,USA,Electronics,709.52,12,0.08,565.66,4.4,25000,1,9065.21
TXN-100872,2024-02-06 08:00:00,Germany,Home & Kitchen,407.28,5,0.0,1322.45,4.4,25000,0,3306.76
TXN-100873,2024-02-06 09:00:00,UK,Books,478.09,8,0.02,228.31,2.5,5000,0,4035.85
TXN-100874,2024-02-06 10:00:00,USA,Health & Beauty,719.05,2,0.01,482.73,4.8,10000,1,2173.42
TXN-100875,2024-02-06 11:00:00,USA,Home & Kitchen,416.62,12,0.25,1458.53,4.6,15000,0,4960.82
TXN-100876,2024-02-06 12:00:00,France,Home & Kitchen,187.03,11,0.25,685.27,3.2,5000,0,2144.32
TXN-100877,2024-02-06 13:00:00,Germany,Apparel,706.75,14,0.22,82.18,3.9,5000,0,8015.23
TXN-100878,2024-02-06 14:00:00,USA,Apparel,464.04,3,0.11,288.0,4.0,15000,0,1860.51
TXN-100879,2024-02-06 15:00:00,USA,Books,142.79,6,0.25,94.84,2.8,15000,0,1122.98
TXN-100880,2024-02-06 16:00:00,USA,Health & Beauty,437.16,12,0.16,1037.78,3.1,15000,1,5647.18
TXN-100881,2024-02-06 17:00:00,Germany,Automotive,360.02,7,0.09,535.98,2.6,15000,1,3219.34
TXN-100882,2024-02-06 18:00:00,USA,Apparel,747.16,4,0.13,1616.14,4.7,15000,0,3732.05
TXN-100883,2024-02-06 19:00:00,USA,Automotive,120.26,14,0.02,59.98,2.6,2500,0,1996.6
TXN-100884,2024-02-06 20:00:00,France,Electronics,745.8,1,0.28,325.03,3.3,2500,0,984.86
TXN-100885,2024-02-06 21:00:00,USA,Apparel,442.7,7,0.19,105.11,2.7,15000,0,2982.89
TXN-100886,2024-02-06 22:00:00,Germany,Apparel,352.64,12,0.22,265.77,4.5,10000,0,3835.2
TXN-100887,2024-02-06 23:00:00,USA,Health & Beauty,150.24,9,0.2,138.3,4.8,10000,0,1583.11
TXN-100888,2024-02-07 00:00:00,USA,Books,600.18,1,0.2,249.34,3.9,15000,0,1006.19
TXN-100889,2024-02-07 01:00:00,USA,Automotive,788.88,14,0.01,905.35,2.8,2500,0,11606.47
TXN-100890,2024-02-07 02:00:00,France,Apparel,328.44,1,0.16,137.59,3.9,10000,0,794.15
TXN-100891,2024-02-07 03:00:00,Canada,Apparel,216.72,1,0.25,370.91,4.4,2500,1,820.53
TXN-100892,2024-02-07 04:00:00,Canada,Health & Beauty,478.31,10,0.01,1322.86,4.3,5000,0,5677.85
TXN-100893,2024-02-07 05:00:00,UK,Health & Beauty,679.82,7,0.29,3404.16,4.4,2500,0,5242.05
TXN-100894,2024-02-07 06:00:00,Germany,Books,18.15,11,0.13,194.27,3.2,15000,0,723.28
TXN-100895,2024-02-07 07:00:00,USA,Automotive,542.2,9,0.09,1421.07,2.7,25000,0,5619.13
TXN-100896,2024-02-07 08:00:00,USA,Electronics,513.09,3,0.16,201.49,2.9,15000,0,1869.02
TXN-100897,2024-02-07 09:00:00,Japan,Books,280.66,8,0.24,316.82,4.9,5000,0,2173.99
TXN-100898,2024-02-07 10:00:00,USA,Electronics,391.94,9,0.14,1101.55,4.0,2500,0,3671.73
TXN-100899,2024-02-07 11:00:00,USA,Home & Kitchen,221.21,3,0.19,821.3,4.3,10000,0,1383.42
TXN-100900,2024-02-07 12:00:00,USA,Apparel,674.55,12,0.15,,4.7,15000,1,8121.74
TXN-100901,2024-02-07 13:00:00,USA,Automotive,544.84,12,0.19,855.36,4.6,10000,0,6069.4
TXN-100902,2024-02-07 14:00:00,USA,Books,459.81,3,0.04,183.98,3.0,2500,0,1757.81
TXN-100903,2024-02-07 15:00:00,Germany,Apparel,342.76,1,0.01,459.12,2.6,5000,0,719.33
TXN-100904,2024-02-07 16:00:00,UK,Automotive,258.31,2,0.04,293.27,4.8,15000,0,1068.5
TXN-100905,2024-02-07 17:00:00,Japan,Automotive,701.98,7,0.09,357.83,5.0,10000,0,5070.15
TXN-100906,2024-02-07 18:00:00,Canada,Automotive,391.93,3,0.08,133.59,3.9,15000,1,1854.93
TXN-100907,2024-02-07 19:00:00,USA,Apparel,433.71,7,0.18,239.73,4.7,15000,0,3064.18
TXN-100908,2024-02-07 20:00:00,USA,Books,449.89,5,0.14,1024.72,3.1,10000,0,2847.85
TXN-100909,2024-02-07 21:00:00,UK,Health & Beauty,389.39,10,0.01,1189.23,2.8,5000,0,4526.33
TXN-100910,2024-02-07 22:00:00,Germany,Apparel,228.83,8,0.01,521.0,3.7,15000,0,2538.06
TXN-100911,2024-02-07 23:00:00,USA,Automotive,115.48,5,0.03,394.84,4.5,5000,0,1047.24
TXN-100912,2024-02-08 00:00:00,Germany,Books,97.28,3,0.11,673.86,4.1,5000,0,846.59
TXN-100913,2024-02-08 01:00:00,UK,Home & Kitchen,647.48,9,0.0,519.34,4.1,2500,0,6387.95
TXN-100914,2024-02-08 02:00:00,Germany,Electronics,201.65,7,0.15,2107.53,2.5,10000,0,2625.03
TXN-100915,2024-02-08 03:00:00,UK,Automotive,61.49,5,0.11,155.42,3.3,2500,0,542.09
TXN-100916,2024-02-08 04:00:00,USA,Home & Kitchen,680.93,7,0.17,348.05,4.8,25000,0,4899.88
TXN-100917,2024-02-08 05:00:00,Japan,Health & Beauty,143.64,11,0.22,1301.99,2.8,2500,0,1997.59
TXN-100918,2024-02-08 06:00:00,France,Automotive,537.0,10,0.08,1281.01,4.3,15000,0,6016.66
TXN-100919,2024-02-08 07:00:00,USA,Home & Kitchen,297.77,9,0.05,391.94,4.4,15000,0,3256.42
TXN-100920,2024-02-08 08:00:00,Canada,Automotive,120.61,5,0.08,122.4,4.3,15000,0,1116.87
TXN-100921,2024-02-08 09:00:00,UK,Apparel,361.09,7,0.0,893.59,5.0,25000,0,3581.84
TXN-100922,2024-02-08 10:00:00,Japan,Books,27.37,11,0.04,489.94,3.5,5000,0,873.5
TXN-100923,2024-02-08 11:00:00,France,Home & Kitchen,717.27,9,0.23,791.77,4.2,15000,0,5851.93
TXN-100924,2024-02-08 12:00:00,UK,Books,443.77,1,0.07,360.44,3.0,2500,0,756.17
TXN-100925,2024-02-08 13:00:00,USA,Apparel,131.2,4,0.3,164.01,3.5,5000,0,648.55
TXN-100926,2024-02-08 14:00:00,USA,Apparel,212.88,1,0.05,62.14,3.7,2500,0,470.06
TXN-100927,2024-02-08 15:00:00,UK,Books,389.06,8,0.24,459.51,3.0,2500,0,2737.81
TXN-100928,2024-02-08 16:00:00,Germany,Home & Kitchen,172.71,3,0.21,137.8,4.8,15000,0,1001.91
TXN-100929,2024-02-08 17:00:00,USA,Books,239.28,2,0.1,153.6,4.3,2500,0,728.21
TXN-100930,2024-02-08 18:00:00,USA,Books,461.21,14,0.1,336.62,3.2,25000,1,6790.24
TXN-100931,2024-02-08 19:00:00,Canada,Electronics,710.23,4,0.17,341.77,2.8,5000,0,2866.59
TXN-100932,2024-02-08 20:00:00,Australia,Home & Kitchen,350.54,11,0.26,210.37,3.2,15000,1,3566.56
TXN-100933,2024-02-08 21:00:00,UK,Electronics,613.67,3,0.12,120.74,4.1,15000,0,2096.46
TXN-100934,2024-02-08 22:00:00,USA,Automotive,747.03,11,0.02,1499.78,4.6,2500,0,9039.14
TXN-100935,2024-02-08 23:00:00,USA,Books,195.61,5,0.11,120.57,3.8,2500,0,1170.5
TXN-100936,2024-02-09 00:00:00,USA,Automotive,689.01,13,0.06,265.99,2.8,10000,1,9168.26
TXN-100937,2024-02-09 01:00:00,Japan,Home & Kitchen,647.43,8,0.28,231.83,3.1,10000,0,4213.27
TXN-100938,2024-02-09 02:00:00,USA,Books,313.04,10,0.21,1056.22,3.4,15000,0,3341.07
TXN-100939,2024-02-09 03:00:00,Germany,Automotive,841.25,8,0.02,313.87,4.1,15000,0,7274.74
TXN-100940,2024-02-09 04:00:00,USA,Health & Beauty,234.25,11,0.09,116.22,3.1,2500,0,2535.2
TXN-100941,2024-02-09 05:00:00,Germany,Apparel,227.76,7,0.02,55.16,3.1,25000,0,2311.06
TXN-100942,2024-02-09 06:00:00,Germany,Books,659.84,8,0.25,689.98,3.2,25000,0,4833.69
TXN-100943,2024-02-09 07:00:00,Canada,Apparel,377.94,13,0.27,676.76,4.0,2500,1,4307.75
TXN-100944,2024-02-09 08:00:00,USA,Electronics,291.21,13,0.03,320.46,3.7,10000,0,4121.68
TXN-100945,2024-02-09 09:00:00,USA,Automotive,164.18,5,0.13,117.51,4.6,10000,0,1198.88
TXN-100946,2024-02-09 10:00:00,USA,Electronics,654.05,10,0.28,282.32,4.2,25000,0,5521.04
TXN-100947,2024-02-09 11:00:00,Japan,Books,671.58,10,0.04,495.66,4.2,15000,0,7168.39
TXN-100948,2024-02-09 12:00:00,Canada,Apparel,488.08,11,0.09,658.6,2.9,2500,0,5353.12
TXN-100949,2024-02-09 13:00:00,Germany,Apparel,814.36,12,0.09,90.74,2.6,15000,0,9346.39
TXN-100950,2024-02-09 14:00:00,Germany,Automotive,280.67,11,0.01,456.31,3.8,10000,0,3594.27
TXN-100951,2024-02-09 15:00:00,Germany,Books,198.38,13,0.01,211.57,2.7,25000,0,3148.97
TXN-100952,2024-02-09 16:00:00,USA,Health & Beauty,580.68,6,0.29,530.21,3.4,15000,1,3303.68
TXN-100953,2024-02-09 17:00:00,Japan,Health & Beauty,648.27,8,0.17,572.26,2.6,10000,0,4814.91
TXN-100954,2024-02-09 18:00:00,UK,Automotive,202.8,13,0.09,1257.34,2.9,10000,0,3269.66
TXN-100955,2024-02-09 19:00:00,UK,Books,78.97,1,0.11,314.14,2.8,10000,0,654.81
TXN-100956,2024-02-09 20:00:00,UK,Automotive,691.78,6,0.21,435.65,4.5,15000,0,3896.04
TXN-100957,2024-02-09 21:00:00,USA,Books,830.38,6,0.11,206.13,3.4,5000,0,4692.59
TXN-100958,2024-02-09 22:00:00,USA,Electronics,553.3,11,0.07,218.83,2.7,25000,0,6234.6
TXN-100959,2024-02-09 23:00:00,France,Automotive,247.02,13,0.03,73.56,3.2,10000,0,3532.12
TXN-100960,2024-02-10 00:00:00,USA,Books,847.22,5,0.22,218.48,4.2,15000,1,4124.4
TXN-100961,2024-02-10 01:00:00,Germany,Health & Beauty,760.88,4,0.05,82.98,4.4,2500,0,3073.16
TXN-100962,2024-02-10 02:00:00,USA,Books,443.67,1,0.02,1710.95,2.8,25000,0,1828.44
TXN-100963,2024-02-10 03:00:00,UK,Books,704.14,11,0.13,539.43,4.4,2500,1,7432.7
TXN-100964,2024-02-10 04:00:00,USA,Automotive,696.21,10,0.01,145.07,3.4,2500,0,7264.38
TXN-100965,2024-02-10 05:00:00,UK,Electronics,795.56,11,0.29,112.08,4.2,15000,0,6699.12
TXN-100966,2024-02-10 06:00:00,France,Electronics,717.17,8,0.19,281.12,4.2,5000,1,5448.62
TXN-100967,2024-02-10 07:00:00,USA,Electronics,552.47,6,0.05,233.83,4.5,15000,0,3770.58
TXN-100968,2024-02-10 08:00:00,Germany,Electronics,523.77,3,0.05,213.73,4.2,15000,0,2046.33
TXN-100969,2024-02-10 09:00:00,UK,Home & Kitchen,405.24,12,0.17,365.74,2.6,25000,0,4797.22
TXN-100970,2024-02-10 10:00:00,Germany,Automotive,538.12,3,0.11,1270.2,3.8,15000,0,2502.83
TXN-100971,2024-02-10 11:00:00,Japan,Apparel,679.01,12,0.23,469.72,2.9,25000,1,7344.47
TXN-100972,2024-02-10 12:00:00,France,Automotive,824.15,6,0.16,418.27,4.9,10000,1,4938.39
TXN-100973,2024-02-10 13:00:00,USA,Home & Kitchen,405.18,12,0.13,871.36,3.1,25000,0,5312.17
TXN-100974,2024-02-10 14:00:00,USA,Electronics,494.0,7,0.29,52.02,3.6,15000,1,3269.91
TXN-100975,2024-02-10 15:00:00,USA,Home & Kitchen,386.41,8,0.12,159.94,3.0,10000,0,3209.47
TXN-100976,2024-02-10 16:00:00,Germany,Health & Beauty,573.19,5,0.12,392.77,2.8,10000,0,3011.96
TXN-100977,2024-02-10 17:00:00,USA,Health & Beauty,540.98,10,0.2,660.91,4.0,5000,1,5242.6
TXN-100978,2024-02-10 18:00:00,UK,Automotive,29.89,6,0.24,381.82,3.7,15000,1,1049.86
TXN-100979,2024-02-10 19:00:00,Germany,Automotive,466.87,12,0.19,139.39,3.4,2500,0,4780.29
TXN-100980,2024-02-10 20:00:00,USA,Apparel,88.89,1,0.21,1379.51,2.7,15000,0,1067.62
TXN-100981,2024-02-10 21:00:00,France,Apparel,37.03,6,0.11,249.24,4.3,2500,0,627.05
TXN-100982,2024-02-10 22:00:00,USA,Health & Beauty,675.65,9,0.14,826.09,2.5,5000,0,5679.14
TXN-100983,2024-02-10 23:00:00,USA,Electronics,230.97,10,0.06,1160.1,3.6,15000,0,3266.26
TXN-100984,2024-02-11 00:00:00,France,Home & Kitchen,299.45,4,0.2,262.67,4.1,5000,0,1371.02
TXN-100985,2024-02-11 01:00:00,UK,Apparel,68.51,14,0.07,983.17,3.6,2500,0,1498.67
TXN-100986,2024-02-11 02:00:00,Germany,Books,164.88,14,0.0,670.27,2.8,25000,1,3428.75
TXN-100987,2024-02-11 03:00:00,UK,Apparel,654.28,10,0.28,1223.17,4.4,15000,0,5723.78
TXN-100988,2024-02-11 04:00:00,USA,Electronics,427.1,13,0.09,194.72,3.3,10000,0,5545.19
TXN-100989,2024-02-11 05:00:00,Canada,Electronics,750.36,1,0.06,1388.84,2.8,10000,1,1931.24
TXN-100990,2024-02-11 06:00:00,France,Automotive,346.7,14,0.08,83.77,3.9,5000,0,4741.97
TXN-100991,2024-02-11 07:00:00,Germany,Home & Kitchen,239.37,11,0.1,839.14,2.5,25000,0,3316.61
TXN-100992,2024-02-11 08:00:00,USA,Electronics,305.25,9,0.14,336.05,3.3,10000,0,2887.48
TXN-100993,2024-02-11 09:00:00,Germany,Apparel,610.16,4,0.02,147.94,4.4,10000,0,3075.89
TXN-100994,2024-02-11 10:00:00,UK,Apparel,478.43,2,0.02,91.37,4.8,15000,0,1713.51
TXN-100995,2024-02-11 11:00:00,USA,Health & Beauty,770.0,1,0.09,296.78,4.0,10000,0,1298.35
TXN-100996,2024-02-11 12:00:00,Japan,Electronics,517.81,3,0.09,296.59,3.0,2500,0,1670.13
TXN-100997,2024-02-11 13:00:00,USA,Books,426.67,7,0.04,180.65,3.1,5000,0,3248.34
TXN-100998,2024-02-11 14:00:00,Australia,Automotive,671.1,11,0.12,171.36,4.0,10000,0,6893.83
TXN-100999,2024-02-11 15:00:00,UK,Home & Kitchen,806.19,10,0.09,305.01,3.5,15000,0,7912.77
TXN-101000,2024-02-11 16:00:00,USA,Books,312.13,2,0.01,313.91,2.9,2500,0,1049.03
TXN-101001,2024-02-11 17:00:00,UK,Automotive,223.65,9,0.27,342.03,4.5,10000,1,2256.27
TXN-101002,2024-02-11 18:00:00,Canada,Apparel,529.54,12,0.27,1065.36,3.0,5000,1,5580.56
TXN-101003,2024-02-11 19:00:00,France,Books,431.56,13,0.06,522.42,3.3,5000,1,5966.79
TXN-101004,2024-02-11 20:00:00,Canada,Automotive,840.97,11,0.05,60.32,2.7,5000,0,8971.41
TXN-101005,2024-02-11 21:00:00,Germany,Apparel,401.07,2,0.16,416.05,4.3,10000,0,1233.57
TXN-101006,2024-02-11 22:00:00,Germany,Apparel,77.07,5,0.19,768.69,3.2,2500,0,911.28
TXN-101007,2024-02-11 23:00:00,Canada,Apparel,831.1,8,0.29,79.03,3.1,25000,1,5699.86
TXN-101008,2024-02-12 00:00:00,USA,Apparel,719.4,13,0.11,324.62,3.3,5000,0,8741.54
TXN-101009,2024-02-12 01:00:00,UK,Apparel,163.84,13,0.19,350.02,4.7,2500,0,2238.35
TXN-101010,2024-02-12 02:00:00,USA,Health & Beauty,770.35,12,0.26,1589.78,3.8,15000,0,7889.15
TXN-101011,2024-02-12 03:00:00,Australia,Books,299.46,10,0.13,372.83,2.9,15000,0,3207.78
TXN-101012,2024-02-12 04:00:00,Japan,Automotive,329.89,8,0.04,742.95,4.4,2500,0,3059.16
TXN-101013,2024-02-12 05:00:00,USA,Health & Beauty,771.84,3,0.11,230.41,3.0,15000,1,3008.25
TXN-101014,2024-02-12 06:00:00,France,Health & Beauty,457.65,2,0.04,805.49,3.5,15000,0,1678.17
TXN-101015,2024-02-12 07:00:00,Japan,Electronics,130.03,9,0.0,244.79,3.9,5000,0,1615.26
TXN-101016,2024-02-12 08:00:00,USA,Electronics,323.16,3,0.23,331.08,4.0,10000,0,1355.27
TXN-101017,2024-02-12 09:00:00,Germany,,617.95,8,0.07,376.47,2.7,10000,0,5058.59
TXN-101018,2024-02-12 10:00:00,Japan,Home & Kitchen,160.44,2,0.0,1354.3,4.6,10000,0,1411.69
TXN-101019,2024-02-12 11:00:00,USA,Electronics,507.84,3,0.26,77.47,3.7,10000,1,1862.15
TXN-101020,2024-02-12 12:00:00,Germany,Automotive,595.55,1,0.13,159.62,5.0,2500,0,928.14
TXN-101021,2024-02-12 13:00:00,USA,Health & Beauty,302.12,14,0.07,661.65,4.3,5000,0,4483.07
TXN-101022,2024-02-12 14:00:00,Japan,Automotive,594.39,11,0.08,480.87,,2500,0,6392.17
TXN-101023,2024-02-12 15:00:00,Australia,Books,753.31,6,0.07,194.86,3.6,15000,0,4924.23
TXN-101024,2024-02-12 16:00:00,Japan,Electronics,409.22,13,0.06,220.68,2.9,5000,0,5307.21
TXN-101025,2024-02-12 17:00:00,UK,Home & Kitchen,334.73,7,0.25,278.89,4.3,25000,0,2656.68
TXN-101026,2024-02-12 18:00:00,Canada,Books,224.72,4,0.05,349.23,4.4,10000,0,1371.92
TXN-101027,2024-02-12 19:00:00,Canada,Home & Kitchen,519.51,1,0.17,901.95,4.6,15000,1,1761.9
TXN-101028,2024-02-12 20:00:00,USA,Books,749.68,3,0.02,56.96,3.3,10000,0,2538.33
TXN-101029,2024-02-12 21:00:00,Canada,Health & Beauty,286.09,9,0.28,1191.49,3.8,10000,0,2769.08
TXN-101030,2024-02-12 22:00:00,USA,Automotive,345.86,5,0.18,316.39,4.6,10000,1,2403.16
TXN-101031,2024-02-12 23:00:00,Germany,Apparel,354.53,6,0.27,181.01,4.7,25000,0,2217.93
TXN-101032,2024-02-13 00:00:00,USA,Automotive,483.28,4,0.12,405.06,2.6,15000,0,2396.92
TXN-101033,2024-02-13 01:00:00,USA,Electronics,205.72,1,0.24,588.92,4.2,10000,0,808.34
TXN-101034,2024-02-13 02:00:00,USA,Apparel,701.55,14,0.26,72.89,4.0,10000,0,7737.47
TXN-101035,2024-02-13 03:00:00,Germany,Home & Kitchen,261.83,5,0.21,679.0,2.7,5000,1,1783.44
TXN-101036,2024-02-13 04:00:00,USA,Health & Beauty,603.98,5,0.03,765.15,4.8,10000,0,3820.5
TXN-101037,2024-02-13 05:00:00,France,Health & Beauty,443.54,5,0.0,140.87,3.6,5000,0,2478.14
TXN-101038,2024-02-13 06:00:00,USA,Home & Kitchen,504.22,6,0.05,141.89,4.2,15000,1,3679.88
TXN-101039,2024-02-13 07:00:00,USA,Electronics,164.97,11,0.04,163.94,4.7,15000,0,2402.19
TXN-101040,2024-02-13 08:00:00,UK,Home & Kitchen,628.74,2,0.22,846.36,2.8,15000,0,1722.06
TXN-101041,2024-02-13 09:00:00,France,Books,172.5,1,0.17,208.73,4.6,5000,0,554.29
TXN-101042,2024-02-13 10:00:00,USA,Electronics,109.75,2,0.16,844.66,4.3,25000,0,1175.97
TXN-101043,2024-02-13 11:00:00,Germany,Apparel,471.48,13,0.08,438.83,4.6,25000,0,6511.22
TXN-101044,2024-02-13 12:00:00,Japan,Home & Kitchen,607.26,10,0.05,778.73,3.7,10000,1,6945.86
TXN-101045,2024-02-13 13:00:00,Germany,Electronics,56.78,6,0.06,453.35,2.6,15000,0,1048.57
TXN-101046,2024-02-13 14:00:00,USA,Apparel,72.95,5,0.12,254.56,4.2,2500,1,977.83
TXN-101047,2024-02-13 15:00:00,USA,Home & Kitchen,685.24,5,0.22,1257.96,3.4,10000,0,3621.06
TXN-101048,2024-02-13 16:00:00,Canada,Health & Beauty,690.54,12,0.08,678.15,3.5,25000,0,8460.97
TXN-101049,2024-02-13 17:00:00,USA,Home & Kitchen,219.83,12,0.21,380.88,3.6,25000,0,2902.44
TXN-101050,2024-02-13 18:00:00,Canada,Automotive,528.72,6,0.15,557.27,3.7,15000,0,3487.53
TXN-101051,2024-02-13 19:00:00,UK,Home & Kitchen,385.06,14,0.27,528.35,4.2,5000,0,4426.69
TXN-101052,2024-02-13 20:00:00,Japan,Automotive,543.3,10,0.07,271.67,,10000,0,5597.29
TXN-101053,2024-02-13 21:00:00,France,Apparel,735.5,7,0.14,325.63,4.4,5000,0,4791.97
TXN-101054,2024-02-13 22:00:00,Australia,Home & Kitchen,81.68,9,0.03,241.55,4.2,25000,1,1673.74
TXN-101055,2024-02-13 23:00:00,UK,Apparel,664.62,7,0.1,3868.92,4.5,15000,0,6613.12
TXN-101056,2024-02-14 00:00:00,France,Apparel,426.68,2,0.15,483.83,2.8,25000,1,1989.41
TXN-101057,2024-02-14 01:00:00,UK,Electronics,486.05,6,0.22,98.29,4.6,15000,1,3069.1
TXN-101058,2024-02-14 02:00:00,UK,Apparel,561.03,9,0.06,416.06,3.5,2500,0,5078.79
TXN-101059,2024-02-14 03:00:00,Germany,Apparel,785.39,7,0.07,75.63,3.8,5000,0,5342.55
TXN-101060,2024-02-14 04:00:00,Canada,Home & Kitchen,62.36,2,0.19,220.3,,10000,0,594.29
TXN-101061,2024-02-14 05:00:00,Australia,Home & Kitchen,39.61,3,0.11,345.26,3.7,15000,0,882.4
TXN-101062,2024-02-14 06:00:00,France,Health & Beauty,163.85,8,0.14,432.08,3.2,2500,1,1709.82
TXN-101063,2024-02-14 07:00:00,UK,Electronics,838.68,11,0.25,1918.64,2.9,2500,0,7978.93
TXN-101064,2024-02-14 08:00:00,UK,Apparel,612.09,9,0.15,2064.89,2.8,5000,0,5849.59
TXN-101065,2024-02-14 09:00:00,France,Electronics,528.23,4,0.2,101.61,3.6,15000,0,2331.31
TXN-101066,2024-02-14 10:00:00,USA,Automotive,54.28,9,0.2,436.24,2.8,10000,1,1185.58
TXN-101067,2024-02-14 11:00:00,USA,Apparel,749.06,2,0.24,899.43,3.1,10000,0,1771.13
TXN-101068,2024-02-14 12:00:00,UK,Electronics,693.65,13,0.19,185.72,2.8,10000,1,8023.91
TXN-101069,2024-02-14 13:00:00,USA,Health & Beauty,570.11,11,0.02,744.27,2.8,25000,0,7120.39
TXN-101070,2024-02-14 14:00:00,USA,Health & Beauty,298.17,5,0.1,1104.41,4.7,25000,0,2480.88
TXN-101071,2024-02-14 15:00:00,USA,Apparel,73.87,11,0.3,593.08,4.2,15000,1,1659.49
TXN-101072,2024-02-14 16:00:00,USA,Automotive,499.33,2,0.06,248.53,4.8,10000,1,1691.55
TXN-101073,2024-02-14 17:00:00,USA,Health & Beauty,615.94,11,0.18,1332.83,4.1,2500,0,6416.73
TXN-101074,2024-02-14 18:00:00,Australia,Health & Beauty,93.69,1,0.25,1125.02,4.6,10000,0,995.09
TXN-101075,2024-02-14 19:00:00,UK,Automotive,544.2,13,0.18,679.08,3.9,15000,0,6558.37
TXN-101076,2024-02-14 20:00:00,UK,Electronics,254.12,14,0.11,276.02,3.7,10000,0,3592.11
TXN-101077,2024-02-14 21:00:00,Germany,Health & Beauty,653.14,5,0.02,834.86,3.8,5000,0,3891.84
TXN-101078,2024-02-14 22:00:00,USA,Home & Kitchen,465.58,2,0.11,239.98,3.3,10000,0,1187.61
TXN-101079,2024-02-14 23:00:00,Japan,Books,122.75,14,0.05,195.81,4.1,2500,0,2029.46
TXN-101080,2024-02-15 00:00:00,France,Books,454.64,13,0.29,411.82,4.7,15000,0,4824.83
TXN-101081,2024-02-15 01:00:00,USA,Health & Beauty,345.44,7,0.21,,4.5,15000,0,3659.53
TXN-101082,2024-02-15 02:00:00,UK,Electronics,165.6,8,0.22,865.64,3.7,2500,0,1751.57
TXN-101083,2024-02-15 03:00:00,Canada,Electronics,717.67,2,0.13,704.28,4.9,15000,1,2343.69
TXN-101084,2024-02-15 04:00:00,Japan,Apparel,24.21,7,0.03,350.75,5.0,10000,0,594.89
TXN-101085,2024-02-15 05:00:00,UK,Home & Kitchen,275.63,4,0.08,236.95,3.7,15000,0,1586.42
TXN-101086,2024-02-15 06:00:00,Germany,Electronics,25.52,1,0.08,1018.63,4.7,10000,0,942.27
TXN-101087,2024-02-15 07:00:00,USA,Automotive,95.17,11,0.15,469.36,2.5,15000,0,1564.64
TXN-101088,2024-02-15 08:00:00,Australia,Home & Kitchen,263.08,3,0.14,889.01,2.7,10000,0,1338.4
TXN-101089,2024-02-15 09:00:00,USA,Books,60.32,11,0.13,384.47,2.6,10000,0,1016.71
TXN-101090,2024-02-15 10:00:00,Japan,Home & Kitchen,513.19,12,0.15,751.13,4.4,2500,0,5833.6
TXN-101091,2024-02-15 11:00:00,Germany,Automotive,87.53,1,0.3,1061.5,2.7,2500,1,1043.53
TXN-101092,2024-02-15 12:00:00,Germany,Health & Beauty,600.93,5,0.09,298.29,2.5,25000,1,3625.75
TXN-101093,2024-02-15 13:00:00,UK,Automotive,58.96,13,0.18,56.83,2.9,2500,0,733.94
TXN-101094,2024-02-15 14:00:00,USA,Automotive,64.52,8,0.07,197.14,3.3,10000,1,1276.91
TXN-101095,2024-02-15 15:00:00,USA,Health & Beauty,269.95,1,0.14,1282.05,3.7,10000,1,1522.99
TXN-101096,2024-02-15 16:00:00,USA,Health & Beauty,763.64,14,0.06,631.64,2.7,15000,1,10929.85
TXN-101097,2024-02-15 17:00:00,USA,Health & Beauty,550.56,9,0.17,718.22,3.7,15000,0,4871.38
TXN-101098,2024-02-15 18:00:00,France,Health & Beauty,658.06,3,0.08,246.74,3.1,25000,0,2735.41
TXN-101099,2024-02-15 19:00:00,UK,Health & Beauty,133.2,5,0.01,654.11,3.2,10000,0,1368.1
TXN-101100,2024-02-15 20:00:00,USA,Automotive,711.49,9,0.24,569.63,4.6,25000,0,5825.98
TXN-101101,2024-02-15 21:00:00,Australia,Apparel,21.8,5,0.04,148.23,5.0,10000,0,687.75
TXN-101102,2024-02-15 22:00:00,Japan,Apparel,192.9,9,0.11,1781.92,3.7,2500,0,2524.89
TXN-101103,2024-02-15 23:00:00,Japan,Electronics,529.44,10,0.14,268.5,3.3,15000,0,5135.13
TXN-101104,2024-02-16 00:00:00,Australia,Apparel,328.33,8,0.13,249.71,4.8,25000,1,3338.75
TXN-101105,2024-02-16 01:00:00,USA,Books,836.8,7,0.22,280.35,3.8,5000,0,5022.7
TXN-101106,2024-02-16 02:00:00,UK,Apparel,40.33,11,0.18,,4.3,10000,0,857.59
TXN-101107,2024-02-16 03:00:00,France,Automotive,848.83,1,0.09,540.37,3.5,2500,0,1240.95
TXN-101108,2024-02-16 04:00:00,Germany,Health & Beauty,535.73,4,0.02,186.31,3.0,5000,0,2459.23
TXN-101109,2024-02-16 05:00:00,USA,Health & Beauty,481.52,9,0.23,863.07,4.1,2500,0,4050.76
TXN-101110,2024-02-16 06:00:00,Canada,Automotive,64.69,10,0.11,300.57,4.2,2500,0,987.3
TXN-101111,2024-02-16 07:00:00,USA,Books,243.23,8,0.27,356.76,3.7,10000,0,1965.55
TXN-101112,2024-02-16 08:00:00,USA,Apparel,787.09,4,0.12,569.83,3.2,2500,1,3505.12
TXN-101113,2024-02-16 09:00:00,UK,Automotive,310.8,12,0.22,767.47,4.6,25000,0,4058.43
TXN-101114,2024-02-16 10:00:00,Germany,Electronics,567.48,1,0.28,181.41,3.2,5000,0,660.29
TXN-101115,2024-02-16 11:00:00,Germany,Health & Beauty,849.58,10,0.2,1745.04,4.1,2500,1,8099.67
TXN-101116,2024-02-16 12:00:00,USA,Home & Kitchen,234.66,4,0.12,536.86,3.5,2500,1,1374.13
TXN-101117,2024-02-16 13:00:00,Canada,Electronics,496.03,3,0.17,52.83,3.7,15000,0,1702.76
TXN-101118,2024-02-16 14:00:00,USA,Books,596.53,6,0.16,318.6,3.0,15000,0,3735.68
TXN-101119,2024-02-16 15:00:00,USA,Electronics,152.46,11,0.18,337.08,4.1,25000,0,2148.14
TXN-101120,2024-02-16 16:00:00,Japan,Automotive,139.14,5,0.04,878.17,3.1,15000,1,1622.03
TXN-101121,2024-02-16 17:00:00,Australia,Apparel,396.02,5,0.21,,3.7,2500,0,1809.53
TXN-101122,2024-02-16 18:00:00,Canada,Health & Beauty,337.15,2,0.04,251.15,3.3,2500,0,1015.85
TXN-101123,2024-02-16 19:00:00,Canada,Books,611.37,12,0.0,86.55,4.9,5000,0,7685.37
TXN-101124,2024-02-16 20:00:00,Germany,Books,73.04,3,0.19,216.72,5.0,15000,0,719.5
TXN-101125,2024-02-16 21:00:00,Germany,Home & Kitchen,826.76,11,0.04,681.09,4.4,10000,0,9531.7
TXN-101126,2024-02-16 22:00:00,USA,Electronics,26.92,6,0.23,553.6,5.0,15000,0,932.67
TXN-101127,2024-02-16 23:00:00,UK,,517.1,2,0.26,92.45,2.8,2500,0,890.38
TXN-101128,2024-02-17 00:00:00,UK,Apparel,484.8,4,0.28,110.91,5.0,5000,0,1753.4
TXN-101129,2024-02-17 01:00:00,USA,Apparel,127.49,2,0.2,286.54,2.8,15000,0,929.54
TXN-101130,2024-02-17 02:00:00,France,Home & Kitchen,141.01,9,0.14,730.82,3.5,5000,0,1653.02
TXN-101131,2024-02-17 03:00:00,UK,Health & Beauty,676.89,3,0.11,944.64,3.1,15000,0,2536.36
TXN-101132,2024-02-17 04:00:00,USA,Apparel,756.11,10,0.15,57.37,4.9,25000,1,7460.86
TXN-101133,2024-02-17 05:00:00,USA,Home & Kitchen,251.32,10,0.06,249.5,4.1,2500,0,2739.79
TXN-101134,2024-02-17 06:00:00,Germany,Electronics,380.7,6,0.1,326.05,4.0,2500,0,2539.11
TXN-101135,2024-02-17 07:00:00,USA,Home & Kitchen,311.42,1,0.22,1260.31,5.0,10000,0,1203.7
TXN-101136,2024-02-17 08:00:00,Canada,Home & Kitchen,75.58,13,0.07,397.98,4.0,2500,1,1608.19
TXN-101137,2024-02-17 09:00:00,UK,Automotive,577.13,11,0.08,207.15,,10000,0,6338.0
TXN-101138,2024-02-17 10:00:00,UK,Apparel,704.04,14,0.22,297.19,2.6,2500,0,7988.35
TXN-101139,2024-02-17 11:00:00,Germany,Health & Beauty,269.57,10,0.05,336.74,4.6,15000,0,3245.34
TXN-101140,2024-02-17 12:00:00,Canada,Health & Beauty,841.8,3,0.07,604.33,4.9,15000,0,3189.23
TXN-101141,2024-02-17 13:00:00,USA,Automotive,78.34,8,0.01,70.98,4.9,25000,0,1416.92
TXN-101142,2024-02-17 14:00:00,Germany,Books,567.6,5,0.22,296.7,3.1,15000,1,3110.1
TXN-101143,2024-02-17 15:00:00,Germany,Health & Beauty,389.27,8,0.19,570.01,3.1,5000,0,2836.11
TXN-101144,2024-02-17 16:00:00,USA,Home & Kitchen,387.91,2,0.21,216.56,3.4,15000,0,1043.71
TXN-101145,2024-02-17 17:00:00,Canada,Automotive,397.13,7,0.06,497.94,3.3,10000,1,3452.76
TXN-101146,2024-02-17 18:00:00,France,Electronics,231.0,9,0.21,271.02,3.3,25000,0,2422.14
TXN-101147,2024-02-17 19:00:00,Germany,Apparel,612.49,7,0.18,760.9,4.0,5000,0,4056.76
TXN-101148,2024-02-17 20:00:00,Canada,Apparel,617.52,3,0.11,81.26,4.5,5000,0,1961.05
TXN-101149,2024-02-17 21:00:00,Canada,Apparel,250.8,7,0.13,1300.29,4.8,2500,0,2312.38
TXN-101150,2024-02-17 22:00:00,France,Home & Kitchen,712.48,8,0.17,144.14,2.7,10000,0,5164.25
TXN-101151,2024-02-17 23:00:00,Canada,Electronics,279.57,14,0.15,136.31,3.2,15000,0,3760.89
TXN-101152,2024-02-18 00:00:00,Germany,,620.45,1,0.19,968.3,3.1,15000,0,1394.98
TXN-101153,2024-02-18 01:00:00,Germany,Automotive,116.03,13,0.05,1067.36,3.4,2500,0,2198.29
TXN-101154,2024-02-18 02:00:00,Germany,Apparel,155.87,13,0.16,98.79,3.6,15000,1,2388.88
TXN-101155,2024-02-18 03:00:00,France,Electronics,278.69,3,0.14,1246.91,3.5,5000,0,1430.39
TXN-101156,2024-02-18 04:00:00,USA,Electronics,510.88,5,0.14,209.62,4.9,15000,0,2750.71
TXN-101157,2024-02-18 05:00:00,Japan,Electronics,554.0,12,0.14,531.98,3.6,15000,0,6349.07
TXN-101158,2024-02-18 06:00:00,Canada,Health & Beauty,345.96,6,0.26,85.53,3.9,5000,0,1853.28
TXN-101159,2024-02-18 07:00:00,USA,Health & Beauty,80.0,3,0.25,,4.4,10000,0,572.19
TXN-101160,2024-02-18 08:00:00,Canada,Apparel,326.98,4,0.19,349.58,4.3,10000,0,1738.71
TXN-101161,2024-02-18 09:00:00,USA,Electronics,590.12,5,0.21,507.93,4.0,5000,1,2989.04
TXN-101162,2024-02-18 10:00:00,USA,Books,575.28,3,0.01,422.51,4.7,5000,1,2352.28
TXN-101163,2024-02-18 11:00:00,France,Electronics,148.76,4,0.22,359.48,4.1,25000,0,1315.31
TXN-101164,2024-02-18 12:00:00,USA,Automotive,21.5,5,0.15,1654.96,4.7,25000,1,1787.77
TXN-101165,2024-02-18 13:00:00,Canada,Automotive,643.74,2,0.1,152.3,3.3,15000,1,2035.47
TXN-101166,2024-02-18 14:00:00,Canada,Apparel,103.82,10,0.04,135.98,2.8,15000,0,1461.96
TXN-101167,2024-02-18 15:00:00,UK,Books,83.76,9,0.02,674.87,4.5,25000,0,1722.15
TXN-101168,2024-02-18 16:00:00,USA,Electronics,17.26,10,0.01,88.74,3.5,15000,1,970.12
TXN-101169,2024-02-18 17:00:00,USA,Books,376.22,8,0.05,379.75,4.1,10000,0,3490.46
TXN-101170,2024-02-18 18:00:00,Germany,Apparel,435.23,12,0.01,380.88,4.3,10000,1,5829.85
TXN-101171,2024-02-18 19:00:00,Australia,Automotive,547.45,6,0.22,235.55,3.3,2500,0,2871.8
TXN-101172,2024-02-18 20:00:00,Germany,Automotive,262.21,10,0.07,1382.81,3.8,25000,0,3904.22
TXN-101173,2024-02-18 21:00:00,USA,Health & Beauty,608.2,11,0.11,216.02,4.7,10000,0,6413.12
TXN-101174,2024-02-18 22:00:00,Germany,Apparel,156.39,3,0.25,220.15,4.7,2500,1,974.46
TXN-101175,2024-02-18 23:00:00,UK,Apparel,709.71,11,0.03,183.48,4.4,5000,0,8034.75
TXN-101176,2024-02-19 00:00:00,France,Electronics,492.49,2,0.25,128.79,4.4,10000,0,1233.59
TXN-101177,2024-02-19 01:00:00,USA,Electronics,502.55,7,0.19,276.29,4.7,2500,0,3151.22
TXN-101178,2024-02-19 02:00:00,France,Health & Beauty,190.16,8,0.1,621.11,4.3,15000,0,2136.76
TXN-101179,2024-02-19 03:00:00,UK,Home & Kitchen,76.88,10,0.04,727.71,3.3,2500,0,1164.83
TXN-101180,2024-02-19 04:00:00,Australia,Books,403.05,1,0.03,889.44,2.8,10000,0,1031.7
TXN-101181,2024-02-19 05:00:00,USA,Home & Kitchen,529.04,14,0.1,160.04,3.6,15000,0,7288.63
TXN-101182,2024-02-19 06:00:00,Germany,Home & Kitchen,94.36,6,0.04,68.14,2.7,15000,0,1064.17
TXN-101183,2024-02-19 07:00:00,Japan,Apparel,808.7,7,0.08,1888.2,2.8,2500,0,6376.59
TXN-101184,2024-02-19 08:00:00,USA,Books,833.65,13,0.02,57.22,4.9,2500,0,10990.85
TXN-101185,2024-02-19 09:00:00,Japan,Apparel,470.46,9,0.18,1668.0,4.2,10000,0,4600.24
TXN-101186,2024-02-19 10:00:00,Germany,Books,808.31,12,0.04,932.5,4.6,15000,0,10157.22
TXN-101187,2024-02-19 11:00:00,USA,Automotive,164.84,3,0.23,1265.63,4.1,25000,0,1746.59
TXN-101188,2024-02-19 12:00:00,USA,Apparel,36.23,2,0.07,294.85,3.5,2500,0,457.64
TXN-101189,2024-02-19 13:00:00,France,Apparel,47.91,5,0.24,159.83,2.6,25000,0,934.97
TXN-101190,2024-02-19 14:00:00,USA,Apparel,505.57,13,0.06,516.29,4.9,25000,0,7176.76
TXN-101191,2024-02-19 15:00:00,Germany,Health & Beauty,66.47,10,0.22,725.95,2.7,15000,0,1361.55
TXN-101192,2024-02-19 16:00:00,USA,Apparel,815.39,1,0.1,120.13,4.0,10000,0,1046.01
TXN-101193,2024-02-19 17:00:00,Germany,Electronics,133.51,13,0.17,848.81,2.8,25000,0,2351.43
TXN-101194,2024-02-19 18:00:00,USA,Electronics,269.44,6,0.01,166.97,3.2,10000,0,1949.87
TXN-101195,2024-02-19 19:00:00,Canada,Books,701.8,9,0.15,388.32,3.0,2500,0,5757.64
TXN-101196,2024-02-19 20:00:00,Australia,Automotive,197.65,10,0.04,1020.65,3.9,15000,0,2795.65
TXN-101197,2024-02-19 21:00:00,Australia,Health & Beauty,217.88,9,0.15,157.48,4.7,5000,0,2139.41
TXN-101198,2024-02-19 22:00:00,France,Books,551.33,7,0.04,188.46,4.1,15000,0,4272.91
TXN-101199,2024-02-19 23:00:00,USA,Electronics,245.53,14,0.13,82.41,4.2,5000,0,3502.14
TXN-101200,2024-02-20 00:00:00,France,Health & Beauty,196.57,11,0.03,129.27,4.8,2500,0,2558.67
TXN-101201,2024-02-20 01:00:00,USA,Health & Beauty,227.24,7,0.07,129.22,4.4,10000,0,1946.61
TXN-101202,2024-02-20 02:00:00,USA,Automotive,424.69,8,0.18,163.72,4.7,2500,0,3012.48
TXN-101203,2024-02-20 03:00:00,USA,Health & Beauty,821.69,10,0.29,218.58,3.5,15000,0,6444.98
TXN-101204,2024-02-20 04:00:00,UK,Apparel,709.92,14,0.13,893.65,4.7,5000,0,9271.4
TXN-101205,2024-02-20 05:00:00,France,Health & Beauty,252.65,2,0.21,1287.07,4.1,5000,0,1184.91
TXN-101206,2024-02-20 06:00:00,Germany,Automotive,318.42,14,0.16,310.67,2.8,15000,1,4528.9
TXN-101207,2024-02-20 07:00:00,UK,Books,402.87,6,0.15,118.6,2.6,15000,0,2491.97
TXN-101208,2024-02-20 08:00:00,USA,Automotive,832.41,5,0.02,176.68,3.1,2500,0,4392.03
TXN-101209,2024-02-20 09:00:00,Australia,Automotive,158.95,5,0.04,716.29,3.4,25000,0,1764.48
TXN-101210,2024-02-20 10:00:00,UK,Electronics,313.5,13,0.26,615.71,4.6,5000,0,3519.2
TXN-101211,2024-02-20 11:00:00,UK,Apparel,624.07,3,0.12,1758.77,4.4,15000,0,2913.33
TXN-101212,2024-02-20 12:00:00,USA,Electronics,819.89,3,0.18,57.3,4.9,2500,0,2204.43
TXN-101213,2024-02-20 13:00:00,France,Books,144.99,6,0.16,744.67,3.9,25000,1,2023.5
TXN-101214,2024-02-20 14:00:00,Germany,Home & Kitchen,204.86,12,0.11,402.4,4.4,10000,1,2868.17
TXN-101215,2024-02-20 15:00:00,USA,Books,203.46,10,0.12,1214.94,3.2,15000,0,2762.39
TXN-101216,2024-02-20 16:00:00,USA,Apparel,32.48,13,0.17,479.21,4.2,25000,1,1453.42
TXN-101217,2024-02-20 17:00:00,Germany,Health & Beauty,519.44,10,0.04,345.9,4.3,10000,0,5579.42
TXN-101218,2024-02-20 18:00:00,Germany,Automotive,575.04,7,0.12,598.08,4.6,10000,0,4153.67
TXN-101219,2024-02-20 19:00:00,USA,Home & Kitchen,518.11,14,0.13,946.45,3.8,2500,0,6889.48
TXN-101220,2024-02-20 20:00:00,Australia,Apparel,74.55,1,0.3,215.99,4.1,5000,0,465.59
TXN-101221,2024-02-20 21:00:00,USA,Electronics,72.81,14,0.11,106.88,3.0,15000,0,1426.28
TXN-101222,2024-02-20 22:00:00,UK,Automotive,190.67,3,0.19,333.71,4.3,25000,0,1223.29
TXN-101223,2024-02-20 23:00:00,Japan,Books,257.4,12,0.04,170.73,4.6,10000,1,3746.18
TXN-101224,2024-02-21 00:00:00,UK,Electronics,671.76,1,0.02,330.66,4.0,5000,0,1283.66
TXN-101225,2024-02-21 01:00:00,Germany,Apparel,148.09,10,0.26,2407.95,2.8,10000,0,2467.72
TXN-101226,2024-02-21 02:00:00,UK,Apparel,51.82,3,0.22,,3.3,15000,0,686.04
TXN-101227,2024-02-21 03:00:00,USA,Books,343.98,5,0.1,641.43,3.7,15000,0,2307.49
TXN-101228,2024-02-21 04:00:00,Australia,Home & Kitchen,362.69,9,0.15,616.49,4.2,2500,0,3180.46
TXN-101229,2024-02-21 05:00:00,UK,Books,391.51,3,0.04,909.35,3.3,15000,0,1964.56
TXN-101230,2024-02-21 06:00:00,Japan,Health & Beauty,705.46,10,0.21,1492.35,4.6,15000,0,6711.29
TXN-101231,2024-02-21 07:00:00,USA,Electronics,96.83,14,0.02,587.67,3.4,15000,0,2101.34
TXN-101232,2024-02-21 08:00:00,USA,Home & Kitchen,602.79,10,0.23,373.22,2.6,5000,0,4885.93
TXN-101233,2024-02-21 09:00:00,USA,Automotive,297.18,9,0.16,241.24,4.5,25000,1,3181.43
TXN-101234,2024-02-21 10:00:00,Germany,Health & Beauty,273.83,1,0.08,273.36,4.1,25000,0,1089.98
TXN-101235,2024-02-21 11:00:00,UK,Home & Kitchen,793.67,6,0.26,253.59,4.5,15000,0,4183.91
TXN-101236,2024-02-21 12:00:00,Canada,Electronics,222.47,9,0.3,246.13,3.4,25000,0,1993.55
TXN-101237,2024-02-21 13:00:00,UK,Apparel,551.51,12,0.08,643.11,2.5,15000,0,6912.24
TXN-101238,2024-02-21 14:00:00,Australia,Automotive,244.73,5,0.24,493.01,2.7,25000,0,1843.38
TXN-101239,2024-02-21 15:00:00,USA,Books,438.47,11,0.23,162.82,2.8,25000,0,4359.39
TXN-101240,2024-02-21 16:00:00,Canada,Electronics,671.55,14,0.22,1797.08,4.5,10000,0,8552.16
TXN-101241,2024-02-21 17:00:00,France,Health & Beauty,751.24,10,0.29,329.07,3.3,5000,0,5572.72
TXN-101242,2024-02-21 18:00:00,France,Health & Beauty,715.31,2,0.15,467.45,5.0,10000,0,1907.72
TXN-101243,2024-02-21 19:00:00,Canada,Apparel,501.12,5,0.2,656.34,4.4,10000,0,2630.13
TXN-101244,2024-02-21 20:00:00,France,Apparel,222.76,1,0.25,525.54,4.0,25000,0,1055.09
TXN-101245,2024-02-21 21:00:00,Germany,Automotive,567.13,9,0.14,236.29,5.0,2500,0,4762.13
TXN-101246,2024-02-21 22:00:00,USA,Books,607.77,10,0.14,849.02,3.3,2500,1,6154.04
TXN-101247,2024-02-21 23:00:00,USA,Automotive,23.93,13,0.1,108.35,2.9,5000,0,596.62
TXN-101248,2024-02-22 00:00:00,Japan,Apparel,381.74,10,0.23,470.82,4.3,15000,0,3616.0
TXN-101249,2024-02-22 01:00:00,Germany,Apparel,719.12,9,0.21,209.63,3.2,25000,0,5804.14
TXN-101250,2024-02-22 02:00:00,France,Health & Beauty,423.81,6,0.14,528.25,4.9,5000,0,2763.11
TXN-101251,2024-02-22 03:00:00,UK,Apparel,275.0,11,0.13,172.95,5.0,10000,0,3127.74
TXN-101252,2024-02-22 04:00:00,USA,Home & Kitchen,742.95,9,0.02,789.64,4.8,25000,0,7604.81
TXN-101253,2024-02-22 05:00:00,USA,Electronics,145.16,14,0.0,179.09,4.9,10000,0,2533.81
TXN-101254,2024-02-22 06:00:00,Germany,Apparel,187.38,3,0.16,1155.42,4.0,5000,0,1250.5
TXN-101255,2024-02-22 07:00:00,UK,Automotive,588.96,4,0.13,1038.64,4.2,2500,0,2630.75
TXN-101256,2024-02-22 08:00:00,USA,Books,309.28,13,0.24,275.02,2.7,5000,0,3396.34
TXN-101257,2024-02-22 09:00:00,UK,Books,610.37,6,0.16,293.73,4.4,25000,0,3904.7
TXN-101258,2024-02-22 10:00:00,USA,Books,146.68,4,0.28,654.5,3.0,25000,1,1612.61
TXN-101259,2024-02-22 11:00:00,Germany,Home & Kitchen,225.64,1,0.06,97.36,4.6,15000,0,682.64
TXN-101260,2024-02-22 12:00:00,USA,Automotive,145.8,7,0.3,92.19,4.9,2500,0,962.41
TXN-101261,2024-02-22 13:00:00,France,Home & Kitchen,810.68,5,0.09,123.28,3.0,25000,1,4760.21
TXN-101262,2024-02-22 14:00:00,USA,Apparel,353.51,14,0.19,463.31,2.7,2500,0,4329.54
TXN-101263,2024-02-22 15:00:00,UK,Electronics,296.58,8,0.15,130.67,3.7,25000,0,2782.78
TXN-101264,2024-02-22 16:00:00,USA,Books,26.86,9,0.11,212.6,4.5,2500,0,499.57
TXN-101265,2024-02-22 17:00:00,USA,Automotive,143.1,5,0.04,570.52,4.4,5000,1,1340.33
TXN-101266,2024-02-22 18:00:00,UK,Books,366.65,8,0.04,57.87,4.2,2500,0,3072.6
TXN-101267,2024-02-22 19:00:00,UK,Home & Kitchen,72.2,13,0.21,149.37,4.6,10000,0,1264.73
TXN-101268,2024-02-22 20:00:00,Germany,Health & Beauty,441.47,1,0.11,1379.13,2.9,5000,1,1467.32
TXN-101269,2024-02-22 21:00:00,USA,Apparel,394.94,1,0.29,594.69,4.1,25000,0,1072.82
TXN-101270,2024-02-22 22:00:00,Germany,Electronics,655.59,7,0.1,232.32,4.0,25000,0,4736.1
TXN-101271,2024-02-22 23:00:00,Canada,Apparel,565.94,6,0.3,73.18,2.9,15000,1,3182.67
TXN-101272,2024-02-23 00:00:00,France,Health & Beauty,387.37,5,0.06,491.0,3.5,10000,0,2397.95
TXN-101273,2024-02-23 01:00:00,USA,Electronics,202.59,14,0.03,176.07,4.6,15000,0,3385.98
TXN-101274,2024-02-23 02:00:00,UK,Health & Beauty,621.93,5,0.09,1661.64,4.9,5000,1,4166.55
TXN-101275,2024-02-23 03:00:00,USA,Apparel,606.06,14,0.27,630.71,4.2,15000,0,6874.72
TXN-101276,2024-02-23 04:00:00,USA,Home & Kitchen,143.0,9,0.16,1877.22,4.8,5000,0,2221.36
TXN-101277,2024-02-23 05:00:00,Australia,Apparel,778.82,1,0.04,994.9,2.8,15000,0,1485.61
TXN-101278,2024-02-23 06:00:00,USA,Apparel,68.78,8,0.06,379.88,4.9,2500,0,1034.34
TXN-101279,2024-02-23 07:00:00,UK,,60.96,2,0.09,603.67,2.6,5000,0,625.14
TXN-101280,2024-02-23 08:00:00,Germany,Automotive,171.44,7,0.18,885.94,3.8,5000,0,1712.99
TXN-101281,2024-02-23 09:00:00,France,Health & Beauty,774.4,6,0.1,481.59,3.2,2500,0,4695.73
TXN-101282,2024-02-23 10:00:00,Germany,Health & Beauty,449.2,10,0.22,81.73,4.5,2500,0,3764.53
TXN-101283,2024-02-23 11:00:00,USA,Books,672.93,2,0.18,367.86,3.0,10000,0,1544.83
TXN-101284,2024-02-23 12:00:00,USA,Health & Beauty,205.25,12,0.26,119.96,2.5,2500,0,2030.63
TXN-101285,2024-02-23 13:00:00,UK,Books,424.34,13,0.15,677.36,,15000,1,5802.68
TXN-101286,2024-02-23 14:00:00,USA,Automotive,314.17,3,0.1,620.7,2.7,2500,0,1173.77
TXN-101287,2024-02-23 15:00:00,UK,Home & Kitchen,706.24,4,0.3,2524.41,3.2,2500,0,3309.11
TXN-101288,2024-02-23 16:00:00,USA,Books,33.87,7,0.11,545.52,4.1,5000,0,805.39
TXN-101289,2024-02-23 17:00:00,USA,Apparel,218.61,8,0.13,855.06,3.2,5000,0,2174.94
TXN-101290,2024-02-23 18:00:00,UK,Home & Kitchen,142.4,13,0.24,206.18,3.1,2500,0,1775.04
TXN-101291,2024-02-23 19:00:00,USA,Automotive,732.42,11,0.03,257.78,2.9,10000,0,8138.62
TXN-101292,2024-02-23 20:00:00,Germany,Health & Beauty,405.4,2,0.12,1294.6,2.8,5000,0,1609.06
TXN-101293,2024-02-23 21:00:00,Germany,Books,352.52,8,0.03,753.64,3.8,15000,0,3495.76
TXN-101294,2024-02-23 22:00:00,Canada,Apparel,390.32,11,0.04,582.5,4.2,15000,0,4705.29
TXN-101295,2024-02-23 23:00:00,USA,Electronics,826.56,9,0.0,196.53,3.6,2500,0,7713.33
TXN-101296,2024-02-24 00:00:00,USA,Electronics,724.97,7,0.0,649.62,2.8,2500,0,5476.01
TXN-101297,2024-02-24 01:00:00,USA,Home & Kitchen,604.82,1,0.11,1139.14,4.1,10000,0,1422.28
TXN-101298,2024-02-24 02:00:00,Germany,Health & Beauty,257.55,6,0.24,181.2,3.9,2500,0,1359.87
TXN-101299,2024-02-24 03:00:00,France,Electronics,152.92,8,0.18,,3.5,25000,0,1948.83
TXN-101300,2024-02-24 04:00:00,USA,Home & Kitchen,784.4,5,0.19,300.19,3.3,25000,0,3914.41
TXN-101301,2024-02-24 05:00:00,Japan,Automotive,368.27,12,0.16,113.22,3.0,2500,0,4107.14
TXN-101302,2024-02-24 06:00:00,USA,Home & Kitchen,247.76,2,0.25,770.82,2.9,25000,0,1362.91
TXN-101303,2024-02-24 07:00:00,UK,Home & Kitchen,408.22,5,0.26,141.44,3.3,15000,0,2040.82
TXN-101304,2024-02-24 08:00:00,France,Home & Kitchen,781.4,8,0.25,195.78,2.6,2500,0,4925.25
TXN-101305,2024-02-24 09:00:00,Canada,Apparel,338.2,2,0.24,813.8,3.6,15000,0,1442.08
TXN-101306,2024-02-24 10:00:00,France,Home & Kitchen,484.81,1,0.05,727.66,4.0,15000,0,1306.84
TXN-101307,2024-02-24 11:00:00,Canada,Books,685.48,4,0.18,196.64,4.9,25000,0,3178.41
TXN-101308,2024-02-24 12:00:00,USA,Home & Kitchen,371.66,4,0.17,1464.81,4.1,10000,0,2361.92
TXN-101309,2024-02-24 13:00:00,Canada,Apparel,210.01,9,0.16,171.22,4.1,15000,0,2118.41
TXN-101310,2024-02-24 14:00:00,USA,Apparel,845.43,3,0.14,2577.47,3.4,25000,0,4052.44
TXN-101311,2024-02-24 15:00:00,Japan,Automotive,813.74,4,0.03,719.51,2.8,10000,0,3872.22
TXN-101312,2024-02-24 16:00:00,UK,Health & Beauty,719.31,3,0.03,299.21,3.6,25000,0,2965.41
TXN-101313,2024-02-24 17:00:00,Canada,Electronics,589.79,2,0.27,119.83,4.0,25000,1,1877.13
TXN-101314,2024-02-24 18:00:00,UK,Electronics,261.21,4,0.19,243.21,4.3,2500,0,1091.78
TXN-101315,2024-02-24 19:00:00,Germany,Home & Kitchen,777.7,14,0.08,157.67,4.6,5000,0,10392.39
TXN-101316,2024-02-24 20:00:00,UK,Automotive,245.09,8,0.08,536.22,3.1,10000,0,2393.55
TXN-101317,2024-02-24 21:00:00,France,Home & Kitchen,683.68,1,0.18,270.69,3.1,25000,0,1327.61
TXN-101318,2024-02-24 22:00:00,USA,Electronics,781.75,8,0.12,224.78,3.9,15000,0,6171.96
TXN-101319,2024-02-24 23:00:00,USA,Apparel,518.51,8,0.13,757.62,3.9,15000,1,4623.8
TXN-101320,2024-02-25 00:00:00,USA,Health & Beauty,685.55,3,0.02,181.07,3.0,5000,0,2342.89
TXN-101321,2024-02-25 01:00:00,USA,Automotive,676.07,14,0.04,492.02,4.0,10000,1,9932.22
TXN-101322,2024-02-25 02:00:00,Canada,Apparel,176.29,10,0.12,158.21,3.4,2500,0,1880.23
TXN-101323,2024-02-25 03:00:00,USA,Health & Beauty,572.72,10,0.21,677.28,4.1,10000,0,5358.58
TXN-101324,2024-02-25 04:00:00,Australia,Automotive,93.05,12,0.01,540.58,3.2,15000,0,1842.5
TXN-101325,2024-02-25 05:00:00,USA,Automotive,439.05,12,0.1,850.12,4.0,15000,0,5648.79
TXN-101326,2024-02-25 06:00:00,USA,Electronics,150.47,6,0.21,85.48,4.4,2500,0,918.11
TXN-101327,2024-02-25 07:00:00,France,Apparel,362.65,13,0.24,167.93,5.0,2500,0,3810.06
TXN-101328,2024-02-25 08:00:00,Germany,Automotive,710.54,13,0.06,133.89,4.8,15000,0,9279.51
TXN-101329,2024-02-25 09:00:00,UK,Books,839.29,4,0.22,155.71,3.8,25000,0,3344.73
TXN-101330,2024-02-25 10:00:00,Germany,Automotive,280.5,13,0.29,104.36,3.7,25000,0,3339.3
TXN-101331,2024-02-25 11:00:00,France,Health & Beauty,459.18,1,0.27,462.86,3.6,2500,0,706.45
TXN-101332,2024-02-25 12:00:00,USA,Electronics,441.93,14,0.24,500.0,2.6,25000,0,5656.37
TXN-101333,2024-02-25 13:00:00,Australia,Home & Kitchen,811.93,1,0.21,977.32,2.9,2500,1,1416.02
TXN-101334,2024-02-25 14:00:00,Australia,Electronics,414.62,5,0.07,320.42,2.6,10000,0,2373.49
TXN-101335,2024-02-25 15:00:00,Germany,Home & Kitchen,598.75,12,0.19,430.05,4.2,10000,0,6371.06
TXN-101336,2024-02-25 16:00:00,USA,Apparel,784.69,8,0.19,2422.45,3.5,10000,0,6620.21
TXN-101337,2024-02-25 17:00:00,Germany,Apparel,326.77,1,0.12,429.48,2.7,2500,0,633.83
TXN-101338,2024-02-25 18:00:00,USA,Automotive,768.27,2,0.15,476.16,4.2,2500,0,1713.09
TXN-101339,2024-02-25 19:00:00,USA,Books,781.08,7,0.21,2800.51,4.1,25000,0,6270.56
TXN-101340,2024-02-25 20:00:00,USA,Apparel,792.1,8,0.29,2618.9,4.3,25000,1,6558.02
TXN-101341,2024-02-25 21:00:00,UK,Automotive,240.82,12,0.09,325.85,4.0,25000,0,3454.61
TXN-101342,2024-02-25 22:00:00,Canada,Electronics,349.3,14,0.07,553.86,2.9,5000,0,5017.24
TXN-101343,2024-02-25 23:00:00,France,Apparel,741.78,3,0.18,377.74,2.7,2500,0,2397.4
TXN-101344,2024-02-26 00:00:00,France,Electronics,314.9,11,0.04,687.76,4.5,10000,0,4000.34
TXN-101345,2024-02-26 01:00:00,UK,Electronics,516.21,12,0.17,1443.44,3.0,10000,0,6118.85
TXN-101346,2024-02-26 02:00:00,USA,Books,113.58,13,0.03,235.29,3.9,5000,0,1831.08
TXN-101347,2024-02-26 03:00:00,UK,Apparel,61.99,8,0.15,904.28,3.7,5000,0,1116.81
TXN-101348,2024-02-26 04:00:00,Australia,Electronics,359.01,1,0.19,581.89,4.8,10000,0,1052.1
TXN-101349,2024-02-26 05:00:00,USA,Books,498.4,9,0.02,214.38,3.9,2500,0,4871.56
TXN-101350,2024-02-26 06:00:00,Canada,Books,342.9,12,0.06,848.01,4.0,10000,1,4815.43
TXN-101351,2024-02-26 07:00:00,Germany,Apparel,497.41,2,0.1,328.55,3.3,10000,0,1426.78
TXN-101352,2024-02-26 08:00:00,UK,Books,445.1,14,0.11,114.14,4.9,5000,0,5904.66
TXN-101353,2024-02-26 09:00:00,France,Apparel,587.57,13,0.2,2561.58,4.0,5000,0,7569.87
TXN-101354,2024-02-26 10:00:00,UK,Apparel,557.36,2,0.16,327.25,2.5,25000,0,1784.96
TXN-101355,2024-02-26 11:00:00,Canada,Home & Kitchen,369.25,4,0.11,439.95,3.9,5000,1,2168.22
TXN-101356,2024-02-26 12:00:00,Japan,Electronics,369.87,12,0.14,875.03,3.4,10000,0,4633.79
TXN-101357,2024-02-26 13:00:00,UK,Health & Beauty,132.55,10,0.0,,2.6,25000,1,2969.45
TXN-101358,2024-02-26 14:00:00,USA,Apparel,443.55,3,0.23,1081.34,3.6,10000,0,1955.31
TXN-101359,2024-02-26 15:00:00,Germany,Electronics,505.29,4,0.01,422.28,4.4,2500,0,2371.66
TXN-101360,2024-02-26 16:00:00,Japan,Books,412.87,6,0.25,444.49,3.8,2500,0,2220.87
TXN-101361,2024-02-26 17:00:00,USA,Automotive,286.97,7,0.16,214.87,4.1,5000,1,2332.05
TXN-101362,2024-02-26 18:00:00,Germany,Apparel,617.58,5,0.16,360.7,4.1,25000,0,3533.75
TXN-101363,2024-02-26 19:00:00,Germany,Books,77.34,2,0.21,1517.21,4.2,15000,1,1520.29
TXN-101364,2024-02-26 20:00:00,France,Books,778.56,3,0.26,699.03,3.5,2500,0,2235.23
TXN-101365,2024-02-26 21:00:00,USA,Books,32.24,10,0.28,55.97,3.4,2500,0,301.72
TXN-101366,2024-02-26 22:00:00,France,Books,818.56,11,0.16,111.94,2.5,2500,0,7967.43
TXN-101367,2024-02-26 23:00:00,Japan,Books,401.07,3,0.05,1337.27,2.9,2500,0,1906.93
TXN-101368,2024-02-27 00:00:00,USA,Apparel,359.58,14,0.26,994.31,4.9,5000,0,4273.89
TXN-101369,2024-02-27 01:00:00,USA,Health & Beauty,229.13,5,0.01,382.93,4.6,25000,1,2276.88
TXN-101370,2024-02-27 02:00:00,Australia,Home & Kitchen,23.41,12,0.24,529.83,3.2,2500,0,683.75
TXN-101371,2024-02-27 03:00:00,USA,Books,244.45,11,0.2,221.0,3.5,5000,0,2489.71
TXN-101372,2024-02-27 04:00:00,Canada,Books,106.35,12,0.27,837.11,4.8,25000,0,1951.51
TXN-101373,2024-02-27 05:00:00,UK,Home & Kitchen,565.95,5,0.27,512.31,3.1,25000,0,3007.58
TXN-101374,2024-02-27 06:00:00,USA,Apparel,281.43,4,0.02,643.44,3.8,15000,0,1926.41
TXN-101375,2024-02-27 07:00:00,Canada,Electronics,655.59,8,0.18,284.93,2.6,10000,0,4787.97
TXN-101376,2024-02-27 08:00:00,UK,Automotive,187.78,6,0.04,331.44,4.0,2500,0,1399.62
TXN-101377,2024-02-27 09:00:00,UK,Automotive,766.7,6,0.02,166.4,4.8,5000,0,4850.38
TXN-101378,2024-02-27 10:00:00,UK,Electronics,451.69,1,0.13,1528.76,4.7,25000,0,1764.38
TXN-101379,2024-02-27 11:00:00,Germany,Apparel,110.61,6,0.03,,3.8,15000,0,1763.15
TXN-101380,2024-02-27 12:00:00,USA,Automotive,349.71,3,0.22,901.19,4.1,10000,0,1658.39
TXN-101381,2024-02-27 13:00:00,UK,Home & Kitchen,187.65,13,0.29,1420.97,3.9,25000,0,3015.36
TXN-101382,2024-02-27 14:00:00,Australia,Electronics,181.74,6,0.17,597.3,2.7,25000,0,1719.35
TXN-101383,2024-02-27 15:00:00,USA,Health & Beauty,437.82,10,0.07,183.71,2.9,2500,0,4368.75
TXN-101384,2024-02-27 16:00:00,Germany,Apparel,576.03,13,0.25,764.0,4.9,10000,0,6570.72
TXN-101385,2024-02-27 17:00:00,USA,Electronics,776.2,11,0.26,246.73,3.1,10000,0,6705.85
TXN-101386,2024-02-27 18:00:00,France,Automotive,434.31,13,0.22,340.34,3.5,5000,0,4757.79
TXN-101387,2024-02-27 19:00:00,USA,Apparel,821.48,6,0.18,210.34,3.8,15000,1,4847.54
TXN-101388,2024-02-27 20:00:00,Australia,Home & Kitchen,801.27,2,0.26,325.5,4.9,5000,0,1713.36
TXN-101389,2024-02-27 21:00:00,UK,Apparel,737.33,1,0.05,618.65,4.2,15000,0,1513.11
TXN-101390,2024-02-27 22:00:00,USA,Apparel,432.48,11,0.28,108.61,4.1,5000,0,3749.16
TXN-101391,2024-02-27 23:00:00,USA,Home & Kitchen,132.65,3,0.28,105.58,3.8,15000,0,770.15
TXN-101392,2024-02-28 00:00:00,USA,Books,196.95,5,0.26,625.64,4.3,2500,0,1421.7
TXN-101393,2024-02-28 01:00:00,UK,Home & Kitchen,555.8,4,0.08,806.11,4.2,15000,0,2988.61
TXN-101394,2024-02-28 02:00:00,USA,Apparel,367.17,7,0.26,450.89,4.8,5000,0,2559.66
TXN-101395,2024-02-28 03:00:00,Canada,Home & Kitchen,137.58,4,0.15,150.23,3.9,10000,0,967.11
TXN-101396,2024-02-28 04:00:00,UK,Books,414.96,8,0.18,331.72,3.6,25000,1,3775.93
TXN-101397,2024-02-28 05:00:00,USA,Electronics,29.55,7,0.25,759.77,4.5,15000,1,1281.43
TXN-101398,2024-02-28 06:00:00,Germany,Home & Kitchen,627.8,10,0.01,628.76,4.5,15000,0,7145.19
TXN-101399,2024-02-28 07:00:00,France,Home & Kitchen,76.44,9,0.11,108.19,2.9,10000,0,1032.58
TXN-101400,2024-02-28 08:00:00,USA,Apparel,540.31,1,0.24,1789.26,3.1,2500,0,1267.84
TXN-101401,2024-02-28 09:00:00,USA,Electronics,677.16,5,0.24,176.39,4.9,5000,0,3085.27
TXN-101402,2024-02-28 10:00:00,USA,Health & Beauty,125.76,13,0.25,174.48,3.6,2500,0,1636.43
TXN-101403,2024-02-28 11:00:00,France,Health & Beauty,448.06,4,0.05,357.96,3.8,15000,0,2433.69
TXN-101404,2024-02-28 12:00:00,Germany,Automotive,665.52,6,0.21,248.19,3.3,15000,0,3607.33
TXN-101405,2024-02-28 13:00:00,UK,Home & Kitchen,232.63,1,0.04,2117.15,3.7,2500,0,1423.49
TXN-101406,2024-02-28 14:00:00,Canada,Home & Kitchen,151.04,6,0.24,89.79,4.4,5000,0,1109.18
TXN-101407,2024-02-28 15:00:00,Canada,Electronics,296.24,1,0.07,232.96,3.7,15000,0,848.11
TXN-101408,2024-02-28 16:00:00,Germany,Books,478.17,14,0.22,291.22,3.3,15000,1,6081.64
TXN-101409,2024-02-28 17:00:00,Canada,Health & Beauty,495.36,14,0.14,390.07,,2500,1,6605.96
TXN-101410,2024-02-28 18:00:00,USA,Automotive,124.28,1,0.3,58.27,4.8,25000,0,763.11
TXN-101411,2024-02-28 19:00:00,USA,Electronics,397.07,8,0.17,92.98,4.7,10000,0,3127.49
TXN-101412,2024-02-28 20:00:00,USA,Home & Kitchen,239.02,2,0.19,199.07,4.5,15000,0,900.44
TXN-101413,2024-02-28 21:00:00,USA,Health & Beauty,718.09,10,0.11,453.72,4.2,5000,0,6875.96
TXN-101414,2024-02-28 22:00:00,UK,Automotive,276.84,13,0.22,780.02,3.8,25000,1,4033.05
TXN-101415,2024-02-28 23:00:00,Japan,Apparel,715.32,14,0.15,629.97,4.7,2500,0,9127.33
TXN-101416,2024-02-29 00:00:00,USA,Health & Beauty,372.85,6,0.01,468.54,4.5,2500,0,2731.58
TXN-101417,2024-02-29 01:00:00,USA,Automotive,621.7,14,0.18,303.11,4.5,5000,0,7621.41
TXN-101418,2024-02-29 02:00:00,UK,Electronics,440.9,6,0.25,1072.79,3.3,25000,0,3137.86
TXN-101419,2024-02-29 03:00:00,Japan,Apparel,534.34,6,0.07,357.88,3.6,5000,0,3439.54
TXN-101420,2024-02-29 04:00:00,USA,Automotive,345.12,8,0.07,227.8,4.3,15000,1,3574.41
TXN-101421,2024-02-29 05:00:00,UK,Automotive,656.45,4,0.18,546.23,3.4,25000,0,3157.91
TXN-101422,2024-02-29 06:00:00,USA,Home & Kitchen,370.03,3,0.25,639.01,3.7,10000,0,1409.69
TXN-101423,2024-02-29 07:00:00,USA,Books,396.98,6,0.07,304.14,4.1,10000,1,2943.78
TXN-101424,2024-02-29 08:00:00,Australia,Health & Beauty,447.26,4,0.28,64.27,3.6,5000,0,1562.34
TXN-101425,2024-02-29 09:00:00,Australia,Home & Kitchen,709.57,2,0.28,99.43,4.5,10000,1,1699.64
TXN-101426,2024-02-29 10:00:00,USA,Apparel,565.58,6,0.06,984.1,2.8,5000,0,3792.56
TXN-101427,2024-02-29 11:00:00,Australia,Books,306.55,10,0.08,79.1,,15000,1,3646.29
TXN-101428,2024-02-29 12:00:00,Germany,Automotive,574.72,5,0.21,498.27,2.9,15000,0,2919.98
TXN-101429,2024-02-29 13:00:00,Canada,Home & Kitchen,551.43,11,0.29,151.49,4.8,5000,1,4958.24
TXN-101430,2024-02-29 14:00:00,UK,Books,792.4,9,0.21,179.99,3.3,15000,0,6026.71
TXN-101431,2024-02-29 15:00:00,UK,Health & Beauty,717.58,11,0.13,209.64,4.5,10000,0,7238.25
TXN-101432,2024-02-29 16:00:00,UK,Apparel,555.62,6,0.05,69.52,3.8,15000,0,3626.02
TXN-101433,2024-02-29 17:00:00,Germany,Electronics,300.16,14,0.14,147.54,2.7,10000,0,4050.46
TXN-101434,2024-02-29 18:00:00,USA,Home & Kitchen,665.95,3,0.18,575.63,4.0,10000,0,2315.51
TXN-101435,2024-02-29 19:00:00,USA,Apparel,495.3,11,0.1,395.29,4.8,2500,1,5677.95
TXN-101436,2024-02-29 20:00:00,USA,Electronics,837.7,5,0.15,848.09,2.9,15000,0,4316.31
TXN-101437,2024-02-29 21:00:00,France,Home & Kitchen,221.67,10,0.04,81.6,3.3,15000,0,2668.11
TXN-101438,2024-02-29 22:00:00,USA,Apparel,81.51,8,0.14,1148.65,3.6,5000,0,1462.1
TXN-101439,2024-02-29 23:00:00,Germany,Apparel,73.36,9,0.03,2863.21,3.2,5000,1,2497.01
TXN-101440,2024-03-01 00:00:00,Australia,Books,549.43,8,0.01,57.93,4.9,25000,0,4994.66
TXN-101441,2024-03-01 01:00:00,USA,Home & Kitchen,799.28,3,0.26,1765.42,3.4,10000,1,3260.47
TXN-101442,2024-03-01 02:00:00,Germany,Apparel,16.61,9,0.06,184.5,4.1,2500,0,484.15
TXN-101443,2024-03-01 03:00:00,UK,Automotive,621.02,3,0.17,639.71,3.1,10000,0,2210.04
TXN-101444,2024-03-01 04:00:00,Canada,Home & Kitchen,563.65,8,0.04,223.0,3.0,15000,0,5063.83
TXN-101445,2024-03-01 05:00:00,USA,Apparel,626.47,10,0.08,418.88,2.9,25000,0,6602.25
TXN-101446,2024-03-01 06:00:00,Germany,Books,311.76,9,0.11,407.1,3.6,10000,0,3092.89
TXN-101447,2024-03-01 07:00:00,Canada,Electronics,700.11,7,0.04,274.01,3.8,25000,0,5506.55
TXN-101448,2024-03-01 08:00:00,Japan,Electronics,52.33,4,0.01,682.12,2.5,10000,0,807.22
TXN-101449,2024-03-01 09:00:00,Germany,Automotive,645.78,10,0.26,507.69,4.6,15000,0,5543.4
TXN-101450,2024-03-01 10:00:00,UK,Home & Kitchen,238.01,9,0.0,404.92,3.8,15000,1,3010.33
TXN-101451,2024-03-01 11:00:00,Germany,Books,413.16,3,0.02,2082.57,2.9,10000,0,2493.99
TXN-101452,2024-03-01 12:00:00,Canada,Apparel,701.9,3,0.24,1456.78,2.7,2500,0,2403.25
TXN-101453,2024-03-01 13:00:00,Germany,Apparel,241.58,2,0.08,1605.41,2.7,15000,0,1422.17
TXN-101454,2024-03-01 14:00:00,USA,Electronics,169.65,10,0.22,1115.68,3.1,5000,0,2025.49
TXN-101455,2024-03-01 15:00:00,Japan,Books,583.9,3,0.04,197.29,3.7,2500,0,2063.36
TXN-101456,2024-03-01 16:00:00,Germany,Automotive,460.38,1,0.07,265.37,4.7,10000,0,1000.65
TXN-101457,2024-03-01 17:00:00,Germany,Electronics,444.53,4,0.17,181.37,4.8,2500,1,2054.72
TXN-101458,2024-03-01 18:00:00,USA,Electronics,229.4,8,0.3,2190.71,4.6,5000,1,2835.35
TXN-101459,2024-03-01 19:00:00,Germany,Automotive,44.13,5,0.02,132.83,3.3,15000,0,660.07
TXN-101460,2024-03-01 20:00:00,UK,Home & Kitchen,357.57,2,0.12,278.26,3.3,15000,0,1147.21
TXN-101461,2024-03-01 21:00:00,Germany,Apparel,103.98,3,0.01,,5.0,15000,0,906.79
TXN-101462,2024-03-01 22:00:00,USA,Home & Kitchen,771.5,1,0.06,176.45,4.2,5000,1,1326.35
TXN-101463,2024-03-01 23:00:00,Germany,Books,49.44,2,0.27,191.9,3.3,2500,0,296.75
TXN-101464,2024-03-02 00:00:00,Australia,Health & Beauty,375.43,1,0.03,560.37,3.3,10000,0,959.5
TXN-101465,2024-03-02 01:00:00,USA,Health & Beauty,58.63,2,0.26,89.55,3.6,10000,0,400.06
TXN-101466,2024-03-02 02:00:00,Australia,Health & Beauty,94.78,3,0.05,474.94,,2500,0,844.28
TXN-101467,2024-03-02 03:00:00,UK,Automotive,565.15,1,0.26,905.42,4.7,15000,0,1408.8
TXN-101468,2024-03-02 04:00:00,Canada,Electronics,555.34,11,0.16,777.34,3.0,10000,0,5642.41
TXN-101469,2024-03-02 05:00:00,France,Home & Kitchen,42.6,9,0.26,131.95,2.7,15000,0,831.68
TXN-101470,2024-03-02 06:00:00,Germany,Apparel,15.94,10,0.05,1280.98,3.5,25000,0,1355.54
TXN-101471,2024-03-02 07:00:00,France,Health & Beauty,80.81,5,0.23,785.03,3.1,25000,0,1260.15
TXN-101472,2024-03-02 08:00:00,Canada,Home & Kitchen,652.1,8,0.2,52.66,3.9,10000,0,4632.88
TXN-101473,2024-03-02 09:00:00,UK,Health & Beauty,503.12,5,0.16,718.51,4.2,2500,1,2913.99
TXN-101474,2024-03-02 10:00:00,USA,Health & Beauty,46.83,8,0.24,718.6,3.3,2500,0,775.63
TXN-101475,2024-03-02 11:00:00,Germany,Apparel,422.56,7,0.19,393.4,,2500,0,2705.65
TXN-101476,2024-03-02 12:00:00,Canada,Books,609.54,12,0.26,73.54,3.4,15000,0,5972.05
TXN-101477,2024-03-02 13:00:00,France,Books,740.57,4,0.11,483.64,4.1,25000,1,3871.49
TXN-101478,2024-03-02 14:00:00,France,Books,794.92,7,0.18,775.68,4.1,15000,0,5409.3
TXN-101479,2024-03-02 15:00:00,UK,Automotive,288.41,6,0.26,207.95,3.2,5000,1,1774.85
TXN-101480,2024-03-02 16:00:00,Canada,Electronics,128.42,3,0.06,599.91,,5000,0,940.81
TXN-101481,2024-03-02 17:00:00,USA,Automotive,212.83,9,0.15,268.42,3.5,10000,0,2157.72
TXN-101482,2024-03-02 18:00:00,UK,Home & Kitchen,663.1,12,0.29,476.49,3.3,5000,1,6360.41
TXN-101483,2024-03-02 19:00:00,USA,Automotive,826.19,10,0.14,292.71,3.2,2500,0,7501.48
TXN-101484,2024-03-02 20:00:00,USA,Home & Kitchen,404.44,13,0.08,231.03,3.4,10000,0,5307.63
TXN-101485,2024-03-02 21:00:00,UK,Home & Kitchen,269.97,9,0.11,1018.67,,25000,0,3347.69
TXN-101486,2024-03-02 22:00:00,UK,Electronics,373.37,14,0.27,750.88,3.1,25000,0,4911.67
TXN-101487,2024-03-02 23:00:00,Germany,Apparel,269.52,5,0.29,261.9,4.2,5000,0,1324.3
TXN-101488,2024-03-03 00:00:00,UK,Electronics,229.17,8,0.29,335.14,4.8,5000,0,1643.05
TXN-101489,2024-03-03 01:00:00,UK,Books,510.78,7,0.21,638.35,3.4,25000,0,3751.35
TXN-101490,2024-03-03 02:00:00,USA,Books,28.14,9,0.15,883.21,2.6,5000,0,784.62
TXN-101491,2024-03-03 03:00:00,UK,Automotive,231.73,7,0.05,626.55,2.6,5000,0,1926.2
TXN-101492,2024-03-03 04:00:00,USA,Home & Kitchen,567.25,4,0.04,439.28,2.8,15000,1,3101.67
TXN-101493,2024-03-03 05:00:00,USA,Health & Beauty,41.77,4,0.02,1593.77,2.8,25000,0,1507.0
TXN-101494,2024-03-03 06:00:00,Germany,Health & Beauty,84.47,11,0.01,793.93,4.4,25000,1,2079.45
TXN-101495,2024-03-03 07:00:00,Germany,Home & Kitchen,259.99,8,0.26,111.42,3.2,5000,0,1956.97
TXN-101496,2024-03-03 08:00:00,Germany,Electronics,747.97,6,0.24,458.38,4.1,2500,0,3793.28
TXN-101497,2024-03-03 09:00:00,UK,Apparel,653.68,9,0.17,313.44,2.6,15000,0,5391.77
TXN-101498,2024-03-03 10:00:00,UK,Electronics,33.5,14,0.3,842.22,3.2,2500,0,976.63
TXN-101499,2024-03-03 11:00:00,Canada,Home & Kitchen,433.93,10,0.29,72.85,3.1,5000,0,3387.44
TXN-101500,2024-03-03 12:00:00,UK,Home & Kitchen,244.36,14,0.2,314.43,3.2,25000,0,3609.68
TXN-101501,2024-03-03 13:00:00,UK,Apparel,556.62,7,0.14,241.57,3.0,2500,0,3470.16
TXN-101502,2024-03-03 14:00:00,USA,Automotive,617.5,7,0.05,126.1,4.0,10000,0,4520.24
TXN-101503,2024-03-03 15:00:00,USA,Automotive,735.49,4,0.15,288.05,4.2,2500,0,2880.0
TXN-101504,2024-03-03 16:00:00,UK,Apparel,411.97,3,0.05,608.59,2.9,25000,0,2182.6
TXN-101505,2024-03-03 17:00:00,UK,Automotive,845.37,8,0.12,274.46,4.4,5000,0,6305.34
TXN-101506,2024-03-03 18:00:00,Germany,Health & Beauty,833.29,7,0.28,483.76,3.1,2500,0,4579.72
TXN-101507,2024-03-03 19:00:00,UK,Automotive,751.61,4,0.1,499.24,3.2,5000,0,3185.72
TXN-101508,2024-03-03 20:00:00,Germany,Automotive,495.02,13,0.05,492.29,4.6,15000,1,7152.94
TXN-101509,2024-03-03 21:00:00,France,Automotive,347.34,4,0.17,427.01,4.8,10000,1,1922.58
TXN-101510,2024-03-03 22:00:00,Canada,Health & Beauty,319.26,1,0.18,112.21,4.6,25000,0,1084.22
TXN-101511,2024-03-03 23:00:00,France,,25.12,11,0.06,173.24,2.9,25000,0,920.99
TXN-101512,2024-03-04 00:00:00,Australia,Books,223.06,7,0.06,854.89,5.0,5000,0,2207.46
TXN-101513,2024-03-04 01:00:00,USA,Health & Beauty,615.2,1,0.3,398.94,4.2,10000,0,983.72
TXN-101514,2024-03-04 02:00:00,USA,Apparel,519.03,10,0.07,662.22,3.8,25000,1,6067.97
TXN-101515,2024-03-04 03:00:00,USA,Electronics,780.21,10,0.25,471.88,4.9,2500,0,6351.39
TXN-101516,2024-03-04 04:00:00,Germany,Apparel,56.77,4,0.14,69.73,4.5,25000,0,1031.33
TXN-101517,2024-03-04 05:00:00,Japan,,144.66,11,0.13,845.34,4.2,2500,0,1984.95
TXN-101518,2024-03-04 06:00:00,USA,Apparel,674.02,14,0.09,83.24,4.6,25000,0,9307.28
TXN-101519,2024-03-04 07:00:00,Japan,Books,314.35,3,0.23,1483.88,3.5,2500,0,1686.87
TXN-101520,2024-03-04 08:00:00,USA,Electronics,113.82,11,0.26,171.28,4.2,15000,0,1604.59
TXN-101521,2024-03-04 09:00:00,Japan,Electronics,847.04,3,0.08,409.14,3.0,5000,0,2725.24
TXN-101522,2024-03-04 10:00:00,UK,Home & Kitchen,672.35,12,0.03,82.85,5.0,15000,0,8443.82
TXN-101523,2024-03-04 11:00:00,USA,Electronics,356.3,1,0.04,1176.58,4.0,2500,0,1033.2
TXN-101524,2024-03-04 12:00:00,UK,Electronics,702.5,4,0.24,2004.52,4.5,5000,0,3395.99
TXN-101525,2024-03-04 13:00:00,USA,Home & Kitchen,583.3,14,0.13,129.08,3.5,10000,0,7593.79
TXN-101526,2024-03-04 14:00:00,USA,Automotive,674.63,1,0.04,225.34,4.4,2500,0,975.03
TXN-101527,2024-03-04 15:00:00,USA,Automotive,695.7,14,0.1,58.0,3.5,25000,0,9538.29
TXN-101528,2024-03-04 16:00:00,Canada,Home & Kitchen,85.75,13,0.15,823.15,4.0,25000,0,1976.94
TXN-101529,2024-03-04 17:00:00,UK,Health & Beauty,535.18,13,0.26,236.59,4.4,10000,0,5654.82
TXN-101530,2024-03-04 18:00:00,USA,Electronics,20.67,8,0.19,494.38,2.8,15000,0,813.7
TXN-101531,2024-03-04 19:00:00,Germany,Electronics,51.29,1,0.05,70.0,3.4,2500,0,206.42
TXN-101532,2024-03-04 20:00:00,France,Home & Kitchen,769.82,12,0.05,678.44,3.9,25000,0,9648.03
TXN-101533,2024-03-04 21:00:00,USA,Home & Kitchen,455.52,14,0.12,426.88,3.3,5000,0,6074.99
TXN-101534,2024-03-04 22:00:00,UK,Health & Beauty,629.48,6,0.02,695.46,3.3,10000,0,4303.44
TXN-101535,2024-03-04 23:00:00,USA,Books,715.15,7,0.23,829.29,3.2,15000,0,4574.18
TXN-101536,2024-03-05 00:00:00,USA,Automotive,807.9,10,0.12,96.74,3.1,15000,0,7654.07
TXN-101537,2024-03-05 01:00:00,Germany,Apparel,740.91,14,0.1,481.48,4.6,5000,0,9980.48
TXN-101538,2024-03-05 02:00:00,USA,Books,418.57,12,0.15,574.83,4.8,5000,1,5162.67
TXN-101539,2024-03-05 03:00:00,UK,Automotive,295.54,2,0.21,413.58,4.3,10000,0,951.8
TXN-101540,2024-03-05 04:00:00,France,Electronics,144.0,4,0.17,150.7,2.6,5000,0,777.16
TXN-101541,2024-03-05 05:00:00,USA,Books,349.27,11,0.24,843.83,4.5,25000,0,3977.36
TXN-101542,2024-03-05 06:00:00,Germany,Home & Kitchen,321.02,14,0.19,3037.47,3.8,15000,0,5410.0
TXN-101543,2024-03-05 07:00:00,USA,Health & Beauty,482.24,3,0.24,1791.26,4.4,5000,0,2210.38
TXN-101544,2024-03-05 08:00:00,Australia,Automotive,570.7,13,0.21,801.48,3.6,2500,0,6428.35
TXN-101545,2024-03-05 09:00:00,UK,Health & Beauty,831.9,13,0.06,320.73,2.6,5000,0,10508.53
TXN-101546,2024-03-05 10:00:00,Canada,Automotive,623.2,9,0.02,255.72,4.2,15000,0,6179.75
TXN-101547,2024-03-05 11:00:00,Germany,Books,552.53,14,0.27,85.5,3.6,25000,0,6451.32
TXN-101548,2024-03-05 12:00:00,USA,Electronics,294.8,7,0.28,319.17,4.7,5000,0,1915.06
TXN-101549,2024-03-05 13:00:00,Germany,Apparel,43.81,2,0.22,134.83,4.3,25000,0,808.17
TXN-101550,2024-03-05 14:00:00,Australia,Health & Beauty,255.58,11,0.22,196.74,3.4,2500,0,2464.61
TXN-101551,2024-03-05 15:00:00,Germany,Health & Beauty,656.65,12,0.08,1162.29,4.3,15000,0,8307.14
TXN-101552,2024-03-05 16:00:00,Canada,Apparel,186.4,6,0.16,1779.29,3.7,10000,0,2133.15
TXN-101553,2024-03-05 17:00:00,Japan,Health & Beauty,609.68,9,0.3,1533.66,3.0,15000,0,4909.36
TXN-101554,2024-03-05 18:00:00,USA,Health & Beauty,499.12,12,0.26,157.44,3.5,10000,0,4850.23
TXN-101555,2024-03-05 19:00:00,USA,Automotive,158.5,3,0.09,1205.78,,10000,0,1195.05
TXN-101556,2024-03-05 20:00:00,Germany,Automotive,233.46,14,0.09,126.29,2.5,15000,0,3317.89
TXN-101557,2024-03-05 21:00:00,UK,Apparel,429.41,11,0.15,404.29,3.1,10000,1,4691.95
TXN-101558,2024-03-05 22:00:00,Canada,Electronics,364.34,6,0.12,565.94,3.0,25000,1,3043.27
TXN-101559,2024-03-05 23:00:00,Japan,Books,665.1,14,0.11,360.38,2.5,2500,0,8660.71
TXN-101560,2024-03-06 00:00:00,UK,Books,628.23,3,0.19,1566.59,4.5,5000,0,2471.47
TXN-101561,2024-03-06 01:00:00,USA,Health & Beauty,494.77,3,0.0,252.64,2.7,10000,0,1909.41
TXN-101562,2024-03-06 02:00:00,France,Electronics,701.6,4,0.23,424.73,3.6,10000,0,2731.55
TXN-101563,2024-03-06 03:00:00,USA,Apparel,484.83,9,0.22,89.22,3.5,15000,0,4024.03
TXN-101564,2024-03-06 04:00:00,Canada,Apparel,820.27,11,0.25,1006.03,3.0,25000,0,7859.41
TXN-101565,2024-03-06 05:00:00,UK,Automotive,196.38,13,0.25,316.67,4.9,5000,0,2385.74
TXN-101566,2024-03-06 06:00:00,Germany,Health & Beauty,611.3,8,0.17,652.87,4.0,10000,0,4684.4
TXN-101567,2024-03-06 07:00:00,USA,Home & Kitchen,323.9,1,0.23,623.24,4.5,25000,0,1379.3
TXN-101568,2024-03-06 08:00:00,Germany,Apparel,247.94,13,0.15,613.91,3.7,5000,0,3343.66
TXN-101569,2024-03-06 09:00:00,UK,Health & Beauty,165.62,12,0.29,403.56,4.3,15000,0,1997.29
TXN-101570,2024-03-06 10:00:00,Germany,Electronics,476.34,11,0.06,212.53,4.9,10000,0,5561.34
TXN-101571,2024-03-06 11:00:00,USA,Automotive,194.92,1,0.27,540.54,3.4,15000,1,1145.88
TXN-101572,2024-03-06 12:00:00,France,Books,182.29,7,0.08,1682.35,3.8,15000,0,2420.72
TXN-101573,2024-03-06 13:00:00,Canada,Electronics,842.09,3,0.03,947.73,3.8,10000,0,3300.79
TXN-101574,2024-03-06 14:00:00,USA,Apparel,684.46,14,0.13,107.58,5.0,25000,0,9201.0
TXN-101575,2024-03-06 15:00:00,USA,Apparel,639.81,11,0.18,61.73,3.1,25000,0,6378.12
TXN-101576,2024-03-06 16:00:00,USA,Electronics,678.04,7,0.07,395.55,4.2,15000,0,5049.87
TXN-101577,2024-03-06 17:00:00,Germany,Apparel,824.05,9,0.17,797.67,2.8,15000,0,6937.53
TXN-101578,2024-03-06 18:00:00,Germany,Health & Beauty,493.69,3,0.24,238.37,4.8,2500,0,1399.68
TXN-101579,2024-03-06 19:00:00,UK,Apparel,198.9,3,0.08,654.05,4.0,5000,1,1431.64
TXN-101580,2024-03-06 20:00:00,USA,Automotive,734.95,2,0.17,1393.55,4.6,15000,1,2582.08
TXN-101581,2024-03-06 21:00:00,UK,Health & Beauty,635.18,10,0.1,357.15,4.7,15000,0,6357.98
TXN-101582,2024-03-06 22:00:00,Germany,Home & Kitchen,360.95,1,0.16,189.96,3.9,5000,1,862.74
TXN-101583,2024-03-06 23:00:00,UK,Apparel,410.43,9,0.2,1299.04,4.2,10000,0,3925.94
TXN-101584,2024-03-07 00:00:00,Australia,Apparel,358.4,6,0.11,369.58,4.2,25000,0,2781.63
TXN-101585,2024-03-07 01:00:00,USA,Automotive,791.5,6,0.3,311.99,3.7,10000,0,3910.88
TXN-101586,2024-03-07 02:00:00,Germany,Automotive,301.85,8,0.17,267.98,3.6,5000,0,2468.81
TXN-101587,2024-03-07 03:00:00,UK,Books,819.51,11,0.25,324.97,3.0,5000,0,7051.5
TXN-101588,2024-03-07 04:00:00,UK,Electronics,775.08,5,0.22,609.9,3.5,2500,1,3791.61
TXN-101589,2024-03-07 05:00:00,France,Electronics,541.49,9,0.26,334.33,5.0,2500,0,4130.16
TXN-101590,2024-03-07 06:00:00,Germany,Electronics,499.15,11,0.05,245.95,3.2,25000,1,6202.99
TXN-101591,2024-03-07 07:00:00,Australia,Automotive,324.02,5,0.07,730.58,4.4,15000,0,2319.86
TXN-101592,2024-03-07 08:00:00,USA,Electronics,30.31,2,0.15,163.43,2.6,5000,0,310.33
TXN-101593,2024-03-07 09:00:00,USA,Electronics,121.57,6,0.26,162.78,3.7,2500,0,872.58
TXN-101594,2024-03-07 10:00:00,France,Home & Kitchen,644.78,9,0.06,646.08,2.6,10000,1,6335.56
TXN-101595,2024-03-07 11:00:00,Germany,Electronics,408.74,3,0.29,1057.6,3.7,2500,0,1641.41
TXN-101596,2024-03-07 12:00:00,USA,Apparel,140.11,10,0.04,188.02,2.6,10000,0,1737.77
TXN-101597,2024-03-07 13:00:00,USA,Books,235.41,4,0.05,156.06,4.0,2500,0,1295.58
TXN-101598,2024-03-07 14:00:00,USA,Automotive,806.44,10,0.05,604.79,4.0,10000,0,8361.14
TXN-101599,2024-03-07 15:00:00,Japan,Health & Beauty,321.56,11,0.18,534.85,4.5,2500,0,3487.76
TXN-101600,2024-03-07 16:00:00,USA,Books,772.91,8,0.28,346.43,4.0,2500,0,4790.19
TXN-101601,2024-03-07 17:00:00,USA,Home & Kitchen,269.37,6,0.08,100.39,4.8,25000,0,2373.51
TXN-101602,2024-03-07 18:00:00,USA,Automotive,468.59,13,0.17,98.14,4.5,15000,0,5558.31
TXN-101603,2024-03-07 19:00:00,UK,Automotive,32.1,7,0.05,801.06,2.8,5000,0,759.25
TXN-101604,2024-03-07 20:00:00,USA,Apparel,450.77,7,0.19,350.53,3.2,15000,0,3126.11
TXN-101605,2024-03-07 21:00:00,UK,Books,546.85,4,0.04,1025.85,2.6,25000,1,3388.51
TXN-101606,2024-03-07 22:00:00,USA,Books,210.64,12,0.15,477.52,3.5,10000,0,2872.4
TXN-101607,2024-03-07 23:00:00,Canada,Electronics,498.41,6,0.2,532.13,3.8,15000,0,3144.57
TXN-101608,2024-03-08 00:00:00,USA,Apparel,555.39,12,0.17,1410.53,4.9,5000,0,6526.59
TXN-101609,2024-03-08 01:00:00,UK,Electronics,588.55,9,0.04,139.93,3.8,5000,1,5517.72
TXN-101610,2024-03-08 02:00:00,Japan,Electronics,663.3,3,0.05,441.56,4.5,10000,0,2594.45
TXN-101611,2024-03-08 03:00:00,Germany,Automotive,274.97,8,0.2,79.95,3.2,5000,0,1956.71
TXN-101612,2024-03-08 04:00:00,UK,Books,489.09,7,0.24,272.3,2.9,25000,1,3602.09
TXN-101613,2024-03-08 05:00:00,USA,Electronics,834.62,4,0.27,130.14,4.5,15000,0,2941.82
TXN-101614,2024-03-08 06:00:00,USA,Home & Kitchen,764.95,10,0.24,154.03,3.1,5000,0,6141.61
TXN-101615,2024-03-08 07:00:00,Germany,Home & Kitchen,810.48,13,0.29,1415.11,4.7,15000,0,8751.75
TXN-101616,2024-03-08 08:00:00,Australia,Books,337.42,3,0.12,521.68,2.9,2500,0,1229.13
TXN-101617,2024-03-08 09:00:00,Germany,Home & Kitchen,672.08,14,0.1,1163.54,4.6,15000,0,9441.29
TXN-101618,2024-03-08 10:00:00,Germany,Automotive,532.61,7,0.01,343.06,4.4,10000,1,4504.53
TXN-101619,2024-03-08 11:00:00,France,Apparel,84.08,10,0.13,505.21,4.0,25000,0,1764.44
TXN-101620,2024-03-08 12:00:00,UK,Health & Beauty,703.02,9,0.2,66.31,4.6,5000,0,5364.61
TXN-101621,2024-03-08 13:00:00,USA,Electronics,580.38,12,0.24,366.97,3.3,25000,0,6049.4
TXN-101622,2024-03-08 14:00:00,Germany,Health & Beauty,181.1,10,0.08,,2.9,15000,0,2319.04
TXN-101623,2024-03-08 15:00:00,Australia,Apparel,81.58,3,0.15,58.46,2.9,5000,0,465.43
TXN-101624,2024-03-08 16:00:00,USA,Apparel,713.91,10,0.2,829.11,3.2,25000,0,6646.38
TXN-101625,2024-03-08 17:00:00,Germany,Automotive,80.88,9,0.17,225.08,3.6,10000,0,1035.03
TXN-101626,2024-03-08 18:00:00,USA,Home & Kitchen,91.28,13,0.08,351.18,4.7,2500,0,1353.8
TXN-101627,2024-03-08 19:00:00,UK,Home & Kitchen,371.89,8,0.24,433.54,2.7,2500,0,2625.25
TXN-101628,2024-03-08 20:00:00,USA,Apparel,127.56,12,0.05,,4.8,10000,1,3134.99
TXN-101629,2024-03-08 21:00:00,UK,Automotive,777.91,3,0.27,102.23,4.8,2500,0,2213.14
TXN-101630,2024-03-08 22:00:00,France,Automotive,407.69,8,0.29,455.15,4.3,10000,0,2958.38
TXN-101631,2024-03-08 23:00:00,USA,Books,490.24,12,0.11,428.14,4.8,15000,0,5964.73
TXN-101632,2024-03-09 00:00:00,Germany,Electronics,789.97,4,0.11,85.7,4.4,10000,0,3291.01
TXN-101633,2024-03-09 01:00:00,France,Home & Kitchen,457.77,6,0.22,552.48,3.8,2500,0,2572.67
TXN-101634,2024-03-09 02:00:00,Japan,Apparel,310.25,12,0.14,219.03,4.0,15000,0,3768.97
TXN-101635,2024-03-09 03:00:00,USA,Books,680.62,10,0.01,104.78,4.1,10000,0,7210.22
TXN-101636,2024-03-09 04:00:00,UK,Health & Beauty,384.78,2,0.28,,2.8,10000,1,1118.79
TXN-101637,2024-03-09 05:00:00,USA,Home & Kitchen,280.92,8,0.13,917.51,3.0,15000,0,2857.73
TXN-101638,2024-03-09 06:00:00,Australia,Electronics,618.9,13,0.06,104.98,3.8,5000,0,8049.77
TXN-101639,2024-03-09 07:00:00,Japan,Automotive,684.34,9,0.17,364.55,2.8,2500,0,5333.68
TXN-101640,2024-03-09 08:00:00,UK,Apparel,676.08,7,0.07,158.63,4.9,5000,0,4835.79
TXN-101641,2024-03-09 09:00:00,Canada,Home & Kitchen,831.36,8,0.06,138.56,3.8,15000,0,6719.7
TXN-101642,2024-03-09 10:00:00,UK,Health & Beauty,671.87,7,0.16,165.15,,15000,0,4537.69
TXN-101643,2024-03-09 11:00:00,Germany,Electronics,657.89,11,0.12,389.41,2.9,25000,0,7201.22
TXN-101644,2024-03-09 12:00:00,USA,Electronics,731.0,10,0.17,185.77,3.5,25000,0,6958.76
TXN-101645,2024-03-09 13:00:00,France,Books,15.15,4,0.3,100.87,3.3,15000,0,672.43
TXN-101646,2024-03-09 14:00:00,USA,Home & Kitchen,317.63,1,0.26,858.23,2.7,25000,0,1126.9
TXN-101647,2024-03-09 15:00:00,Canada,Health & Beauty,630.9,3,0.0,438.07,4.9,10000,0,2571.47
TXN-101648,2024-03-09 16:00:00,France,Electronics,515.77,7,0.02,135.31,3.2,5000,0,3902.84
TXN-101649,2024-03-09 17:00:00,France,Apparel,163.27,11,0.18,368.79,4.2,15000,0,2222.76
TXN-101650,2024-03-09 18:00:00,USA,Electronics,268.62,11,0.19,85.41,2.7,10000,0,2791.13
TXN-101651,2024-03-09 19:00:00,USA,Health & Beauty,296.22,7,0.26,484.26,,2500,0,2066.06
TXN-101652,2024-03-09 20:00:00,USA,Automotive,489.14,11,0.19,,4.0,2500,0,4621.72
TXN-101653,2024-03-09 21:00:00,UK,Automotive,709.38,13,0.07,104.64,4.1,25000,0,9341.75
TXN-101654,2024-03-09 22:00:00,USA,Books,793.63,3,0.14,151.45,4.5,25000,1,3050.89
TXN-101655,2024-03-09 23:00:00,Japan,Home & Kitchen,641.33,1,0.24,262.1,4.0,10000,0,1040.05
TXN-101656,2024-03-10 00:00:00,Germany,Health & Beauty,718.86,10,0.28,871.0,2.7,2500,0,5731.68
TXN-101657,2024-03-10 01:00:00,USA,Books,407.53,9,0.07,,3.6,15000,0,3974.25
TXN-101658,2024-03-10 02:00:00,UK,,340.46,12,0.16,108.08,3.2,5000,0,3773.76
TXN-101659,2024-03-10 03:00:00,UK,Electronics,342.91,6,0.05,412.77,3.7,25000,0,2857.63
TXN-101660,2024-03-10 04:00:00,Germany,Automotive,529.39,13,0.15,459.01,3.5,10000,0,6354.31
TXN-101661,2024-03-10 05:00:00,UK,Books,118.74,13,0.03,97.29,4.6,25000,0,2441.59
TXN-101662,2024-03-10 06:00:00,Japan,Automotive,498.88,12,0.28,217.38,3.1,10000,0,4767.95
TXN-101663,2024-03-10 07:00:00,UK,Apparel,570.39,7,0.19,202.42,3.0,2500,0,3560.74
TXN-101664,2024-03-10 08:00:00,Australia,Automotive,381.49,1,0.26,153.03,4.9,25000,0,1076.39
TXN-101665,2024-03-10 09:00:00,Canada,Apparel,810.89,1,0.3,239.63,4.9,10000,0,1007.3
TXN-101666,2024-03-10 10:00:00,USA,Electronics,522.86,4,0.05,68.91,5.0,10000,0,2505.51
TXN-101667,2024-03-10 11:00:00,Japan,Books,198.7,7,0.21,577.13,3.9,25000,1,2305.49
TXN-101668,2024-03-10 12:00:00,USA,Apparel,415.15,14,0.27,2282.15,2.8,5000,0,5566.91
TXN-101669,2024-03-10 13:00:00,Canada,Books,578.96,11,0.17,552.62,4.7,15000,0,5992.89
TXN-101670,2024-03-10 14:00:00,UK,Books,285.23,11,0.19,273.99,2.9,2500,0,2818.61
TXN-101671,2024-03-10 15:00:00,Canada,Apparel,81.5,8,0.12,601.18,2.9,25000,0,1496.22
TXN-101672,2024-03-10 16:00:00,Canada,Home & Kitchen,502.17,10,0.2,473.75,3.0,25000,0,4869.41
TXN-101673,2024-03-10 17:00:00,Canada,Automotive,806.47,9,0.12,987.87,4.1,5000,0,7093.39
TXN-101674,2024-03-10 18:00:00,France,Apparel,420.04,1,0.14,536.26,2.8,2500,0,800.06
TXN-101675,2024-03-10 19:00:00,USA,Electronics,771.6,4,0.03,552.67,4.4,25000,1,4304.89
TXN-101676,2024-03-10 20:00:00,USA,Books,712.24,4,0.0,175.3,2.6,5000,0,3181.47
TXN-101677,2024-03-10 21:00:00,UK,Health & Beauty,138.09,3,0.02,318.61,2.8,15000,1,1319.2
TXN-101678,2024-03-10 22:00:00,USA,Apparel,606.32,7,0.06,261.11,3.6,10000,0,4455.66
TXN-101679,2024-03-10 23:00:00,Germany,Automotive,378.61,1,0.14,55.75,3.4,15000,1,1058.05
TXN-101680,2024-03-11 00:00:00,USA,Books,223.96,9,0.01,237.91,5.0,15000,0,2646.99
TXN-101681,2024-03-11 01:00:00,Australia,Home & Kitchen,588.59,13,0.05,382.83,4.9,15000,1,8176.3
TXN-101682,2024-03-11 02:00:00,Germany,Electronics,635.12,8,0.23,507.96,3.0,15000,0,4596.05
TXN-101683,2024-03-11 03:00:00,Canada,Home & Kitchen,165.21,2,0.23,1413.38,4.9,10000,0,1436.37
TXN-101684,2024-03-11 04:00:00,USA,Health & Beauty,778.56,2,0.24,186.64,4.2,2500,0,1645.95
TXN-101685,2024-03-11 05:00:00,Canada,Apparel,642.21,8,0.28,132.69,3.5,2500,0,4076.36
TXN-101686,2024-03-11 06:00:00,Japan,Books,794.37,11,0.04,1067.98,4.3,5000,0,9187.09
TXN-101687,2024-03-11 07:00:00,UK,Apparel,279.76,14,0.05,1472.34,4.8,5000,0,4641.83
TXN-101688,2024-03-11 08:00:00,Germany,Automotive,799.34,1,0.1,,3.0,25000,0,1723.27
TXN-101689,2024-03-11 09:00:00,France,Apparel,322.71,13,0.27,111.21,3.0,15000,1,3756.45
TXN-101690,2024-03-11 10:00:00,USA,Electronics,60.06,7,0.23,382.17,3.5,15000,0,1075.15
TXN-101691,2024-03-11 11:00:00,UK,Health & Beauty,652.08,9,0.1,107.95,2.9,10000,1,5940.2
TXN-101692,2024-03-11 12:00:00,UK,Home & Kitchen,602.43,12,0.03,1123.58,3.4,15000,1,8138.26
TXN-101693,2024-03-11 13:00:00,USA,Health & Beauty,514.26,3,0.18,665.76,4.1,10000,0,1830.63
TXN-101694,2024-03-11 14:00:00,UK,Books,424.06,7,0.08,187.97,4.5,25000,0,3629.27
TXN-101695,2024-03-11 15:00:00,USA,Apparel,41.86,6,0.16,1138.82,3.3,5000,0,926.0
TXN-101696,2024-03-11 16:00:00,USA,Books,536.54,7,0.28,,3.2,5000,0,3098.43
TXN-101697,2024-03-11 17:00:00,USA,Home & Kitchen,363.06,7,0.17,1581.61,4.4,25000,0,3497.6
TXN-101698,2024-03-11 18:00:00,Australia,Books,482.77,10,0.28,2018.15,3.5,25000,0,5041.2
TXN-101699,2024-03-11 19:00:00,UK,Automotive,373.48,1,0.12,51.64,4.5,15000,0,884.08
TXN-101700,2024-03-11 20:00:00,Australia,Health & Beauty,821.66,14,0.19,114.04,5.0,5000,0,9719.48
TXN-101701,2024-03-11 21:00:00,UK,Home & Kitchen,519.43,3,0.27,445.85,4.9,2500,0,1550.09
TXN-101702,2024-03-11 22:00:00,USA,Home & Kitchen,640.61,10,0.18,1610.11,4.2,25000,0,6666.68
TXN-101703,2024-03-11 23:00:00,UK,Home & Kitchen,796.85,1,0.18,2627.86,3.4,5000,1,2476.36
TXN-101704,2024-03-12 00:00:00,UK,Electronics,508.99,5,0.21,468.98,2.7,5000,0,2358.85
TXN-101705,2024-03-12 01:00:00,USA,Health & Beauty,25.07,3,0.26,145.46,4.3,10000,0,552.29
TXN-101706,2024-03-12 02:00:00,Germany,Books,43.63,1,0.03,139.0,4.9,5000,0,341.05
TXN-101707,2024-03-12 03:00:00,USA,Home & Kitchen,601.45,2,0.1,771.66,2.7,25000,0,2018.43
TXN-101708,2024-03-12 04:00:00,Germany,Health & Beauty,248.04,10,0.12,498.17,2.5,15000,0,2910.02
TXN-101709,2024-03-12 05:00:00,Germany,Home & Kitchen,498.78,5,0.27,447.89,4.6,5000,0,2166.43
TXN-101710,2024-03-12 06:00:00,USA,Automotive,183.9,11,0.29,363.46,2.8,2500,0,1943.66
TXN-101711,2024-03-12 07:00:00,USA,Automotive,240.66,3,0.04,695.74,2.7,25000,1,1774.22
TXN-101712,2024-03-12 08:00:00,France,Automotive,436.38,6,0.04,1026.15,4.8,15000,1,3580.56
TXN-101713,2024-03-12 09:00:00,UK,Apparel,829.6,9,0.28,230.45,2.7,15000,0,5902.56
TXN-101714,2024-03-12 10:00:00,USA,Home & Kitchen,529.59,6,0.09,174.82,2.8,25000,0,3561.91
TXN-101715,2024-03-12 11:00:00,Australia,Apparel,796.68,2,0.07,604.63,3.9,15000,0,2179.93
TXN-101716,2024-03-12 12:00:00,USA,Health & Beauty,816.08,2,0.01,1280.98,4.4,2500,0,2491.6
TXN-101717,2024-03-12 13:00:00,Germany,Apparel,188.77,13,0.08,263.98,3.5,5000,0,2559.93
TXN-101718,2024-03-12 14:00:00,Australia,Health & Beauty,274.85,13,0.21,209.04,3.6,25000,0,3624.36
TXN-101719,2024-03-12 15:00:00,USA,Health & Beauty,657.94,8,0.13,178.17,4.1,5000,0,5010.12
TXN-101720,2024-03-12 16:00:00,USA,Health & Beauty,738.75,11,0.16,196.84,3.8,5000,1,7325.85
TXN-101721,2024-03-12 17:00:00,USA,Books,448.55,8,0.28,122.47,2.5,15000,0,3133.38
TXN-101722,2024-03-12 18:00:00,USA,Apparel,844.34,6,0.03,504.13,2.8,25000,0,5828.78
TXN-101723,2024-03-12 19:00:00,USA,Books,24.66,10,0.02,214.83,4.0,5000,0,742.54
TXN-101724,2024-03-12 20:00:00,Germany,Home & Kitchen,265.16,7,0.26,527.18,4.5,10000,0,2013.69
TXN-101725,2024-03-12 21:00:00,USA,Apparel,535.34,1,0.23,93.34,4.4,2500,1,885.43
TXN-101726,2024-03-12 22:00:00,UK,Home & Kitchen,406.86,12,0.08,111.34,4.4,15000,1,5390.16
TXN-101727,2024-03-12 23:00:00,Australia,Home & Kitchen,112.36,9,0.1,434.09,4.4,25000,0,1807.35
TXN-101728,2024-03-13 00:00:00,Canada,Health & Beauty,322.1,5,0.09,408.24,2.6,25000,0,2412.09
TXN-101729,2024-03-13 01:00:00,Germany,Apparel,36.25,9,0.19,208.39,4.7,15000,0,926.29
TXN-101730,2024-03-13 02:00:00,USA,Home & Kitchen,551.69,2,0.02,927.61,4.7,5000,0,1808.17
TXN-101731,2024-03-13 03:00:00,Germany,Automotive,760.44,14,0.15,153.54,3.8,15000,1,9768.81
TXN-101732,2024-03-13 04:00:00,UK,Home & Kitchen,753.87,8,0.04,273.66,3.1,25000,0,6544.02
TXN-101733,2024-03-13 05:00:00,UK,Automotive,599.12,7,0.25,455.42,4.0,10000,0,3805.3
TXN-101734,2024-03-13 06:00:00,USA,,403.92,11,0.11,1059.5,3.9,5000,0,4586.0
TXN-101735,2024-03-13 07:00:00,Japan,Books,442.55,14,0.16,321.12,3.1,15000,0,5755.99
TXN-101736,2024-03-13 08:00:00,UK,Apparel,129.33,4,0.01,304.25,4.0,25000,0,1199.9
TXN-101737,2024-03-13 09:00:00,USA,Books,299.75,3,0.02,483.2,4.5,25000,0,1717.92
TXN-101738,2024-03-13 10:00:00,UK,Books,171.75,4,0.2,240.41,4.5,25000,0,1311.38
TXN-101739,2024-03-13 11:00:00,UK,Apparel,700.7,4,0.23,667.51,2.6,10000,0,2753.88
TXN-101740,2024-03-13 12:00:00,Canada,Home & Kitchen,778.82,10,0.21,192.97,3.0,5000,0,6502.78
TXN-101741,2024-03-13 13:00:00,France,Electronics,463.33,10,0.22,916.36,4.2,15000,1,4821.48
TXN-101742,2024-03-13 14:00:00,France,Home & Kitchen,622.68,8,0.03,208.97,4.6,5000,0,5343.71
TXN-101743,2024-03-13 15:00:00,USA,Home & Kitchen,116.42,13,0.21,2510.02,3.8,25000,0,3124.4
TXN-101744,2024-03-13 16:00:00,UK,Health & Beauty,523.13,13,0.05,240.24,4.3,10000,1,7307.08
TXN-101745,2024-03-13 17:00:00,UK,Health & Beauty,601.83,4,0.03,1105.26,2.6,10000,1,3369.11
TXN-101746,2024-03-13 18:00:00,USA,Home & Kitchen,393.06,14,0.23,,4.0,25000,0,5072.34
TXN-101747,2024-03-13 19:00:00,USA,Automotive,218.13,5,0.27,191.22,4.9,5000,0,1157.74
TXN-101748,2024-03-13 20:00:00,France,Books,747.61,2,0.22,178.2,4.2,5000,0,1555.51
TXN-101749,2024-03-13 21:00:00,USA,Health & Beauty,635.33,13,0.24,999.2,4.8,10000,0,7129.85
TXN-101750,2024-03-13 22:00:00,UK,Home & Kitchen,766.38,4,0.3,234.63,3.9,2500,0,2385.56
TXN-101751,2024-03-13 23:00:00,USA,Electronics,698.37,7,0.04,256.67,4.6,10000,0,5331.7
TXN-101752,2024-03-14 00:00:00,USA,Automotive,841.96,3,0.29,159.7,2.8,10000,1,2577.89
TXN-101753,2024-03-14 01:00:00,USA,Apparel,175.46,14,0.18,,2.8,15000,0,3133.96
TXN-101754,2024-03-14 02:00:00,Australia,Home & Kitchen,87.43,14,0.24,190.35,2.8,10000,0,1383.57
TXN-101755,2024-03-14 03:00:00,Canada,Home & Kitchen,296.4,1,0.2,192.14,3.7,2500,0,482.89
TXN-101756,2024-03-14 04:00:00,Australia,Books,122.72,13,0.17,1490.29,3.3,10000,0,2336.94
TXN-101757,2024-03-14 05:00:00,UK,Automotive,451.81,8,0.21,1205.81,4.3,5000,0,3649.02
TXN-101758,2024-03-14 06:00:00,USA,Health & Beauty,543.58,8,0.1,193.12,4.8,15000,0,4466.51
TXN-101759,2024-03-14 07:00:00,UK,Health & Beauty,497.87,6,0.28,,4.0,15000,0,3118.61
TXN-101760,2024-03-14 08:00:00,UK,Health & Beauty,231.47,7,0.03,193.72,3.0,10000,1,2098.63
TXN-101761,2024-03-14 09:00:00,Canada,Apparel,773.87,10,0.1,,4.8,15000,0,7481.35
TXN-101762,2024-03-14 10:00:00,USA,Automotive,32.68,11,0.01,908.4,3.8,15000,0,1556.91
TXN-101763,2024-03-14 11:00:00,UK,Automotive,305.59,2,0.08,788.24,4.3,10000,0,1187.21
TXN-101764,2024-03-14 12:00:00,USA,Health & Beauty,615.36,5,0.07,224.54,4.7,2500,0,3193.54
TXN-101765,2024-03-14 13:00:00,USA,Health & Beauty,655.39,12,0.01,97.23,5.0,10000,0,8277.84
TXN-101766,2024-03-14 14:00:00,France,Books,362.46,7,0.15,165.61,3.8,5000,0,2487.79
TXN-101767,2024-03-14 15:00:00,UK,Electronics,29.12,9,0.14,787.14,4.5,25000,1,1470.99
TXN-101768,2024-03-14 16:00:00,UK,Electronics,531.07,1,0.02,1722.61,3.9,2500,0,1598.56
TXN-101769,2024-03-14 17:00:00,UK,Home & Kitchen,67.68,3,0.08,199.88,3.7,10000,0,655.19
TXN-101770,2024-03-14 18:00:00,UK,Home & Kitchen,105.06,6,0.29,902.59,3.8,2500,0,1024.85
TXN-101771,2024-03-14 19:00:00,France,Automotive,557.96,14,0.03,179.34,3.7,25000,0,8392.88
TXN-101772,2024-03-14 20:00:00,Japan,Automotive,275.93,7,0.09,619.09,3.6,15000,1,2706.08
TXN-101773,2024-03-14 21:00:00,Australia,Apparel,305.61,6,0.01,93.66,4.3,15000,0,2280.98
TXN-101774,2024-03-14 22:00:00,France,Apparel,421.48,1,0.04,490.09,3.1,25000,0,1311.69
TXN-101775,2024-03-14 23:00:00,USA,Electronics,832.11,4,0.21,206.8,4.0,15000,1,3347.96
TXN-101776,2024-03-15 00:00:00,Germany,Home & Kitchen,821.14,6,0.11,1350.81,4.3,2500,0,5376.88
TXN-101777,2024-03-15 01:00:00,UK,Electronics,362.58,8,0.14,221.07,4.7,15000,0,3226.82
TXN-101778,2024-03-15 02:00:00,USA,Electronics,236.69,10,0.05,304.12,3.3,25000,0,3077.66
TXN-101779,2024-03-15 03:00:00,Canada,Home & Kitchen,267.66,14,0.2,968.42,4.7,25000,0,4098.51
TXN-101780,2024-03-15 04:00:00,USA,Apparel,239.43,4,0.23,338.37,4.9,25000,0,1524.79
TXN-101781,2024-03-15 05:00:00,Japan,Books,459.43,7,0.05,186.17,4.1,5000,0,3217.66
TXN-101782,2024-03-15 06:00:00,UK,Books,521.73,11,0.01,446.53,4.4,2500,1,6509.86
TXN-101783,2024-03-15 07:00:00,Germany,Books,423.13,3,0.02,966.26,3.5,25000,0,2258.76
TXN-101784,2024-03-15 08:00:00,Germany,Home & Kitchen,355.68,8,0.2,333.85,4.9,2500,0,2725.41
TXN-101785,2024-03-15 09:00:00,Japan,Health & Beauty,191.42,1,0.04,121.29,4.2,5000,0,543.26
TXN-101786,2024-03-15 10:00:00,Germany,Health & Beauty,417.89,4,0.15,291.51,3.3,2500,0,1616.7
TXN-101787,2024-03-15 11:00:00,Germany,Health & Beauty,299.82,8,0.05,1594.75,3.5,10000,0,3305.41
TXN-101788,2024-03-15 12:00:00,USA,Automotive,467.23,10,0.05,87.37,4.0,5000,0,4667.36
TXN-101789,2024-03-15 13:00:00,UK,Apparel,578.78,4,0.0,312.5,3.1,5000,0,2758.69
TXN-101790,2024-03-15 14:00:00,USA,Apparel,543.82,2,0.1,572.1,4.4,15000,0,1801.29
TXN-101791,2024-03-15 15:00:00,France,Automotive,401.18,2,0.03,90.89,3.1,25000,0,1439.17
TXN-101792,2024-03-15 16:00:00,UK,Electronics,479.3,4,0.12,261.52,4.0,5000,1,2267.4
TXN-101793,2024-03-15 17:00:00,Germany,Books,252.85,13,0.18,1461.55,4.2,2500,0,3607.12
TXN-101794,2024-03-15 18:00:00,USA,Health & Beauty,35.24,4,0.11,65.56,4.6,10000,0,650.53
TXN-101795,2024-03-15 19:00:00,USA,Books,536.89,2,0.21,746.64,4.3,2500,0,1309.25
TXN-101796,2024-03-15 20:00:00,France,Health & Beauty,225.89,7,0.22,970.61,4.5,2500,0,2091.65
TXN-101797,2024-03-15 21:00:00,USA,Books,573.58,6,0.21,212.22,4.8,10000,0,3210.76
TXN-101798,2024-03-15 22:00:00,USA,Electronics,638.75,11,0.28,170.85,4.0,15000,0,5606.28
TXN-101799,2024-03-15 23:00:00,USA,Books,779.8,3,0.07,1281.5,4.6,25000,0,3587.53
TXN-101800,2024-03-16 00:00:00,Australia,Books,815.03,8,0.06,771.97,3.1,5000,0,6711.45
TXN-101801,2024-03-16 01:00:00,France,Home & Kitchen,23.79,8,0.18,110.17,4.5,25000,0,899.73
TXN-101802,2024-03-16 02:00:00,UK,Books,841.96,1,0.18,169.25,3.1,15000,0,1132.99
TXN-101803,2024-03-16 03:00:00,USA,Home & Kitchen,585.32,3,0.15,535.58,4.8,10000,0,2103.41
TXN-101804,2024-03-16 04:00:00,USA,Apparel,552.34,5,0.0,321.86,3.3,25000,0,3498.55
TXN-101805,2024-03-16 05:00:00,France,Automotive,27.7,2,0.17,400.77,2.9,2500,0,265.57
TXN-101806,2024-03-16 06:00:00,Germany,Books,734.13,12,0.28,1563.53,2.9,5000,1,7360.55
TXN-101807,2024-03-16 07:00:00,USA,Apparel,136.49,12,0.1,322.57,3.0,5000,0,1835.72
TXN-101808,2024-03-16 08:00:00,USA,Home & Kitchen,714.17,5,0.29,1117.19,3.6,15000,0,3389.55
TXN-101809,2024-03-16 09:00:00,USA,Books,27.99,11,0.11,590.5,3.8,15000,0,1062.96
TXN-101810,2024-03-16 10:00:00,Germany,Books,554.38,10,0.04,114.84,4.8,10000,0,5772.07
TXN-101811,2024-03-16 11:00:00,France,Electronics,378.06,3,0.12,732.28,3.5,15000,0,1657.45
TXN-101812,2024-03-16 12:00:00,USA,Apparel,182.64,9,0.15,417.2,3.0,25000,1,2591.92
TXN-101813,2024-03-16 13:00:00,USA,Health & Beauty,104.81,11,0.19,177.51,4.4,5000,0,1277.62
TXN-101814,2024-03-16 14:00:00,USA,Health & Beauty,382.51,1,0.15,220.93,2.8,10000,0,791.76
TXN-101815,2024-03-16 15:00:00,Australia,Electronics,117.96,4,0.16,457.47,4.7,15000,1,1495.24
TXN-101816,2024-03-16 16:00:00,USA,Home & Kitchen,421.18,10,0.01,510.28,3.5,2500,1,4854.1
TXN-101817,2024-03-16 17:00:00,France,Health & Beauty,537.06,6,0.08,1773.77,4.0,5000,0,4043.89
TXN-101818,2024-03-16 18:00:00,Germany,Health & Beauty,705.87,9,0.09,1014.55,3.0,10000,0,6687.67
TXN-101819,2024-03-16 19:00:00,UK,Automotive,581.67,3,0.3,165.23,2.9,5000,0,1502.85
TXN-101820,2024-03-16 20:00:00,USA,Apparel,69.44,3,0.09,793.59,4.5,25000,1,1585.04
TXN-101821,2024-03-16 21:00:00,USA,Home & Kitchen,271.71,12,0.27,54.16,3.6,15000,0,2860.63
TXN-101822,2024-03-16 22:00:00,Germany,Books,255.46,5,0.09,119.52,5.0,15000,1,2004.75
TXN-101823,2024-03-16 23:00:00,France,Apparel,779.05,7,0.03,161.38,3.8,15000,0,5845.88
TXN-101824,2024-03-17 00:00:00,Germany,Home & Kitchen,739.6,14,0.07,504.66,4.6,2500,0,10084.1
TXN-101825,2024-03-17 01:00:00,UK,Health & Beauty,324.07,5,0.08,158.26,4.9,25000,0,2239.66
TXN-101826,2024-03-17 02:00:00,USA,Automotive,74.41,11,0.29,277.28,3.2,2500,0,847.71
TXN-101827,2024-03-17 03:00:00,Australia,Apparel,761.58,8,0.2,189.05,4.5,25000,1,5808.04
TXN-101828,2024-03-17 04:00:00,France,Health & Beauty,756.64,5,0.28,255.8,2.6,25000,0,3420.29
TXN-101829,2024-03-17 05:00:00,USA,Home & Kitchen,728.71,7,0.25,1477.56,4.2,25000,0,5158.4
TXN-101830,2024-03-17 06:00:00,Australia,Apparel,720.64,6,0.17,3021.59,4.4,15000,0,5479.11
TXN-101831,2024-03-17 07:00:00,Germany,Books,416.01,14,0.2,628.74,3.7,15000,0,5401.36
TXN-101832,2024-03-17 08:00:00,Germany,Apparel,163.16,10,0.19,474.68,2.9,15000,0,2051.89
TXN-101833,2024-03-17 09:00:00,France,Health & Beauty,413.7,13,0.2,666.27,4.0,2500,1,5164.89
TXN-101834,2024-03-17 10:00:00,Canada,Apparel,427.99,2,0.08,788.44,4.7,10000,0,1661.42
TXN-101835,2024-03-17 11:00:00,Germany,Books,424.09,3,0.12,721.64,4.8,25000,0,2144.15
TXN-101836,2024-03-17 12:00:00,USA,Automotive,464.88,11,0.18,92.72,4.4,2500,0,4442.06
TXN-101837,2024-03-17 13:00:00,USA,Automotive,230.14,11,0.01,235.74,3.2,15000,0,2946.91
TXN-101838,2024-03-17 14:00:00,Japan,Health & Beauty,320.81,4,0.14,260.36,4.7,15000,0,1836.92
TXN-101839,2024-03-17 15:00:00,USA,Home & Kitchen,377.55,5,0.26,280.43,4.7,10000,1,2092.27
TXN-101840,2024-03-17 16:00:00,UK,Health & Beauty,124.49,9,0.15,261.04,3.4,15000,0,1450.73
TXN-101841,2024-03-17 17:00:00,UK,Automotive,395.23,6,0.17,823.45,3.0,25000,0,2991.86
TXN-101842,2024-03-17 18:00:00,UK,Electronics,691.74,1,0.06,738.38,4.7,5000,0,1269.3
TXN-101843,2024-03-17 19:00:00,Germany,Electronics,706.43,3,0.24,52.31,4.7,15000,0,2261.48
TXN-101844,2024-03-17 20:00:00,Japan,Apparel,358.66,7,0.11,225.76,2.8,10000,0,2600.64
TXN-101845,2024-03-17 21:00:00,USA,Books,448.2,8,0.29,538.64,4.9,5000,0,3110.99
TXN-101846,2024-03-17 22:00:00,USA,Apparel,43.1,7,0.3,114.07,3.8,25000,0,785.3
TXN-101847,2024-03-17 23:00:00,USA,Electronics,578.15,5,0.27,86.93,5.0,25000,0,2972.94
TXN-101848,2024-03-18 00:00:00,Japan,Automotive,352.85,10,0.03,931.29,3.6,25000,0,4369.66
TXN-101849,2024-03-18 01:00:00,Germany,Apparel,386.97,8,0.1,351.36,3.8,10000,0,3514.31
TXN-101850,2024-03-18 02:00:00,USA,Health & Beauty,744.52,9,0.28,1017.89,3.2,5000,0,5517.15
TXN-101851,2024-03-18 03:00:00,Canada,Books,400.63,7,0.24,917.37,4.7,25000,0,3232.68
TXN-101852,2024-03-18 04:00:00,Canada,Health & Beauty,32.7,11,0.27,1169.2,3.6,15000,0,1248.19
TXN-101853,2024-03-18 05:00:00,Canada,Books,204.95,9,0.17,,4.5,5000,0,1781.19
TXN-101854,2024-03-18 06:00:00,Japan,Automotive,412.14,1,0.14,152.98,2.7,25000,0,1097.41
TXN-101855,2024-03-18 07:00:00,USA,Apparel,369.37,14,0.03,225.59,4.5,5000,0,5387.38
TXN-101856,2024-03-18 08:00:00,France,Books,733.41,9,0.25,123.22,3.7,15000,0,5447.46
TXN-101857,2024-03-18 09:00:00,UK,Health & Beauty,467.68,3,0.22,382.25,2.5,2500,0,1531.69
TXN-101858,2024-03-18 10:00:00,Canada,Apparel,590.85,6,0.02,852.17,3.1,25000,1,4609.59
TXN-101859,2024-03-18 11:00:00,France,Apparel,406.88,8,0.06,1559.83,3.0,15000,0,4181.0
TXN-101860,2024-03-18 12:00:00,France,Health & Beauty,382.11,3,0.17,1151.71,4.4,10000,0,1858.97
TXN-101861,2024-03-18 13:00:00,Germany,Electronics,387.65,4,0.21,355.63,3.7,25000,0,2062.55
TXN-101862,2024-03-18 14:00:00,USA,Books,358.12,7,0.04,555.98,2.9,2500,0,2792.76
TXN-101863,2024-03-18 15:00:00,UK,Health & Beauty,464.72,12,0.07,,3.1,15000,0,5681.76
TXN-101864,2024-03-18 16:00:00,Australia,Automotive,224.12,7,0.06,,3.8,15000,0,2232.22
TXN-101865,2024-03-18 17:00:00,Japan,Home & Kitchen,759.03,4,0.07,1074.68,2.5,5000,0,3559.65
TXN-101866,2024-03-18 18:00:00,USA,Health & Beauty,293.13,9,0.28,64.82,3.6,25000,0,2528.33
TXN-101867,2024-03-18 19:00:00,USA,Apparel,138.18,13,0.21,430.46,4.2,2500,0,1903.99
TXN-101868,2024-03-18 20:00:00,USA,Apparel,95.62,3,0.22,1080.99,,10000,0,1084.85
TXN-101869,2024-03-18 21:00:00,France,Health & Beauty,26.21,12,0.24,115.06,4.0,5000,1,880.17
TXN-101870,2024-03-18 22:00:00,Canada,Home & Kitchen,368.08,8,0.11,2074.1,3.3,25000,0,4186.26
TXN-101871,2024-03-18 23:00:00,USA,Health & Beauty,171.66,8,0.23,56.23,3.0,2500,0,1203.11
TXN-101872,2024-03-19 00:00:00,UK,Home & Kitchen,33.08,13,0.29,1136.31,4.5,5000,0,985.69
TXN-101873,2024-03-19 01:00:00,Canada,Home & Kitchen,449.22,4,0.21,268.22,4.8,2500,1,2148.42
TXN-101874,2024-03-19 02:00:00,France,Automotive,582.78,7,0.13,121.18,3.8,2500,0,3879.39
TXN-101875,2024-03-19 03:00:00,UK,Books,86.6,4,0.21,135.61,3.3,5000,0,611.72
TXN-101876,2024-03-19 04:00:00,Germany,Apparel,399.87,13,0.27,653.95,3.8,5000,0,4411.95
TXN-101877,2024-03-19 05:00:00,UK,Apparel,635.93,12,0.04,1072.89,4.7,25000,0,8619.15
TXN-101878,2024-03-19 06:00:00,USA,Home & Kitchen,838.15,1,0.08,562.31,4.2,5000,1,1428.49
TXN-101879,2024-03-19 07:00:00,Germany,Apparel,572.1,1,0.28,1370.6,4.6,25000,0,1742.35
TXN-101880,2024-03-19 08:00:00,Germany,Electronics,219.44,14,0.28,974.1,3.3,2500,1,2953.94
TXN-101881,2024-03-19 09:00:00,Canada,Home & Kitchen,613.32,1,0.15,54.54,4.3,5000,1,1057.84
TXN-101882,2024-03-19 10:00:00,Germany,Apparel,514.27,2,0.11,603.47,4.1,25000,1,2147.86
TXN-101883,2024-03-19 11:00:00,France,Electronics,191.85,6,0.08,231.66,3.9,25000,0,1810.6
TXN-101884,2024-03-19 12:00:00,USA,Automotive,725.68,12,0.15,353.03,3.8,10000,1,8322.79
TXN-101885,2024-03-19 13:00:00,UK,Apparel,371.88,10,0.28,99.37,3.9,25000,0,3374.47
TXN-101886,2024-03-19 14:00:00,USA,Electronics,818.25,11,0.04,215.71,4.6,25000,0,9383.17
TXN-101887,2024-03-19 15:00:00,USA,Health & Beauty,618.62,5,0.13,550.77,4.8,10000,0,3357.4
TXN-101888,2024-03-19 16:00:00,France,Books,553.21,11,0.27,173.19,2.8,15000,0,4863.34
TXN-101889,2024-03-19 17:00:00,Australia,Health & Beauty,623.17,2,0.1,571.4,3.9,5000,0,1584.22
TXN-101890,2024-03-19 18:00:00,USA,Electronics,414.21,8,0.23,1332.18,4.8,10000,0,3641.93
TXN-101891,2024-03-19 19:00:00,UK,Home & Kitchen,436.86,9,0.12,52.48,2.8,25000,0,4188.77
TXN-101892,2024-03-19 20:00:00,Canada,Home & Kitchen,725.76,7,0.24,,3.5,25000,0,4900.27
TXN-101893,2024-03-19 21:00:00,USA,Apparel,583.58,12,0.29,562.66,2.7,5000,1,5745.62
TXN-101894,2024-03-19 22:00:00,Germany,Health & Beauty,764.2,14,0.12,73.88,2.8,2500,0,9791.26
TXN-101895,2024-03-19 23:00:00,France,Home & Kitchen,758.84,12,0.25,830.72,4.8,10000,1,7864.71
TXN-101896,2024-03-20 00:00:00,Germany,Home & Kitchen,830.37,9,0.3,177.14,3.6,15000,0,5703.69
TXN-101897,2024-03-20 01:00:00,USA,Health & Beauty,599.68,4,0.3,204.5,4.2,5000,1,2352.99
TXN-101898,2024-03-20 02:00:00,UK,Automotive,434.42,13,0.13,99.09,2.8,5000,0,5250.7
TXN-101899,2024-03-20 03:00:00,France,Home & Kitchen,153.87,7,0.15,432.19,2.6,10000,1,1751.71
TXN-101900,2024-03-20 04:00:00,Germany,Books,603.99,5,0.09,394.8,4.7,25000,0,3728.85
TXN-101901,2024-03-20 05:00:00,USA,Electronics,258.47,5,0.09,263.22,3.9,25000,0,2049.58
TXN-101902,2024-03-20 06:00:00,France,Apparel,251.26,3,0.15,142.41,2.5,15000,0,1158.9
TXN-101903,2024-03-20 07:00:00,USA,Home & Kitchen,213.97,9,0.06,959.94,5.0,10000,0,2718.03
TXN-101904,2024-03-20 08:00:00,France,Books,745.73,13,0.21,1095.27,3.7,5000,0,8450.88
TXN-101905,2024-03-20 09:00:00,USA,Books,739.75,10,0.16,438.89,3.7,10000,1,6900.75
TXN-101906,2024-03-20 10:00:00,Australia,Home & Kitchen,541.86,5,0.27,190.01,4.1,2500,1,2410.31
TXN-101907,2024-03-20 11:00:00,UK,Automotive,409.94,6,0.24,100.52,2.5,5000,0,2042.8
TXN-101908,2024-03-20 12:00:00,USA,Electronics,576.22,3,0.1,1064.54,3.9,15000,0,2575.92
TXN-101909,2024-03-20 13:00:00,USA,Apparel,522.04,10,0.15,,4.1,15000,0,4932.05
TXN-101910,2024-03-20 14:00:00,USA,Home & Kitchen,362.14,7,0.23,56.63,3.2,5000,0,2232.31
TXN-101911,2024-03-20 15:00:00,Canada,Apparel,331.99,9,0.06,366.87,4.3,25000,0,3792.29
TXN-101912,2024-03-20 16:00:00,Australia,Health & Beauty,334.63,9,0.01,707.03,3.4,5000,0,3639.41
TXN-101913,2024-03-20 17:00:00,UK,Books,506.93,14,0.26,355.82,4.3,5000,0,5531.58
TXN-101914,2024-03-20 18:00:00,UK,Books,555.8,13,0.04,76.39,2.9,2500,0,7209.67
TXN-101915,2024-03-20 19:00:00,France,Home & Kitchen,392.2,10,0.27,635.64,4.8,5000,0,3469.59
TXN-101916,2024-03-20 20:00:00,Japan,Home & Kitchen,823.86,14,0.27,564.08,4.7,10000,0,9032.72
TXN-101917,2024-03-20 21:00:00,Germany,Health & Beauty,85.01,10,0.14,622.11,2.9,10000,0,1315.34
TXN-101918,2024-03-20 22:00:00,UK,,304.78,5,0.24,168.62,4.8,15000,0,1724.96
TXN-101919,2024-03-20 23:00:00,UK,Home & Kitchen,364.93,7,0.11,,3.9,25000,0,3223.92
TXN-101920,2024-03-21 00:00:00,Germany,Books,29.13,13,0.26,376.16,4.3,15000,0,962.57
TXN-101921,2024-03-21 01:00:00,USA,Apparel,319.74,12,0.25,434.32,4.6,2500,0,3504.23
TXN-101922,2024-03-21 02:00:00,Germany,Electronics,243.55,12,0.02,444.64,2.7,5000,0,3367.01
TXN-101923,2024-03-21 03:00:00,UK,Apparel,437.54,13,0.17,219.0,2.9,15000,0,5088.01
TXN-101924,2024-03-21 04:00:00,France,Automotive,295.9,3,0.19,193.93,3.2,5000,0,1073.61
TXN-101925,2024-03-21 05:00:00,USA,Electronics,621.36,6,0.0,52.39,3.7,15000,0,4241.53
TXN-101926,2024-03-21 06:00:00,Germany,Apparel,440.79,12,0.29,302.6,3.4,5000,0,4065.11
TXN-101927,2024-03-21 07:00:00,UK,Apparel,123.35,8,0.12,381.89,3.8,15000,0,1414.36
TXN-101928,2024-03-21 08:00:00,Germany,Health & Beauty,641.3,13,0.16,728.96,3.0,10000,0,7737.84
TXN-101929,2024-03-21 09:00:00,USA,Automotive,97.86,8,0.06,84.48,4.2,2500,0,1021.32
TXN-101930,2024-03-21 10:00:00,Germany,Books,715.61,2,0.18,1338.44,2.6,15000,0,2154.72
TXN-101931,2024-03-21 11:00:00,Germany,Health & Beauty,792.74,6,0.24,203.23,3.4,10000,0,4107.55
TXN-101932,2024-03-21 12:00:00,Germany,Electronics,284.24,7,0.18,278.42,2.9,25000,0,2556.71
TXN-101933,2024-03-21 13:00:00,Germany,Books,788.33,12,0.24,74.79,4.3,15000,0,7737.36
TXN-101934,2024-03-21 14:00:00,Germany,Health & Beauty,677.16,7,0.22,579.41,4.7,5000,0,4292.84
TXN-101935,2024-03-21 15:00:00,Canada,Automotive,785.23,3,0.07,667.08,2.7,2500,0,2660.75
TXN-101936,2024-03-21 16:00:00,USA,Home & Kitchen,571.34,14,0.13,1371.07,4.5,10000,0,7947.02
TXN-101937,2024-03-21 17:00:00,Canada,Home & Kitchen,211.76,14,0.04,255.36,4.7,10000,0,3438.0
TXN-101938,2024-03-21 18:00:00,UK,Electronics,761.93,9,0.01,198.78,4.9,2500,0,7133.34
TXN-101939,2024-03-21 19:00:00,USA,Home & Kitchen,168.86,2,0.02,697.47,3.9,15000,0,1160.32
TXN-101940,2024-03-21 20:00:00,USA,Health & Beauty,192.91,11,0.28,663.45,3.3,5000,1,2444.95
TXN-101941,2024-03-21 21:00:00,USA,Electronics,241.34,3,0.3,1433.3,3.3,25000,0,1859.88
TXN-101942,2024-03-21 22:00:00,France,Books,269.05,11,0.03,164.91,,15000,0,3296.08
TXN-101943,2024-03-21 23:00:00,France,Automotive,444.59,2,0.1,660.89,4.0,2500,1,1471.09
TXN-101944,2024-03-22 00:00:00,France,Electronics,610.74,11,0.03,84.6,3.7,15000,1,7371.43
TXN-101945,2024-03-22 01:00:00,UK,Books,788.38,9,0.25,377.32,4.1,15000,0,5966.88
TXN-101946,2024-03-22 02:00:00,UK,Electronics,88.85,4,0.15,113.57,2.6,2500,0,541.06
TXN-101947,2024-03-22 03:00:00,USA,Apparel,811.9,2,0.19,579.43,2.8,2500,0,1688.67
TXN-101948,2024-03-22 04:00:00,USA,Apparel,784.3,3,0.16,509.98,4.9,25000,0,2975.71
TXN-101949,2024-03-22 05:00:00,UK,Electronics,60.09,13,0.21,75.03,5.0,2500,1,1326.92
TXN-101950,2024-03-22 06:00:00,USA,Home & Kitchen,315.87,4,0.1,242.55,4.4,2500,0,1506.41
TXN-101951,2024-03-22 07:00:00,USA,Apparel,693.97,14,0.04,301.29,3.1,2500,1,9953.87
TXN-101952,2024-03-22 08:00:00,Germany,Automotive,525.67,10,0.01,192.55,4.9,10000,0,5810.92
TXN-101953,2024-03-22 09:00:00,France,Books,665.54,13,0.13,69.72,3.0,2500,0,7878.04
TXN-101954,2024-03-22 10:00:00,Australia,Health & Beauty,615.39,6,0.27,241.97,4.3,2500,1,3243.45
TXN-101955,2024-03-22 11:00:00,Japan,Apparel,429.8,5,0.09,836.61,2.8,2500,0,2541.16
TXN-101956,2024-03-22 12:00:00,Germany,Electronics,49.42,3,0.06,273.23,4.1,25000,0,1048.83
TXN-101957,2024-03-22 13:00:00,UK,Home & Kitchen,502.86,10,0.28,245.32,4.4,15000,1,4603.31
TXN-101958,2024-03-22 14:00:00,Germany,Health & Beauty,55.55,8,0.03,1471.53,4.6,2500,0,1316.36
TXN-101959,2024-03-22 15:00:00,France,,519.11,8,0.02,71.26,4.3,2500,0,4291.78
TXN-101960,2024-03-22 16:00:00,USA,,683.34,7,0.26,778.98,4.8,25000,0,4593.84
TXN-101961,2024-03-22 17:00:00,UK,Apparel,503.47,3,0.21,379.95,3.8,15000,0,1809.54
TXN-101962,2024-03-22 18:00:00,Canada,Books,847.51,14,0.13,1495.35,4.2,25000,0,11662.29
TXN-101963,2024-03-22 19:00:00,UK,Books,395.65,1,0.23,300.0,3.4,5000,1,975.61
TXN-101964,2024-03-22 20:00:00,Germany,Home & Kitchen,640.27,5,0.22,665.57,2.5,5000,0,2965.79
TXN-101965,2024-03-22 21:00:00,Germany,Home & Kitchen,572.12,1,0.01,86.25,4.4,5000,0,1027.94
TXN-101966,2024-03-22 22:00:00,USA,Home & Kitchen,842.85,6,0.2,1370.94,4.7,2500,0,4891.73
TXN-101967,2024-03-22 23:00:00,UK,Electronics,610.54,11,0.19,261.21,2.9,25000,1,6389.86
TXN-101968,2024-03-23 00:00:00,USA,Books,151.97,7,0.29,421.17,2.6,2500,0,1018.23
TXN-101969,2024-03-23 01:00:00,USA,Books,812.86,12,0.29,124.53,2.9,5000,1,7562.69
TXN-101970,2024-03-23 02:00:00,USA,Books,572.59,5,0.11,1505.31,4.7,15000,1,3883.44
TXN-101971,2024-03-23 03:00:00,Canada,Automotive,64.55,4,0.18,608.85,3.2,15000,0,966.3
TXN-101972,2024-03-23 04:00:00,USA,Home & Kitchen,564.07,2,0.04,77.73,3.1,25000,0,1813.06
TXN-101973,2024-03-23 05:00:00,UK,Health & Beauty,752.4,5,0.02,134.33,2.5,15000,0,3926.39
TXN-101974,2024-03-23 06:00:00,USA,Apparel,496.83,9,0.13,305.27,3.2,5000,0,4166.85
TXN-101975,2024-03-23 07:00:00,Japan,Health & Beauty,310.61,4,0.21,172.17,4.3,25000,0,1722.28
TXN-101976,2024-03-23 08:00:00,USA,Electronics,700.46,14,0.17,231.65,4.9,25000,1,9365.65
TXN-101977,2024-03-23 09:00:00,UK,Electronics,668.4,2,0.13,3043.97,3.3,5000,0,2751.1
TXN-101978,2024-03-23 10:00:00,Canada,Books,469.39,13,0.25,587.42,3.1,5000,0,5040.11
TXN-101979,2024-03-23 11:00:00,Canada,Health & Beauty,143.89,6,0.24,1326.92,4.7,5000,0,1504.77
TXN-101980,2024-03-23 12:00:00,USA,,224.57,8,0.22,336.17,4.6,5000,0,1798.36
TXN-101981,2024-03-23 13:00:00,Canada,Automotive,631.63,2,0.02,669.42,3.3,25000,0,2136.92
TXN-101982,2024-03-23 14:00:00,UK,Electronics,688.08,9,0.24,,2.7,15000,0,5235.21
TXN-101983,2024-03-23 15:00:00,UK,Electronics,248.19,7,0.28,248.92,5.0,5000,0,1630.7
TXN-101984,2024-03-23 16:00:00,USA,Health & Beauty,322.27,14,0.02,416.12,4.2,10000,1,5190.52
TXN-101985,2024-03-23 17:00:00,USA,Electronics,79.82,13,0.12,328.71,4.8,25000,0,1746.57
TXN-101986,2024-03-23 18:00:00,France,Automotive,610.74,2,0.3,2019.71,3.4,2500,1,2292.97
TXN-101987,2024-03-23 19:00:00,UK,Automotive,17.99,11,0.18,392.75,4.1,15000,0,733.82
TXN-101988,2024-03-23 20:00:00,UK,Automotive,53.86,5,0.15,883.3,4.2,25000,1,1513.63
TXN-101989,2024-03-23 21:00:00,France,Apparel,18.63,5,0.05,599.54,4.7,5000,1,878.21
TXN-101990,2024-03-23 22:00:00,France,Automotive,553.84,7,0.17,376.6,5.0,10000,0,3812.28
TXN-101991,2024-03-23 23:00:00,USA,Automotive,363.52,13,0.13,371.37,2.8,2500,0,4393.5
TXN-101992,2024-03-24 00:00:00,Germany,Apparel,263.45,5,0.04,259.19,4.1,15000,0,2031.73
TXN-101993,2024-03-24 01:00:00,USA,Books,777.11,11,0.14,106.57,3.3,5000,0,7694.57
TXN-101994,2024-03-24 02:00:00,France,Home & Kitchen,175.99,14,0.05,766.63,4.5,25000,0,3466.1
TXN-101995,2024-03-24 03:00:00,Germany,Electronics,340.12,6,0.22,1301.1,4.4,25000,0,2894.34
TXN-101996,2024-03-24 04:00:00,Australia,Automotive,800.16,14,0.29,172.92,4.7,15000,0,8655.25
TXN-101997,2024-03-24 05:00:00,USA,Electronics,371.63,9,0.14,1349.64,3.4,10000,0,3745.3
TXN-101998,2024-03-24 06:00:00,USA,Health & Beauty,478.17,3,0.19,182.18,3.0,5000,0,1434.34
TXN-101999,2024-03-24 07:00:00,USA,Electronics,82.08,3,0.13,427.6,2.6,15000,0,758.32
TXN-102000,2024-03-24 08:00:00,USA,Books,674.79,8,0.04,260.51,3.1,15000,0,5725.41
TXN-102001,2024-03-24 09:00:00,USA,Apparel,368.0,10,0.29,110.81,3.4,25000,0,3442.36
TXN-102002,2024-03-24 10:00:00,Japan,Electronics,683.43,12,0.04,77.14,4.9,15000,0,8604.28
TXN-102003,2024-03-24 11:00:00,USA,Electronics,226.92,6,0.03,277.34,3.7,2500,0,1738.35
TXN-102004,2024-03-24 12:00:00,USA,Electronics,367.77,12,0.14,74.25,3.9,2500,0,4046.46
TXN-102005,2024-03-24 13:00:00,France,Home & Kitchen,671.77,10,0.2,105.02,4.7,5000,0,5822.52
TXN-102006,2024-03-24 14:00:00,UK,Home & Kitchen,828.19,3,0.11,126.75,4.7,15000,0,2898.46
TXN-102007,2024-03-24 15:00:00,France,Health & Beauty,64.79,2,0.06,50.96,3.8,25000,1,1159.86
TXN-102008,2024-03-24 16:00:00,USA,Apparel,693.4,13,0.25,133.18,2.8,5000,0,7035.89
TXN-102009,2024-03-24 17:00:00,UK,Electronics,266.08,2,0.11,480.52,3.2,10000,1,1275.29
TXN-102010,2024-03-24 18:00:00,USA,Electronics,474.87,2,0.06,906.08,,25000,0,1909.83
TXN-102011,2024-03-24 19:00:00,USA,Electronics,257.23,5,0.11,157.48,4.4,10000,0,1593.92
TXN-102012,2024-03-24 20:00:00,Japan,Electronics,527.23,12,0.06,92.17,4.3,5000,0,6218.19
TXN-102013,2024-03-24 21:00:00,USA,Home & Kitchen,310.43,5,0.16,703.77,4.1,2500,0,1849.85
TXN-102014,2024-03-24 22:00:00,UK,Books,293.57,1,0.2,54.1,4.7,25000,0,968.85
TXN-102015,2024-03-24 23:00:00,UK,Books,46.68,2,0.24,712.43,4.5,25000,1,1274.96
TXN-102016,2024-03-25 00:00:00,USA,Health & Beauty,137.71,2,0.07,120.27,5.0,5000,0,850.09
TXN-102017,2024-03-25 01:00:00,Japan,Automotive,780.76,4,0.05,179.57,4.7,25000,0,3782.88
TXN-102018,2024-03-25 02:00:00,USA,Apparel,848.56,7,0.01,113.96,3.0,25000,0,6670.2
TXN-102019,2024-03-25 03:00:00,Germany,Books,666.73,3,0.07,192.07,2.6,5000,1,2509.66
TXN-102020,2024-03-25 04:00:00,Australia,Electronics,254.49,5,0.01,850.18,3.5,15000,0,2255.25
TXN-102021,2024-03-25 05:00:00,Germany,Books,351.04,11,0.1,121.1,4.0,5000,0,3737.23
TXN-102022,2024-03-25 06:00:00,Japan,Health & Beauty,632.49,9,0.04,2621.99,4.1,25000,0,7285.49
TXN-102023,2024-03-25 07:00:00,USA,Automotive,823.71,5,0.17,248.08,3.2,5000,1,3878.91
TXN-102024,2024-03-25 08:00:00,UK,Books,395.32,9,0.12,1325.32,4.6,25000,0,4304.92
TXN-102025,2024-03-25 09:00:00,USA,Health & Beauty,707.65,1,0.03,155.38,3.3,10000,0,1024.06
TXN-102026,2024-03-25 10:00:00,France,Home & Kitchen,829.18,9,0.12,154.06,4.8,10000,0,7040.29
TXN-102027,2024-03-25 11:00:00,Australia,Automotive,744.35,14,0.06,466.59,3.7,2500,0,10214.58
TXN-102028,2024-03-25 12:00:00,USA,Health & Beauty,204.67,5,0.2,75.96,2.5,5000,0,1319.36
TXN-102029,2024-03-25 13:00:00,Germany,Books,21.71,8,0.11,857.23,2.9,5000,0,811.09
TXN-102030,2024-03-25 14:00:00,USA,Home & Kitchen,425.89,5,0.04,339.57,2.8,10000,0,2600.7
TXN-102031,2024-03-25 15:00:00,Germany,Health & Beauty,458.69,14,0.1,650.65,2.6,10000,0,6400.65
TXN-102032,2024-03-25 16:00:00,UK,Health & Beauty,183.04,12,0.07,145.96,4.3,10000,0,2396.89
TXN-102033,2024-03-25 17:00:00,Australia,Books,252.7,6,0.24,564.11,3.0,2500,0,1614.9
TXN-102034,2024-03-25 18:00:00,Germany,Automotive,653.9,8,0.3,500.79,4.6,2500,0,4015.06
TXN-102035,2024-03-25 19:00:00,USA,Home & Kitchen,407.74,2,0.01,754.6,3.2,15000,0,1576.46
TXN-102036,2024-03-25 20:00:00,USA,Electronics,279.99,3,0.21,226.48,2.6,5000,0,1034.33
TXN-102037,2024-03-25 21:00:00,USA,Apparel,534.89,11,0.08,1402.77,4.6,2500,0,6254.35
TXN-102038,2024-03-25 22:00:00,USA,Automotive,560.05,9,0.02,1675.97,3.7,25000,0,6375.76
TXN-102039,2024-03-25 23:00:00,USA,Home & Kitchen,657.45,5,0.0,1062.95,4.0,5000,0,3997.42
TXN-102040,2024-03-26 00:00:00,Canada,Health & Beauty,145.85,5,0.26,474.36,3.3,15000,0,1113.17
TXN-102041,2024-03-26 01:00:00,Germany,Home & Kitchen,634.17,9,0.11,322.61,2.6,10000,0,5580.9
TXN-102042,2024-03-26 02:00:00,UK,Apparel,515.52,10,0.3,79.87,3.4,15000,0,4181.15
TXN-102043,2024-03-26 03:00:00,USA,Books,63.07,3,0.13,1520.89,3.8,5000,1,1453.38
TXN-102044,2024-03-26 04:00:00,Canada,Apparel,664.17,14,0.06,1566.0,2.5,10000,0,9738.38
TXN-102045,2024-03-26 05:00:00,France,Electronics,334.87,4,0.23,59.43,3.9,15000,0,1359.58
TXN-102046,2024-03-26 06:00:00,USA,Electronics,290.87,7,0.28,270.72,4.7,15000,1,2356.37
TXN-102047,2024-03-26 07:00:00,France,Apparel,389.14,2,0.24,1110.28,3.0,5000,0,1427.67
TXN-102048,2024-03-26 08:00:00,UK,Automotive,304.06,8,0.22,,4.8,2500,0,2099.62
TXN-102049,2024-03-26 09:00:00,USA,Automotive,297.47,5,0.1,159.43,2.7,25000,0,2174.33
TXN-102050,2024-03-26 10:00:00,UK,Health & Beauty,689.74,1,0.02,1973.99,4.6,15000,0,1906.53
TXN-102051,2024-03-26 11:00:00,UK,Electronics,118.96,3,0.06,989.6,4.6,25000,1,1769.55
TXN-102052,2024-03-26 12:00:00,USA,Health & Beauty,825.45,9,0.13,1265.57,3.1,5000,1,7588.66
TXN-102053,2024-03-26 13:00:00,Japan,Electronics,478.37,5,0.29,126.67,4.9,5000,0,2193.17
TXN-102054,2024-03-26 14:00:00,Canada,Apparel,167.74,8,0.22,168.69,3.5,2500,0,1366.83
TXN-102055,2024-03-26 15:00:00,Germany,Automotive,124.56,1,0.25,514.96,2.9,10000,0,629.63
TXN-102056,2024-03-26 16:00:00,UK,Automotive,508.91,14,0.08,398.31,4.0,25000,0,7427.45
TXN-102057,2024-03-26 17:00:00,UK,Apparel,543.55,7,0.21,227.27,5.0,15000,0,3578.51
TXN-102058,2024-03-26 18:00:00,Germany,Health & Beauty,59.28,7,0.26,1126.42,4.7,10000,0,1066.28
TXN-102059,2024-03-26 19:00:00,UK,Health & Beauty,217.91,8,0.14,1208.28,3.2,25000,0,2667.59
TXN-102060,2024-03-26 20:00:00,USA,Home & Kitchen,679.21,3,0.13,222.43,3.9,25000,0,2587.62
TXN-102061,2024-03-26 21:00:00,UK,Electronics,56.44,1,0.22,134.66,2.8,10000,0,512.68
TXN-102062,2024-03-26 22:00:00,Canada,Health & Beauty,729.0,11,0.17,130.73,3.7,10000,0,7042.23
TXN-102063,2024-03-26 23:00:00,UK,Apparel,564.57,9,0.3,381.24,3.8,2500,0,4067.52
TXN-102064,2024-03-27 00:00:00,USA,Health & Beauty,377.74,1,0.13,121.31,3.3,15000,1,1068.29
TXN-102065,2024-03-27 01:00:00,France,Automotive,304.27,11,0.05,370.6,3.7,15000,0,3851.18
TXN-102066,2024-03-27 02:00:00,USA,Electronics,31.07,6,0.14,359.89,4.8,15000,1,1147.95
TXN-102067,2024-03-27 03:00:00,USA,Books,704.05,9,0.07,1127.56,3.8,10000,0,6775.57
TXN-102068,2024-03-27 04:00:00,USA,Home & Kitchen,134.17,14,0.17,225.64,4.6,2500,1,2160.34
TXN-102069,2024-03-27 05:00:00,USA,Electronics,273.47,2,0.04,461.23,3.3,5000,0,1105.69
TXN-102070,2024-03-27 06:00:00,France,Automotive,490.2,4,0.28,730.31,4.9,2500,1,2124.99
TXN-102071,2024-03-27 07:00:00,UK,Automotive,220.4,2,0.26,503.06,2.7,10000,0,877.46
TXN-102072,2024-03-27 08:00:00,USA,Automotive,430.11,4,0.05,1590.29,4.0,2500,0,2433.29
TXN-102073,2024-03-27 09:00:00,Canada,Automotive,690.8,2,0.05,511.0,4.5,10000,0,1801.17
TXN-102074,2024-03-27 10:00:00,Canada,Apparel,407.9,12,0.15,1210.69,4.5,25000,1,5653.64
TXN-102075,2024-03-27 11:00:00,Canada,Home & Kitchen,807.4,1,0.23,190.56,3.0,25000,0,1300.38
TXN-102076,2024-03-27 12:00:00,USA,Books,722.66,11,0.07,461.35,3.5,5000,0,8024.23
TXN-102077,2024-03-27 13:00:00,UK,Automotive,293.09,3,0.02,441.87,4.1,25000,0,1724.76
TXN-102078,2024-03-27 14:00:00,Australia,Automotive,348.97,8,0.16,2325.91,3.3,5000,0,3731.05
TXN-102079,2024-03-27 15:00:00,France,Health & Beauty,368.48,5,0.21,164.4,4.1,15000,1,2268.11
TXN-102080,2024-03-27 16:00:00,USA,Home & Kitchen,537.86,4,0.07,125.99,3.4,10000,0,2314.41
TXN-102081,2024-03-27 17:00:00,USA,Electronics,254.47,5,0.22,522.95,3.4,15000,1,1789.75
TXN-102082,2024-03-27 18:00:00,UK,Home & Kitchen,824.32,6,0.29,176.6,2.8,15000,0,3907.97
TXN-102083,2024-03-27 19:00:00,Japan,Home & Kitchen,523.25,6,0.04,559.65,2.6,5000,1,3759.0
TXN-102084,2024-03-27 20:00:00,UK,Books,348.5,5,0.15,1846.59,4.6,10000,0,2846.86
TXN-102085,2024-03-27 21:00:00,UK,Home & Kitchen,553.58,12,0.02,1514.09,3.7,5000,0,7384.85
TXN-102086,2024-03-27 22:00:00,USA,Books,345.16,11,0.06,181.4,3.9,2500,0,3943.11
TXN-102087,2024-03-27 23:00:00,Germany,Automotive,697.86,12,0.03,143.71,3.4,15000,0,8626.22
TXN-102088,2024-03-28 00:00:00,Canada,Automotive,489.15,6,0.12,461.33,2.8,10000,0,3031.12
TXN-102089,2024-03-28 01:00:00,UK,Apparel,50.05,9,0.25,491.88,3.6,15000,1,1299.55
TXN-102090,2024-03-28 02:00:00,France,Books,162.59,5,0.17,592.72,3.1,2500,0,1258.29
TXN-102091,2024-03-28 03:00:00,Australia,Books,737.27,13,0.07,726.41,4.6,2500,0,9491.44
TXN-102092,2024-03-28 04:00:00,USA,Electronics,485.02,6,0.01,509.34,5.0,10000,1,3851.59
TXN-102093,2024-03-28 05:00:00,UK,Health & Beauty,808.54,4,0.17,109.25,4.7,10000,0,3169.71
TXN-102094,2024-03-28 06:00:00,USA,Home & Kitchen,75.47,13,0.04,830.7,3.8,2500,1,1811.51
TXN-102095,2024-03-28 07:00:00,France,Electronics,261.54,3,0.1,91.43,4.1,15000,1,1417.55
TXN-102096,2024-03-28 08:00:00,Germany,Books,176.61,13,0.15,60.1,4.9,25000,1,2988.35
TXN-102097,2024-03-28 09:00:00,Germany,Electronics,477.46,12,0.27,784.1,3.8,15000,0,4889.45
TXN-102098,2024-03-28 10:00:00,France,Apparel,334.63,6,0.02,447.43,4.1,25000,0,2882.38
TXN-102099,2024-03-28 11:00:00,UK,Health & Beauty,146.32,11,0.2,649.64,4.1,5000,0,1974.26
TXN-102100,2024-03-28 12:00:00,Japan,Books,551.7,11,0.0,291.24,4.3,10000,0,6737.57
TXN-102101,2024-03-28 13:00:00,UK,Books,462.81,5,0.19,55.58,4.1,2500,0,2050.51
TXN-102102,2024-03-28 14:00:00,USA,Home & Kitchen,244.4,4,0.17,251.0,,5000,1,1498.7
TXN-102103,2024-03-28 15:00:00,Germany,Health & Beauty,415.61,5,0.24,518.42,4.3,15000,0,2249.68
TXN-102104,2024-03-28 16:00:00,France,Apparel,637.69,7,0.16,177.9,4.5,25000,0,4543.41
TXN-102105,2024-03-28 17:00:00,USA,Automotive,186.4,1,0.11,632.06,3.5,10000,0,961.6
TXN-102106,2024-03-28 18:00:00,Canada,Electronics,259.58,14,0.07,840.91,4.4,25000,0,4526.36
TXN-102107,2024-03-28 19:00:00,Japan,Home & Kitchen,304.0,1,0.03,352.81,2.8,15000,0,827.45
TXN-102108,2024-03-28 20:00:00,USA,Books,638.52,11,0.16,1092.61,4.7,15000,0,6846.39
TXN-102109,2024-03-28 21:00:00,Australia,Automotive,722.18,13,0.27,1014.88,3.2,2500,0,7505.54
TXN-102110,2024-03-28 22:00:00,USA,Apparel,329.28,1,0.15,1102.1,3.5,5000,0,1040.13
TXN-102111,2024-03-28 23:00:00,USA,Health & Beauty,262.68,2,0.22,590.93,,10000,0,1088.83
TXN-102112,2024-03-29 00:00:00,USA,Electronics,757.69,9,0.09,231.77,4.1,2500,0,6425.14
TXN-102113,2024-03-29 01:00:00,Japan,Home & Kitchen,849.47,13,0.13,378.17,3.3,25000,1,10836.11
TXN-102114,2024-03-29 02:00:00,Germany,Books,574.75,5,0.1,669.82,3.1,5000,1,3545.12
TXN-102115,2024-03-29 03:00:00,USA,Books,841.63,14,0.03,168.22,4.9,10000,0,11963.88
TXN-102116,2024-03-29 04:00:00,UK,Automotive,566.07,9,0.13,721.32,2.7,25000,0,5308.81
TXN-102117,2024-03-29 05:00:00,Germany,Automotive,627.44,13,0.23,447.13,2.5,10000,1,6994.22
TXN-102118,2024-03-29 06:00:00,USA,Electronics,339.53,5,0.12,100.47,4.2,10000,0,1852.79
TXN-102119,2024-03-29 07:00:00,Japan,Health & Beauty,376.53,14,0.2,457.42,4.0,5000,0,4620.4
TXN-102120,2024-03-29 08:00:00,Canada,Apparel,135.35,7,0.23,84.56,4.3,25000,0,1410.36
TXN-102121,2024-03-29 09:00:00,UK,Health & Beauty,702.0,14,0.1,57.21,4.3,2500,0,9148.23
TXN-102122,2024-03-29 10:00:00,Australia,Health & Beauty,792.43,14,0.24,1151.95,4.7,2500,1,9471.61
TXN-102123,2024-03-29 11:00:00,UK,Health & Beauty,535.57,6,0.1,386.59,4.8,2500,0,3453.98
TXN-102124,2024-03-29 12:00:00,Australia,Electronics,301.95,2,0.08,441.85,4.4,10000,0,1030.56
TXN-102125,2024-03-29 13:00:00,Germany,Electronics,143.6,3,0.07,214.21,3.1,15000,0,866.07
TXN-102126,2024-03-29 14:00:00,Germany,Apparel,236.41,5,0.06,441.26,3.7,5000,1,1666.18
TXN-102127,2024-03-29 15:00:00,USA,Health & Beauty,228.27,4,0.22,142.48,4.1,2500,1,1272.39
TXN-102128,2024-03-29 16:00:00,Japan,Electronics,527.3,14,0.27,734.51,3.8,5000,0,6118.59
TXN-102129,2024-03-29 17:00:00,UK,Apparel,804.11,11,0.07,916.79,2.9,10000,1,9181.31
TXN-102130,2024-03-29 18:00:00,USA,Books,55.31,6,0.03,1018.54,4.0,5000,0,1169.48
TXN-102131,2024-03-29 19:00:00,USA,Apparel,15.85,8,0.09,106.39,4.7,2500,0,480.26
TXN-102132,2024-03-29 20:00:00,Germany,Health & Beauty,516.15,8,0.2,457.94,3.5,2500,0,3786.28
TXN-102133,2024-03-29 21:00:00,UK,Home & Kitchen,252.19,3,0.11,877.09,4.2,10000,0,1503.91
TXN-102134,2024-03-29 22:00:00,France,Health & Beauty,750.26,4,0.16,118.61,4.0,10000,0,3098.51
TXN-102135,2024-03-29 23:00:00,Japan,Home & Kitchen,288.25,1,0.22,102.41,3.4,25000,1,1157.9
TXN-102136,2024-03-30 00:00:00,USA,Apparel,256.93,2,0.12,898.98,3.9,10000,0,1287.18
TXN-102137,2024-03-30 01:00:00,France,Books,240.04,13,0.3,846.62,3.0,15000,0,3147.98
TXN-102138,2024-03-30 02:00:00,USA,Books,135.95,9,0.09,347.73,3.9,15000,0,1663.54
TXN-102139,2024-03-30 03:00:00,Canada,Electronics,500.58,12,0.29,108.1,4.5,2500,0,4548.87
TXN-102140,2024-03-30 04:00:00,Canada,Books,155.46,10,0.06,412.96,4.4,10000,0,2091.14
TXN-102141,2024-03-30 05:00:00,UK,Automotive,369.57,10,0.03,301.1,3.4,15000,0,4104.63
TXN-102142,2024-03-30 06:00:00,France,Apparel,399.91,2,0.23,,2.8,15000,0,1156.77
TXN-102143,2024-03-30 07:00:00,USA,Electronics,32.11,12,0.21,339.82,4.5,25000,0,1322.22
TXN-102144,2024-03-30 08:00:00,UK,Books,29.03,6,0.24,470.26,3.2,10000,0,623.03
TXN-102145,2024-03-30 09:00:00,Canada,Apparel,449.38,14,0.1,699.38,2.6,25000,0,6564.6
TXN-102146,2024-03-30 10:00:00,UK,Health & Beauty,596.19,7,0.28,795.52,3.6,5000,0,3642.06
TXN-102147,2024-03-30 11:00:00,UK,Books,801.69,6,0.04,573.46,4.3,25000,0,5603.59
TXN-102148,2024-03-30 12:00:00,UK,Home & Kitchen,164.56,8,0.01,160.91,4.5,5000,0,1634.61
TXN-102149,2024-03-30 13:00:00,Canada,Apparel,101.22,9,0.09,303.02,5.0,5000,0,1273.72
TXN-102150,2024-03-30 14:00:00,USA,Electronics,58.49,8,0.24,86.94,3.0,10000,0,649.6
TXN-102151,2024-03-30 15:00:00,USA,Health & Beauty,379.09,5,0.2,350.44,3.2,5000,1,2123.76
TXN-102152,2024-03-30 16:00:00,France,Automotive,535.33,8,0.13,1808.97,4.0,5000,0,4875.56
TXN-102153,2024-03-30 17:00:00,Canada,Health & Beauty,716.86,10,0.08,563.24,4.5,25000,0,7623.59
TXN-102154,2024-03-30 18:00:00,USA,Books,585.01,10,0.02,133.98,3.1,10000,0,6214.34
TXN-102155,2024-03-30 19:00:00,USA,Home & Kitchen,188.98,9,0.1,206.38,3.5,10000,0,1980.72
TXN-102156,2024-03-30 20:00:00,USA,Health & Beauty,400.58,14,0.14,83.38,,5000,0,5102.27
TXN-102157,2024-03-30 21:00:00,USA,Automotive,775.14,8,0.21,150.7,4.4,25000,0,5560.08
TXN-102158,2024-03-30 22:00:00,UK,Electronics,287.83,2,0.19,384.56,3.1,25000,0,1250.37
TXN-102159,2024-03-30 23:00:00,France,Apparel,431.44,2,0.28,261.45,4.9,25000,0,1473.3
TXN-102160,2024-03-31 00:00:00,Germany,Home & Kitchen,815.4,12,0.03,164.05,3.8,25000,0,10323.13
TXN-102161,2024-03-31 01:00:00,Germany,Automotive,628.48,3,0.1,129.26,3.2,2500,0,1794.41
TXN-102162,2024-03-31 02:00:00,UK,Books,639.36,7,0.14,583.66,3.2,5000,0,4328.65
TXN-102163,2024-03-31 03:00:00,Canada,Books,225.7,9,0.2,458.34,2.5,5000,0,1862.53
TXN-102164,2024-03-31 04:00:00,UK,Books,361.27,8,0.15,974.61,4.2,5000,1,3305.91
TXN-102165,2024-03-31 05:00:00,Australia,Home & Kitchen,83.76,9,0.27,151.21,4.4,10000,0,1121.74
TXN-102166,2024-03-31 06:00:00,Germany,Health & Beauty,521.45,6,0.18,991.89,2.6,10000,1,3474.75
TXN-102167,2024-03-31 07:00:00,USA,Home & Kitchen,101.61,1,0.01,481.27,4.0,25000,0,1005.81
TXN-102168,2024-03-31 08:00:00,Germany,Books,712.98,14,0.03,204.78,,10000,0,10259.01
TXN-102169,2024-03-31 09:00:00,USA,Automotive,695.15,12,0.23,209.79,3.4,15000,0,6933.15
TXN-102170,2024-03-31 10:00:00,Germany,Apparel,460.56,4,0.21,297.46,3.6,5000,0,1753.3
TXN-102171,2024-03-31 11:00:00,USA,Apparel,132.87,13,0.05,358.21,3.4,5000,0,2064.67
TXN-102172,2024-03-31 12:00:00,USA,Home & Kitchen,36.36,6,0.02,93.05,3.3,2500,0,578.96
TXN-102173,2024-03-31 13:00:00,Canada,Books,680.25,12,0.17,972.58,3.7,2500,0,7508.87
TXN-102174,2024-03-31 14:00:00,USA,Electronics,516.12,6,0.19,114.79,2.9,15000,0,2970.63
TXN-102175,2024-03-31 15:00:00,Canada,Home & Kitchen,608.63,8,0.04,380.3,3.6,2500,0,5012.85
TXN-102176,2024-03-31 16:00:00,USA,Books,268.68,1,0.14,291.42,4.9,25000,0,1175.22
TXN-102177,2024-03-31 17:00:00,Germany,Health & Beauty,440.42,13,0.09,409.01,2.6,25000,0,5894.31
TXN-102178,2024-03-31 18:00:00,Germany,Apparel,638.89,11,0.28,1142.32,2.9,5000,0,5879.51
TXN-102179,2024-03-31 19:00:00,UK,Apparel,401.24,2,0.07,2308.96,4.4,25000,0,2440.9
TXN-102180,2024-03-31 20:00:00,USA,Apparel,517.16,2,0.22,60.24,2.8,2500,0,890.9
TXN-102181,2024-03-31 21:00:00,USA,Electronics,674.42,13,0.16,299.81,3.2,15000,0,7802.26
TXN-102182,2024-03-31 22:00:00,USA,Books,194.71,6,0.0,900.81,3.6,25000,1,2616.43
TXN-102183,2024-03-31 23:00:00,USA,Books,70.05,14,0.16,247.71,,5000,0,1239.67
TXN-102184,2024-04-01 00:00:00,Germany,Books,459.07,14,0.03,573.54,3.0,5000,0,6655.72
TXN-102185,2024-04-01 01:00:00,Japan,Books,66.88,11,0.2,2480.63,4.8,2500,1,2217.33
TXN-102186,2024-04-01 02:00:00,Canada,Electronics,655.08,7,0.17,570.32,4.3,25000,0,4710.38
TXN-102187,2024-04-01 03:00:00,France,Automotive,615.54,2,0.0,108.94,4.2,2500,0,1476.04
TXN-102188,2024-04-01 04:00:00,France,Home & Kitchen,751.23,5,0.06,975.54,4.3,5000,1,4473.57
TXN-102189,2024-04-01 05:00:00,Germany,Home & Kitchen,549.03,6,0.23,1750.46,2.6,15000,1,3991.89
TXN-102190,2024-04-01 06:00:00,USA,Books,71.11,4,0.08,673.28,2.7,25000,0,1246.75
TXN-102191,2024-04-01 07:00:00,Japan,Health & Beauty,226.38,1,0.15,321.56,3.3,15000,0,663.31
TXN-102192,2024-04-01 08:00:00,Germany,Apparel,689.62,3,0.09,1532.12,2.7,25000,0,3301.65
TXN-102193,2024-04-01 09:00:00,Germany,Electronics,154.56,14,0.28,1780.03,5.0,5000,1,2858.38
TXN-102194,2024-04-01 10:00:00,USA,Health & Beauty,598.23,10,0.16,1417.58,4.0,25000,1,6613.54
TXN-102195,2024-04-01 11:00:00,UK,Health & Beauty,666.52,9,0.21,315.36,3.7,5000,1,5392.72
TXN-102196,2024-04-01 12:00:00,UK,Books,290.64,13,0.03,829.63,4.5,10000,0,4376.25
TXN-102197,2024-04-01 13:00:00,Canada,Electronics,284.12,6,0.01,580.92,4.9,5000,0,2360.41
TXN-102198,2024-04-01 14:00:00,UK,Home & Kitchen,480.77,2,0.08,149.05,4.9,5000,0,1208.66
TXN-102199,2024-04-01 15:00:00,UK,Apparel,734.17,9,0.09,433.41,4.5,25000,0,7023.89
TXN-102200,2024-04-01 16:00:00,Australia,Home & Kitchen,201.96,4,0.21,738.55,3.4,15000,0,1476.98
TXN-102201,2024-04-01 17:00:00,USA,Health & Beauty,800.95,11,0.17,1181.26,2.7,5000,0,8005.78
TXN-102202,2024-04-01 18:00:00,UK,Apparel,515.26,13,0.11,1042.42,2.7,25000,0,6956.27
TXN-102203,2024-04-01 19:00:00,USA,Automotive,843.43,8,0.2,134.01,2.5,5000,1,6005.97
TXN-102204,2024-04-01 20:00:00,France,Health & Beauty,89.83,10,0.05,384.75,2.5,2500,0,1097.74
TXN-102205,2024-04-01 21:00:00,Japan,Home & Kitchen,120.68,7,0.02,375.3,4.8,2500,1,1502.1
TXN-102206,2024-04-01 22:00:00,USA,Home & Kitchen,705.25,12,0.26,1195.02,4.8,2500,0,7122.12
TXN-102207,2024-04-01 23:00:00,Canada,Books,737.07,11,0.17,50.97,4.2,2500,1,7278.47
TXN-102208,2024-04-02 00:00:00,USA,Home & Kitchen,386.96,3,0.19,721.07,4.3,15000,0,1742.07
TXN-102209,2024-04-02 01:00:00,Japan,Electronics,611.25,8,0.09,532.01,3.8,5000,0,4901.93
TXN-102210,2024-04-02 02:00:00,France,Health & Beauty,739.41,4,0.11,1322.78,3.1,2500,0,3474.82
TXN-102211,2024-04-02 03:00:00,Canada,Apparel,51.01,2,0.02,355.25,4.8,25000,1,1075.37
TXN-102212,2024-04-02 04:00:00,USA,Home & Kitchen,494.25,11,0.26,585.99,3.2,2500,0,4501.65
TXN-102213,2024-04-02 05:00:00,Australia,Books,727.66,5,0.18,1851.3,,10000,0,4106.26
TXN-102214,2024-04-02 06:00:00,France,Books,347.46,1,0.03,731.1,3.1,10000,1,1185.35
TXN-102215,2024-04-02 07:00:00,USA,Home & Kitchen,267.49,13,0.24,84.88,4.7,15000,0,3221.96
TXN-102216,2024-04-02 08:00:00,Canada,Electronics,679.42,8,0.13,141.68,4.1,10000,1,5367.05
TXN-102217,2024-04-02 09:00:00,USA,Books,295.38,14,0.23,911.45,4.1,25000,0,4371.43
TXN-102218,2024-04-02 10:00:00,Canada,Apparel,17.65,8,0.0,253.83,2.7,2500,0,483.44
TXN-102219,2024-04-02 11:00:00,USA,Health & Beauty,816.24,3,0.01,661.95,3.5,10000,0,3023.81
TXN-102220,2024-04-02 12:00:00,France,Automotive,509.42,1,0.05,651.69,3.8,10000,0,1130.19
TXN-102221,2024-04-02 13:00:00,UK,Electronics,699.3,4,0.06,2583.64,3.2,15000,0,4147.72
TXN-102222,2024-04-02 14:00:00,USA,Books,704.13,9,0.23,367.32,4.7,10000,0,5494.25
TXN-102223,2024-04-02 15:00:00,USA,Health & Beauty,70.45,9,0.21,719.39,4.6,2500,0,1207.08
TXN-102224,2024-04-02 16:00:00,USA,Automotive,157.67,1,0.18,74.99,3.7,5000,0,333.92
TXN-102225,2024-04-02 17:00:00,UK,Home & Kitchen,274.79,11,0.27,360.5,3.4,2500,0,2586.86
TXN-102226,2024-04-02 18:00:00,USA,Home & Kitchen,282.78,7,0.07,153.32,4.5,10000,0,2338.27
TXN-102227,2024-04-02 19:00:00,Germany,Apparel,565.09,6,0.27,968.08,3.0,10000,0,3145.73
TXN-102228,2024-04-02 20:00:00,USA,Automotive,535.32,14,0.27,966.0,2.7,10000,1,6396.5
TXN-102229,2024-04-02 21:00:00,USA,Home & Kitchen,427.98,7,0.13,184.83,2.6,15000,0,2961.91
TXN-102230,2024-04-02 22:00:00,France,Home & Kitchen,191.41,7,0.03,241.57,2.6,25000,0,2070.25
TXN-102231,2024-04-02 23:00:00,USA,Books,333.96,8,0.22,656.13,3.7,2500,0,2566.89
TXN-102232,2024-04-03 00:00:00,Japan,Apparel,468.9,8,0.1,720.21,3.1,10000,0,3981.62
TXN-102233,2024-04-03 01:00:00,Canada,Health & Beauty,405.77,10,0.24,585.93,4.2,5000,0,3801.67
TXN-102234,2024-04-03 02:00:00,Germany,Home & Kitchen,121.29,14,0.05,2906.1,4.1,15000,0,3261.24
TXN-102235,2024-04-03 03:00:00,Germany,Electronics,557.34,11,0.16,1065.07,3.9,25000,1,6657.4
TXN-102236,2024-04-03 04:00:00,Japan,Electronics,76.0,2,0.15,319.83,3.4,10000,0,453.8
TXN-102237,2024-04-03 05:00:00,USA,Health & Beauty,330.79,12,0.03,,4.6,2500,0,4177.33
TXN-102238,2024-04-03 06:00:00,USA,Automotive,607.87,12,0.11,504.22,4.3,5000,1,7126.57
TXN-102239,2024-04-03 07:00:00,USA,Apparel,31.72,12,0.03,900.88,3.2,15000,0,1153.02
TXN-102240,2024-04-03 08:00:00,France,Books,490.94,4,0.14,372.51,3.8,2500,0,2034.19
TXN-102241,2024-04-03 09:00:00,USA,Electronics,294.33,4,0.25,719.12,2.9,2500,0,1330.31
TXN-102242,2024-04-03 10:00:00,Germany,Electronics,22.37,13,0.08,59.67,3.3,15000,0,762.9
TXN-102243,2024-04-03 11:00:00,Australia,Health & Beauty,173.97,11,0.23,1350.77,5.0,2500,0,2426.59
TXN-102244,2024-04-03 12:00:00,Canada,Automotive,800.69,10,0.06,793.24,3.1,5000,0,8113.89
TXN-102245,2024-04-03 13:00:00,UK,Automotive,450.16,12,0.2,300.59,4.2,5000,0,4771.67
TXN-102246,2024-04-03 14:00:00,USA,Health & Beauty,847.68,13,0.27,292.26,3.1,2500,0,8490.38
TXN-102247,2024-04-03 15:00:00,Canada,Electronics,453.22,8,0.1,104.29,4.8,10000,1,3920.28
TXN-102248,2024-04-03 16:00:00,Germany,Apparel,469.19,14,0.27,896.83,3.3,2500,0,5469.51
TXN-102249,2024-04-03 17:00:00,USA,Electronics,342.19,13,0.15,781.87,3.4,10000,0,4688.09
TXN-102250,2024-04-03 18:00:00,USA,Automotive,273.88,13,0.1,547.46,4.0,2500,0,3825.88
TXN-102251,2024-04-03 19:00:00,Japan,Books,225.04,3,0.27,103.49,4.0,25000,0,1349.75
TXN-102252,2024-04-03 20:00:00,Germany,Electronics,301.76,12,0.01,202.14,3.9,5000,0,4009.62
TXN-102253,2024-04-03 21:00:00,Canada,Apparel,398.98,13,0.01,357.09,3.9,2500,1,5863.16
TXN-102254,2024-04-03 22:00:00,Canada,Home & Kitchen,175.31,13,0.18,204.6,3.3,5000,1,2420.67
TXN-102255,2024-04-03 23:00:00,Germany,Electronics,202.77,12,0.24,334.56,3.6,15000,0,2455.3
TXN-102256,2024-04-04 00:00:00,UK,Health & Beauty,241.74,3,0.23,178.06,4.0,25000,0,1302.74
TXN-102257,2024-04-04 01:00:00,UK,Home & Kitchen,390.13,13,0.02,265.08,4.2,10000,1,5675.47
TXN-102258,2024-04-04 02:00:00,USA,Health & Beauty,560.1,2,0.29,578.2,,15000,0,1506.76
TXN-102259,2024-04-04 03:00:00,UK,Health & Beauty,729.88,1,0.21,1164.49,4.3,25000,0,1752.15
TXN-102260,2024-04-04 04:00:00,France,Health & Beauty,254.76,8,0.28,293.09,4.8,15000,0,2120.29
TXN-102261,2024-04-04 05:00:00,Germany,Electronics,168.41,14,0.1,638.68,4.4,5000,0,2596.91
TXN-102262,2024-04-04 06:00:00,Japan,Automotive,331.34,9,0.21,122.39,2.7,25000,1,3239.73
TXN-102263,2024-04-04 07:00:00,UK,Home & Kitchen,761.81,9,0.26,439.15,3.7,15000,0,5843.02
TXN-102264,2024-04-04 08:00:00,Germany,Apparel,23.23,11,0.11,1323.63,3.6,10000,0,1200.65
TXN-102265,2024-04-04 09:00:00,Germany,Automotive,581.02,8,0.29,64.17,3.3,25000,0,4084.35
TXN-102266,2024-04-04 10:00:00,Germany,Electronics,413.43,5,0.08,205.69,3.7,25000,1,2862.39
TXN-102267,2024-04-04 11:00:00,France,Health & Beauty,149.47,1,0.09,121.07,3.6,15000,0,632.64
TXN-102268,2024-04-04 12:00:00,USA,Apparel,283.05,9,0.28,430.84,2.5,2500,0,2207.74
TXN-102269,2024-04-04 13:00:00,UK,Home & Kitchen,202.83,6,0.29,619.16,3.1,10000,0,1466.6
TXN-102270,2024-04-04 14:00:00,USA,Automotive,747.99,12,0.09,79.76,3.0,10000,0,8427.4
TXN-102271,2024-04-04 15:00:00,UK,Books,417.36,7,0.04,86.44,3.4,15000,0,3341.91
TXN-102272,2024-04-04 16:00:00,UK,Automotive,485.18,8,0.23,1068.69,2.9,5000,0,3621.27
TXN-102273,2024-04-04 17:00:00,Germany,Apparel,510.73,13,0.28,354.62,2.7,5000,0,5160.68
TXN-102274,2024-04-04 18:00:00,Australia,Electronics,549.08,5,0.18,360.83,3.0,2500,0,2428.16
TXN-102275,2024-04-04 19:00:00,Germany,Home & Kitchen,428.79,6,0.19,,4.6,2500,0,2962.42
TXN-102276,2024-04-04 20:00:00,France,Apparel,29.92,12,0.23,242.99,4.5,15000,0,878.21
TXN-102277,2024-04-04 21:00:00,UK,Health & Beauty,294.49,13,0.05,1186.63,3.6,5000,0,4477.84
TXN-102278,2024-04-04 22:00:00,Germany,Home & Kitchen,168.53,7,0.29,,4.7,10000,0,1996.15
TXN-102279,2024-04-04 23:00:00,USA,Automotive,582.92,7,0.11,188.33,3.1,5000,0,3884.55
TXN-102280,2024-04-05 00:00:00,USA,Apparel,62.35,2,0.19,410.81,4.0,15000,0,907.01
TXN-102281,2024-04-05 01:00:00,UK,Automotive,485.78,14,0.14,432.17,2.9,5000,0,6430.99
TXN-102282,2024-04-05 02:00:00,UK,Automotive,190.88,11,0.14,1055.59,,25000,0,3028.92
TXN-102283,2024-04-05 03:00:00,USA,Automotive,807.29,12,0.21,231.14,2.8,15000,0,8285.49
TXN-102284,2024-04-05 04:00:00,USA,Electronics,295.18,14,0.3,849.85,2.6,25000,0,3860.6
TXN-102285,2024-04-05 05:00:00,USA,Automotive,286.56,1,0.2,1820.36,3.2,15000,0,1544.68
TXN-102286,2024-04-05 06:00:00,Australia,Health & Beauty,786.03,8,0.24,967.34,4.8,10000,0,5678.61
TXN-102287,2024-04-05 07:00:00,USA,Health & Beauty,363.49,5,0.01,1249.22,2.8,15000,0,2712.1
TXN-102288,2024-04-05 08:00:00,UK,Home & Kitchen,818.99,10,0.24,666.11,3.3,15000,0,6988.29
TXN-102289,2024-04-05 09:00:00,USA,Books,35.18,2,0.09,1221.47,3.3,15000,0,1038.56
TXN-102290,2024-04-05 10:00:00,Germany,Automotive,270.8,3,0.04,140.07,4.5,15000,0,1374.86
TXN-102291,2024-04-05 11:00:00,USA,Automotive,571.27,6,0.03,673.03,3.6,2500,0,3796.85
TXN-102292,2024-04-05 12:00:00,USA,Apparel,758.87,10,0.2,708.16,4.0,25000,0,6953.24
TXN-102293,2024-04-05 13:00:00,UK,Electronics,229.1,6,0.3,339.18,3.5,15000,0,1573.73
TXN-102294,2024-04-05 14:00:00,USA,Books,791.95,8,0.2,91.55,3.9,15000,1,5901.63
TXN-102295,2024-04-05 15:00:00,USA,Home & Kitchen,511.09,5,0.08,537.02,2.7,2500,0,2830.63
TXN-102296,2024-04-05 16:00:00,USA,Books,683.84,5,0.06,76.64,3.4,5000,1,3609.44
TXN-102297,2024-04-05 17:00:00,USA,Automotive,346.67,7,0.16,290.96,4.6,2500,0,2440.95
TXN-102298,2024-04-05 18:00:00,USA,Apparel,192.17,10,0.02,300.17,4.2,2500,0,2312.43
TXN-102299,2024-04-05 19:00:00,USA,Electronics,775.88,13,0.12,3466.56,5.0,2500,1,10971.98
TXN-102300,2024-04-05 20:00:00,Canada,Home & Kitchen,794.17,14,0.2,,4.5,15000,1,9819.07
TXN-102301,2024-04-05 21:00:00,Germany,Books,430.48,5,0.29,908.66,3.6,2500,0,2036.26
TXN-102302,2024-04-05 22:00:00,UK,Home & Kitchen,20.42,9,0.13,77.32,4.2,2500,0,342.08
TXN-102303,2024-04-05 23:00:00,USA,Automotive,106.67,6,0.06,427.26,4.4,2500,1,1339.03
TXN-102304,2024-04-06 00:00:00,Japan,Home & Kitchen,493.48,7,0.25,434.68,3.2,15000,0,3202.51
TXN-102305,2024-04-06 01:00:00,UK,Apparel,34.85,12,0.22,545.44,2.7,10000,0,986.98
TXN-102306,2024-04-06 02:00:00,USA,Home & Kitchen,346.42,8,0.26,880.38,3.5,10000,0,2829.02
TXN-102307,2024-04-06 03:00:00,Germany,Health & Beauty,268.31,13,0.06,767.58,2.9,5000,0,3783.03
TXN-102308,2024-04-06 04:00:00,USA,Apparel,611.48,5,0.12,765.66,3.2,15000,0,3403.4
TXN-102309,2024-04-06 05:00:00,USA,Books,61.41,14,0.29,333.08,4.9,2500,0,880.66
TXN-102310,2024-04-06 06:00:00,UK,Electronics,423.09,11,0.05,700.01,4.6,2500,0,5048.29
TXN-102311,2024-04-06 07:00:00,Canada,Electronics,498.56,4,0.2,387.96,4.0,2500,1,2240.64
TXN-102312,2024-04-06 08:00:00,UK,Automotive,530.44,12,0.07,84.65,3.5,10000,1,6638.61
TXN-102313,2024-04-06 09:00:00,France,Automotive,353.31,8,0.15,1154.46,3.2,2500,0,3136.63
TXN-102314,2024-04-06 10:00:00,Australia,Health & Beauty,269.15,12,0.24,1154.38,3.9,2500,1,3458.78
TXN-102315,2024-04-06 11:00:00,USA,Books,584.88,10,0.15,244.95,3.8,10000,0,5517.94
TXN-102316,2024-04-06 12:00:00,USA,Electronics,722.72,9,0.24,1276.14,4.5,2500,0,5762.33
TXN-102317,2024-04-06 13:00:00,UK,Electronics,594.17,1,0.13,759.38,4.8,5000,1,1398.06
TXN-102318,2024-04-06 14:00:00,UK,Electronics,793.31,3,0.3,306.08,3.3,25000,0,2452.18
TXN-102319,2024-04-06 15:00:00,UK,Electronics,613.92,12,0.13,251.36,3.0,5000,0,6824.78
TXN-102320,2024-04-06 16:00:00,Japan,Home & Kitchen,653.46,4,0.04,1897.3,3.5,15000,0,3745.22
TXN-102321,2024-04-06 17:00:00,France,Books,155.2,13,0.12,673.49,3.6,5000,0,2414.54
TXN-102322,2024-04-06 18:00:00,Germany,Apparel,365.32,7,0.22,288.06,2.6,5000,0,2346.34
TXN-102323,2024-04-06 19:00:00,USA,Apparel,420.02,6,0.25,563.59,4.7,10000,0,2524.48
TXN-102324,2024-04-06 20:00:00,Canada,Health & Beauty,229.0,10,0.14,473.76,5.0,15000,0,2722.25
TXN-102325,2024-04-06 21:00:00,Australia,Home & Kitchen,456.33,10,0.18,421.74,4.8,5000,0,4341.8
TXN-102326,2024-04-06 22:00:00,Canada,Electronics,257.81,11,0.25,567.4,4.7,25000,0,3187.28
TXN-102327,2024-04-06 23:00:00,USA,Electronics,589.06,1,0.24,435.69,5.0,5000,0,1000.11
TXN-102328,2024-04-07 00:00:00,Germany,Automotive,407.69,4,0.2,581.8,4.8,2500,0,1882.5
TXN-102329,2024-04-07 01:00:00,USA,Automotive,398.1,6,0.24,1240.64,4.2,10000,0,2766.08
TXN-102330,2024-04-07 02:00:00,USA,Health & Beauty,836.34,3,0.17,2550.22,,2500,1,3613.8
TXN-102331,2024-04-07 03:00:00,USA,Electronics,342.69,2,0.0,667.71,2.9,15000,1,1701.94
TXN-102332,2024-04-07 04:00:00,Germany,Health & Beauty,317.52,2,0.01,1364.3,2.6,15000,0,1623.72
TXN-102333,2024-04-07 05:00:00,Germany,Home & Kitchen,281.03,10,0.29,1027.41,3.5,10000,1,2983.03
TXN-102334,2024-04-07 06:00:00,USA,Apparel,762.12,12,0.04,224.81,4.5,5000,0,9149.5
TXN-102335,2024-04-07 07:00:00,UK,Electronics,429.76,12,0.12,1400.85,3.7,15000,0,5503.78
TXN-102336,2024-04-07 08:00:00,UK,Books,516.01,4,0.28,86.72,3.4,25000,0,2079.05
TXN-102337,2024-04-07 09:00:00,UK,Home & Kitchen,165.98,13,0.06,250.18,2.8,10000,0,2629.19
TXN-102338,2024-04-07 10:00:00,USA,Electronics,466.69,1,0.25,560.75,2.6,2500,0,859.43
TXN-102339,2024-04-07 11:00:00,UK,Books,244.33,10,0.25,424.24,3.5,25000,0,2661.67
TXN-102340,2024-04-07 12:00:00,France,Automotive,625.08,2,0.3,440.89,2.7,10000,0,1436.78
TXN-102341,2024-04-07 13:00:00,USA,Health & Beauty,710.16,13,0.08,842.1,2.8,25000,0,9422.42
TXN-102342,2024-04-07 14:00:00,USA,,611.87,10,0.09,158.27,3.5,10000,0,6049.67
TXN-102343,2024-04-07 15:00:00,UK,Apparel,624.75,2,0.27,2060.79,3.8,2500,0,2081.39
TXN-102344,2024-04-07 16:00:00,Japan,Automotive,442.92,4,0.07,337.64,3.0,5000,0,1978.2
TXN-102345,2024-04-07 17:00:00,Germany,Electronics,609.62,4,0.16,1546.3,4.2,10000,0,3107.3
TXN-102346,2024-04-07 18:00:00,Germany,Books,367.94,1,0.21,291.54,3.5,15000,0,847.95
TXN-102347,2024-04-07 19:00:00,UK,Automotive,558.99,7,0.08,510.38,2.7,2500,0,4069.07
TXN-102348,2024-04-07 20:00:00,Germany,Electronics,231.3,7,0.28,349.2,4.1,2500,0,1550.88
TXN-102349,2024-04-07 21:00:00,USA,Apparel,73.25,10,0.2,613.41,3.4,25000,0,1388.78
TXN-102350,2024-04-07 22:00:00,Germany,Books,360.25,11,0.01,151.44,2.6,15000,0,4372.36
TXN-102351,2024-04-07 23:00:00,Japan,Automotive,400.58,10,0.04,305.94,4.9,25000,0,4641.15
TXN-102352,2024-04-08 00:00:00,Germany,,229.1,10,0.06,85.42,3.9,2500,0,2299.24
TXN-102353,2024-04-08 01:00:00,Canada,Health & Beauty,622.64,1,0.07,505.78,3.7,10000,1,1362.26
TXN-102354,2024-04-08 02:00:00,France,Books,76.41,11,0.22,1694.14,4.6,15000,0,1752.28
TXN-102355,2024-04-08 03:00:00,USA,Health & Beauty,200.99,8,0.03,73.5,4.8,2500,0,1784.29
TXN-102356,2024-04-08 04:00:00,Japan,Automotive,640.05,10,0.11,588.86,3.1,15000,0,6416.62
TXN-102357,2024-04-08 05:00:00,USA,Automotive,380.0,14,0.27,796.05,4.5,10000,0,4680.62
TXN-102358,2024-04-08 06:00:00,UK,Books,603.91,14,0.17,169.83,4.6,5000,0,7441.13
TXN-102359,2024-04-08 07:00:00,USA,Automotive,488.85,7,0.08,209.47,2.6,25000,0,3936.04
TXN-102360,2024-04-08 08:00:00,USA,Electronics,808.85,7,0.29,162.56,4.3,25000,0,4881.65
TXN-102361,2024-04-08 09:00:00,UK,Apparel,514.16,11,0.07,226.49,2.7,2500,0,5451.31
TXN-102362,2024-04-08 10:00:00,USA,Health & Beauty,27.42,6,0.27,108.31,4.0,2500,0,288.71
TXN-102363,2024-04-08 11:00:00,UK,Electronics,309.65,12,0.22,281.29,4.2,10000,0,3417.31
TXN-102364,2024-04-08 12:00:00,Germany,Books,134.46,4,0.22,280.17,3.4,2500,0,792.32
TXN-102365,2024-04-08 13:00:00,USA,Health & Beauty,787.07,11,0.23,,4.7,2500,0,7254.11
TXN-102366,2024-04-08 14:00:00,USA,Electronics,101.85,8,0.15,857.12,4.5,2500,0,1351.96
TXN-102367,2024-04-08 15:00:00,Germany,Automotive,338.74,2,0.24,846.59,4.8,15000,0,1557.65
TXN-102368,2024-04-08 16:00:00,USA,Books,203.79,7,0.25,468.55,3.3,15000,0,1622.35
TXN-102369,2024-04-08 17:00:00,France,,722.01,3,0.11,247.17,2.6,5000,0,2256.47
TXN-102370,2024-04-08 18:00:00,Germany,Health & Beauty,272.65,14,0.12,314.63,4.5,15000,0,4086.23
TXN-102371,2024-04-08 19:00:00,Canada,Automotive,843.23,3,0.27,241.17,3.1,25000,0,2578.88
TXN-102372,2024-04-08 20:00:00,Germany,Health & Beauty,47.24,14,0.16,486.05,3.7,5000,0,1073.79
TXN-102373,2024-04-08 21:00:00,UK,Home & Kitchen,122.11,7,0.26,1440.14,4.5,2500,0,1605.9
TXN-102374,2024-04-08 22:00:00,Germany,Electronics,202.57,12,0.19,217.38,3.0,25000,1,2927.67
TXN-102375,2024-04-08 23:00:00,USA,Home & Kitchen,692.27,3,0.18,357.03,3.3,5000,0,2027.25
TXN-102376,2024-04-09 00:00:00,USA,Electronics,748.56,5,0.01,582.27,3.6,5000,0,4221.33
TXN-102377,2024-04-09 01:00:00,France,Apparel,74.66,8,0.08,981.18,3.2,25000,0,1547.45
TXN-102378,2024-04-09 02:00:00,UK,Books,42.1,14,0.15,196.07,3.7,5000,0,811.69
TXN-102379,2024-04-09 03:00:00,France,Health & Beauty,636.7,13,0.18,214.45,2.5,25000,0,7531.58
TXN-102380,2024-04-09 04:00:00,Canada,Apparel,126.35,4,0.19,1132.13,3.0,5000,0,1168.32
TXN-102381,2024-04-09 05:00:00,Canada,Apparel,126.05,7,0.21,91.83,4.6,5000,0,1125.21
TXN-102382,2024-04-09 06:00:00,Japan,Books,33.68,7,0.2,515.0,3.5,5000,0,696.42
TXN-102383,2024-04-09 07:00:00,UK,Books,56.59,2,0.25,1034.69,4.1,25000,0,1172.62
TXN-102384,2024-04-09 08:00:00,USA,Electronics,235.17,14,0.09,1323.88,3.1,5000,0,3751.57
TXN-102385,2024-04-09 09:00:00,Germany,Home & Kitchen,69.28,8,0.19,56.38,4.1,15000,0,1009.03
TXN-102386,2024-04-09 10:00:00,UK,Automotive,323.01,10,0.02,280.75,5.0,15000,1,4086.05
TXN-102387,2024-04-09 11:00:00,Germany,Electronics,710.37,12,0.14,,4.0,15000,0,7885.07
TXN-102388,2024-04-09 12:00:00,France,Automotive,287.48,10,0.08,469.7,4.1,15000,0,3367.79
TXN-102389,2024-04-09 13:00:00,Germany,Apparel,622.74,14,0.11,551.01,2.8,15000,1,8626.95
TXN-102390,2024-04-09 14:00:00,UK,Automotive,93.41,9,0.11,4248.55,3.5,2500,0,2671.92
TXN-102391,2024-04-09 15:00:00,USA,Home & Kitchen,565.58,6,0.02,409.5,4.7,5000,0,3904.81
TXN-102392,2024-04-09 16:00:00,UK,Electronics,279.48,14,0.14,450.89,4.6,10000,0,4026.75
TXN-102393,2024-04-09 17:00:00,USA,Books,641.04,5,0.3,317.49,3.8,2500,0,2600.55
TXN-102394,2024-04-09 18:00:00,Japan,Home & Kitchen,128.77,1,0.09,129.89,4.8,25000,0,819.74
TXN-102395,2024-04-09 19:00:00,USA,Home & Kitchen,764.73,1,0.22,230.72,2.9,2500,0,863.73
TXN-102396,2024-04-09 20:00:00,USA,Electronics,217.55,9,0.16,191.84,4.1,10000,0,1977.13
TXN-102397,2024-04-09 21:00:00,USA,Books,309.87,14,0.1,857.78,3.1,2500,0,4489.02
TXN-102398,2024-04-09 22:00:00,Germany,Home & Kitchen,808.4,4,0.03,,4.1,5000,0,3466.3
TXN-102399,2024-04-09 23:00:00,Germany,Books,498.03,1,0.06,225.63,2.7,15000,0,999.71
TXN-102400,2024-04-10 00:00:00,USA,Health & Beauty,320.42,11,0.23,385.78,4.9,5000,0,3151.63
TXN-102401,2024-04-10 01:00:00,USA,Health & Beauty,807.92,10,0.08,173.5,4.5,2500,0,7751.63
TXN-102402,2024-04-10 02:00:00,UK,Health & Beauty,289.78,12,0.04,152.36,3.0,10000,0,3650.69
TXN-102403,2024-04-10 03:00:00,USA,Automotive,94.22,3,0.1,1032.85,4.1,25000,0,1524.33
TXN-102404,2024-04-10 04:00:00,Germany,Home & Kitchen,847.37,6,0.18,1498.49,4.4,5000,0,5170.22
TXN-102405,2024-04-10 05:00:00,Germany,Electronics,238.65,14,0.21,91.7,3.0,10000,1,3210.65
TXN-102406,2024-04-10 06:00:00,UK,Electronics,725.8,11,0.12,773.84,2.7,25000,0,7981.11
TXN-102407,2024-04-10 07:00:00,USA,Automotive,153.23,13,0.15,351.94,3.4,15000,1,2683.05
TXN-102408,2024-04-10 08:00:00,Australia,Electronics,625.68,13,0.14,296.31,2.8,5000,0,7278.46
TXN-102409,2024-04-10 09:00:00,UK,Health & Beauty,452.92,11,0.0,634.64,3.9,5000,0,5454.22
TXN-102410,2024-04-10 10:00:00,Germany,Home & Kitchen,834.06,8,0.12,204.8,3.6,15000,1,6583.53
TXN-102411,2024-04-10 11:00:00,USA,Electronics,476.61,13,0.18,60.4,3.7,15000,1,5769.84
TXN-102412,2024-04-10 12:00:00,UK,Electronics,35.89,10,0.17,170.4,3.9,2500,0,719.67
TXN-102413,2024-04-10 13:00:00,USA,Apparel,519.24,2,0.22,152.24,5.0,25000,0,1558.73
TXN-102414,2024-04-10 14:00:00,UK,Apparel,136.34,8,0.2,67.32,4.5,10000,0,1272.01
TXN-102415,2024-04-10 15:00:00,Australia,Apparel,681.78,14,0.08,243.8,4.1,15000,1,9641.67
TXN-102416,2024-04-10 16:00:00,UK,Home & Kitchen,730.23,13,0.08,371.72,3.4,2500,0,9101.33
TXN-102417,2024-04-10 17:00:00,USA,Health & Beauty,417.55,1,0.14,715.58,2.6,25000,1,1625.66
TXN-102418,2024-04-10 18:00:00,USA,Books,668.99,11,0.22,247.01,2.8,25000,0,6542.79
TXN-102419,2024-04-10 19:00:00,UK,Health & Beauty,136.17,2,0.03,158.17,4.3,5000,0,655.03
TXN-102420,2024-04-10 20:00:00,USA,Health & Beauty,425.89,8,0.28,181.08,3.4,2500,0,2719.23
TXN-102421,2024-04-10 21:00:00,USA,Home & Kitchen,343.94,7,0.16,1159.02,3.3,2500,1,3069.21
TXN-102422,2024-04-10 22:00:00,France,Home & Kitchen,525.45,5,0.09,164.53,4.7,5000,1,2963.36
TXN-102423,2024-04-10 23:00:00,UK,Apparel,52.14,13,0.21,1106.98,3.7,10000,0,1332.02
TXN-102424,2024-04-11 00:00:00,USA,Electronics,643.02,10,0.01,346.29,4.7,15000,0,7000.59
TXN-102425,2024-04-11 01:00:00,Japan,Automotive,81.07,2,0.15,,4.7,5000,0,1177.7
TXN-102426,2024-04-11 02:00:00,USA,Automotive,563.15,9,0.15,312.2,2.7,15000,0,4803.13
TXN-102427,2024-04-11 03:00:00,Australia,Books,30.41,5,0.05,147.81,4.9,2500,0,433.43
TXN-102428,2024-04-11 04:00:00,USA,Electronics,709.63,8,0.25,448.18,2.7,5000,0,4694.88
TXN-102429,2024-04-11 05:00:00,Japan,Books,160.87,13,0.24,493.01,4.9,10000,1,2477.22
TXN-102430,2024-04-11 06:00:00,Germany,Apparel,445.44,4,0.05,554.6,3.6,15000,0,2373.89
TXN-102431,2024-04-11 07:00:00,Canada,Books,233.35,14,0.11,315.09,4.4,15000,0,3584.69
TXN-102432,2024-04-11 08:00:00,Australia,Electronics,618.41,9,0.03,74.91,4.3,15000,0,5888.08
TXN-102433,2024-04-11 09:00:00,USA,Electronics,283.33,10,0.25,542.71,3.8,2500,0,2674.68
TXN-102434,2024-04-11 10:00:00,Australia,Automotive,620.05,7,0.1,1401.76,4.0,15000,1,5286.1
TXN-102435,2024-04-11 11:00:00,UK,Apparel,252.87,2,0.13,1629.82,4.9,25000,1,2225.23
TXN-102436,2024-04-11 12:00:00,UK,Home & Kitchen,643.32,3,0.1,504.27,4.8,15000,0,2416.63
TXN-102437,2024-04-11 13:00:00,USA,Books,40.56,14,0.09,60.04,4.1,2500,0,766.39
TXN-102438,2024-04-11 14:00:00,UK,Automotive,251.56,2,0.22,106.05,4.1,5000,0,572.87
TXN-102439,2024-04-11 15:00:00,USA,Books,431.36,5,0.22,947.86,3.1,15000,0,2655.31
TXN-102440,2024-04-11 16:00:00,Germany,Books,52.62,2,0.16,935.23,4.6,15000,0,1199.77
TXN-102441,2024-04-11 17:00:00,UK,Home & Kitchen,170.34,5,0.2,1509.53,4.1,5000,0,1622.1
TXN-102442,2024-04-11 18:00:00,France,Apparel,795.34,13,0.15,464.8,4.6,25000,1,9984.49
TXN-102443,2024-04-11 19:00:00,Canada,Electronics,830.66,9,0.01,1046.88,4.1,2500,0,8115.84
TXN-102444,2024-04-11 20:00:00,UK,Health & Beauty,632.69,2,0.02,921.16,3.2,5000,1,2045.23
TXN-102445,2024-04-11 21:00:00,USA,Books,225.59,9,0.12,495.09,3.0,2500,0,2294.26
TXN-102446,2024-04-11 22:00:00,USA,Health & Beauty,232.53,7,0.22,815.4,2.7,5000,1,2086.08
TXN-102447,2024-04-11 23:00:00,USA,Apparel,554.23,7,0.27,117.17,4.0,10000,0,3100.98
TXN-102448,2024-04-12 00:00:00,USA,Health & Beauty,113.2,14,0.01,559.72,3.2,25000,0,2407.56
TXN-102449,2024-04-12 01:00:00,USA,Books,806.84,5,0.11,,,10000,0,4576.02
TXN-102450,2024-04-12 02:00:00,USA,Home & Kitchen,202.72,8,0.07,138.34,2.6,5000,1,2047.27
TXN-102451,2024-04-12 03:00:00,Australia,Health & Beauty,849.7,7,0.24,731.37,3.4,5000,0,5111.82
TXN-102452,2024-04-12 04:00:00,Germany,Apparel,428.94,6,0.25,243.41,3.2,2500,0,2328.66
TXN-102453,2024-04-12 05:00:00,USA,Apparel,659.14,2,0.06,899.42,3.4,5000,1,2293.31
TXN-102454,2024-04-12 06:00:00,Germany,Home & Kitchen,16.82,6,0.21,647.36,2.6,2500,0,690.95
TXN-102455,2024-04-12 07:00:00,USA,Health & Beauty,757.1,14,0.22,1353.02,4.3,2500,0,9037.86
TXN-102456,2024-04-12 08:00:00,UK,Health & Beauty,240.45,2,0.05,672.29,2.8,5000,0,1034.93
TXN-102457,2024-04-12 09:00:00,Germany,Electronics,572.73,1,0.13,314.08,2.5,2500,0,865.86
TXN-102458,2024-04-12 10:00:00,UK,Automotive,688.31,9,0.19,55.48,4.9,25000,0,5721.37
TXN-102459,2024-04-12 11:00:00,UK,Apparel,152.06,13,0.01,837.32,3.0,10000,0,2691.78
TXN-102460,2024-04-12 12:00:00,Australia,Electronics,384.5,5,0.12,312.52,4.6,5000,0,2171.38
TXN-102461,2024-04-12 13:00:00,Japan,Apparel,427.35,10,0.05,605.29,4.9,2500,0,4563.9
TXN-102462,2024-04-12 14:00:00,Germany,Electronics,275.62,10,0.16,105.5,3.8,2500,0,2686.24
TXN-102463,2024-04-12 15:00:00,Germany,Automotive,417.27,4,0.25,1158.06,3.8,2500,0,2012.75
TXN-102464,2024-04-12 16:00:00,Germany,Electronics,280.15,12,0.16,336.05,3.4,2500,1,3414.4
TXN-102465,2024-04-12 17:00:00,USA,Apparel,316.22,11,0.01,1310.94,3.6,25000,0,4597.67
TXN-102466,2024-04-12 18:00:00,UK,Health & Beauty,573.89,8,0.01,663.82,3.7,5000,1,5452.53
TXN-102467,2024-04-12 19:00:00,USA,Apparel,543.22,5,0.18,114.75,2.9,5000,0,2515.34
TXN-102468,2024-04-12 20:00:00,UK,Books,208.94,14,0.1,482.79,3.4,25000,0,3509.16
TXN-102469,2024-04-12 21:00:00,UK,Home & Kitchen,764.4,7,0.17,1253.61,4.5,25000,0,5640.1
TXN-102470,2024-04-12 22:00:00,USA,,735.43,3,0.05,854.65,3.0,25000,0,3187.07
TXN-102471,2024-04-12 23:00:00,Australia,Books,440.08,8,0.23,320.63,4.3,5000,0,3057.9
TXN-102472,2024-04-13 00:00:00,Japan,Home & Kitchen,376.76,8,0.26,1601.26,4.1,15000,0,3258.84
TXN-102473,2024-04-13 01:00:00,France,Home & Kitchen,329.67,3,0.27,206.38,2.6,10000,1,1325.15
TXN-102474,2024-04-13 02:00:00,UK,Automotive,605.57,9,0.09,285.09,2.6,25000,0,5732.67
TXN-102475,2024-04-13 03:00:00,Canada,Health & Beauty,575.84,14,0.2,742.58,3.4,25000,0,7463.64
TXN-102476,2024-04-13 04:00:00,USA,Health & Beauty,178.81,8,0.08,182.57,4.2,5000,1,1948.44
TXN-102477,2024-04-13 05:00:00,France,Apparel,575.67,1,0.23,412.19,3.3,5000,0,863.48
TXN-102478,2024-04-13 06:00:00,USA,Books,225.78,8,0.04,702.43,4.2,10000,0,2451.77
TXN-102479,2024-04-13 07:00:00,France,Electronics,30.5,12,0.23,566.37,4.2,2500,0,1004.51
TXN-102480,2024-04-13 08:00:00,USA,Apparel,598.84,11,0.13,134.43,4.5,5000,0,6113.87
TXN-102481,2024-04-13 09:00:00,Canada,Apparel,553.4,4,0.26,546.67,2.7,10000,0,2171.77
TXN-102482,2024-04-13 10:00:00,Japan,Apparel,358.03,6,0.22,475.15,3.9,5000,0,2156.52
TXN-102483,2024-04-13 11:00:00,USA,Apparel,453.95,14,0.11,458.05,2.7,5000,0,6067.25
TXN-102484,2024-04-13 12:00:00,UK,Health & Beauty,805.89,13,0.27,924.49,2.9,5000,0,8299.96
TXN-102485,2024-04-13 13:00:00,Australia,Electronics,511.99,10,0.09,151.61,3.3,15000,0,5102.91
TXN-102486,2024-04-13 14:00:00,UK,Apparel,564.33,9,0.29,746.29,4.3,15000,0,4499.31
TXN-102487,2024-04-13 15:00:00,Canada,Health & Beauty,68.37,5,0.23,765.49,,25000,0,1351.94
TXN-102488,2024-04-13 16:00:00,Germany,Apparel,153.61,7,0.3,691.23,3.4,15000,1,1703.61
TXN-102489,2024-04-13 17:00:00,UK,Home & Kitchen,266.3,13,0.02,402.58,3.8,10000,0,4026.4
TXN-102490,2024-04-13 18:00:00,USA,Apparel,465.38,1,0.08,301.71,3.1,5000,0,651.21
TXN-102491,2024-04-13 19:00:00,USA,Books,663.45,9,0.22,,4.2,15000,0,5454.07
TXN-102492,2024-04-13 20:00:00,France,Books,283.24,14,0.28,711.77,3.4,5000,0,3579.17
TXN-102493,2024-04-13 21:00:00,UK,Apparel,312.58,6,0.01,394.47,,2500,0,2388.75
TXN-102494,2024-04-13 22:00:00,UK,Automotive,228.89,11,0.0,256.57,3.9,25000,0,3269.02
TXN-102495,2024-04-13 23:00:00,UK,Home & Kitchen,227.6,4,0.08,541.04,4.2,15000,0,1589.29
TXN-102496,2024-04-14 00:00:00,Germany,Electronics,807.3,6,0.26,957.04,2.7,5000,1,4436.83
TXN-102497,2024-04-14 01:00:00,Canada,Apparel,545.61,5,0.23,81.74,3.9,2500,0,2397.34
TXN-102498,2024-04-14 02:00:00,Australia,Electronics,145.18,3,0.1,1840.23,3.6,25000,0,1883.56
TXN-102499,2024-04-14 03:00:00,UK,Home & Kitchen,618.08,7,0.0,100.82,2.8,25000,0,4961.11
TXN-102500,2024-04-14 04:00:00,Canada,Apparel,617.89,3,0.17,408.45,3.0,2500,0,1869.68
TXN-102501,2024-04-14 05:00:00,France,Automotive,571.5,13,0.07,460.73,4.7,15000,1,7884.86
TXN-102502,2024-04-14 06:00:00,Germany,Health & Beauty,127.49,14,0.22,124.37,4.7,15000,0,2194.55
TXN-102503,2024-04-14 07:00:00,Australia,Automotive,355.67,13,0.13,1286.06,2.6,5000,0,4922.8
TXN-102504,2024-04-14 08:00:00,USA,Automotive,104.14,2,0.2,368.83,4.2,10000,0,728.45
TXN-102505,2024-04-14 09:00:00,USA,Health & Beauty,696.88,14,0.26,127.23,3.9,5000,1,7787.94
TXN-102506,2024-04-14 10:00:00,Canada,Health & Beauty,562.07,4,0.16,671.72,,5000,0,2556.67
TXN-102507,2024-04-14 11:00:00,UK,Books,438.52,7,0.1,594.44,4.8,5000,0,3297.14
TXN-102508,2024-04-14 12:00:00,Canada,Health & Beauty,301.42,5,0.23,1696.61,3.9,2500,0,2131.2
TXN-102509,2024-04-14 13:00:00,Japan,Apparel,168.85,14,0.08,341.26,2.8,25000,0,2798.23
TXN-102510,2024-04-14 14:00:00,USA,Electronics,103.88,9,0.27,205.85,3.6,25000,0,1444.39
TXN-102511,2024-04-14 15:00:00,Japan,Books,824.32,10,0.02,80.93,4.3,10000,0,8517.56
TXN-102512,2024-04-14 16:00:00,UK,Books,181.71,7,0.25,710.48,4.9,15000,0,1750.69
TXN-102513,2024-04-14 17:00:00,UK,Electronics,65.0,12,0.03,530.22,3.4,5000,1,1534.31
TXN-102514,2024-04-14 18:00:00,Germany,Books,817.99,14,0.02,1848.8,4.5,2500,0,12317.24
TXN-102515,2024-04-14 19:00:00,Japan,Health & Beauty,473.37,9,0.11,672.68,4.2,2500,0,4290.86
TXN-102516,2024-04-14 20:00:00,USA,Automotive,680.21,14,0.29,1402.74,2.7,5000,0,7679.86
TXN-102517,2024-04-14 21:00:00,UK,Home & Kitchen,51.54,9,0.3,2438.5,3.9,2500,1,1883.15
TXN-102518,2024-04-14 22:00:00,Germany,Health & Beauty,488.4,12,0.06,329.69,3.0,2500,0,5758.71
TXN-102519,2024-04-14 23:00:00,France,Automotive,347.51,2,0.04,131.43,4.2,5000,0,874.46
TXN-102520,2024-04-15 00:00:00,Germany,Automotive,659.59,1,0.11,158.99,4.0,10000,1,1403.41
TXN-102521,2024-04-15 01:00:00,USA,Books,47.09,11,0.1,241.64,4.9,2500,1,1105.5
TXN-102522,2024-04-15 02:00:00,USA,Apparel,350.41,4,0.23,405.55,4.8,25000,0,1984.44
TXN-102523,2024-04-15 03:00:00,UK,Apparel,682.23,4,0.13,115.29,2.5,25000,1,3285.04
TXN-102524,2024-04-15 04:00:00,Canada,Books,451.45,13,0.23,229.57,2.7,25000,0,5341.26
TXN-102525,2024-04-15 05:00:00,USA,Books,474.28,2,0.22,233.94,4.4,5000,0,1154.56
TXN-102526,2024-04-15 06:00:00,USA,Electronics,96.13,3,0.17,52.05,4.2,25000,0,1075.63
TXN-102527,2024-04-15 07:00:00,Australia,Electronics,125.5,3,0.25,268.61,4.5,15000,0,917.41
TXN-102528,2024-04-15 08:00:00,USA,Home & Kitchen,580.29,5,0.06,111.74,3.2,2500,0,2757.67
TXN-102529,2024-04-15 09:00:00,Australia,Home & Kitchen,578.66,1,0.05,,4.6,10000,0,1206.94
TXN-102530,2024-04-15 10:00:00,Germany,Home & Kitchen,832.55,9,0.23,,3.6,25000,0,6528.53
TXN-102531,2024-04-15 11:00:00,Canada,,609.48,8,0.07,913.31,3.2,5000,1,5398.97
TXN-102532,2024-04-15 12:00:00,USA,Automotive,426.86,8,0.0,91.98,2.5,10000,1,3998.23
TXN-102533,2024-04-15 13:00:00,USA,Automotive,730.87,3,0.27,1053.69,4.7,5000,0,2361.65
TXN-102534,2024-04-15 14:00:00,France,Electronics,102.23,2,0.19,484.38,3.8,10000,1,905.26
TXN-102535,2024-04-15 15:00:00,Canada,Apparel,390.16,1,0.13,356.84,4.9,10000,0,990.69
TXN-102536,2024-04-15 16:00:00,France,Books,254.74,12,0.22,448.97,4.3,2500,0,2794.23
TXN-102537,2024-04-15 17:00:00,USA,Apparel,102.37,6,0.1,285.89,2.7,10000,0,933.5
TXN-102538,2024-04-15 18:00:00,France,Health & Beauty,652.52,13,0.29,118.26,4.0,15000,1,7149.89
TXN-102539,2024-04-15 19:00:00,France,Automotive,441.51,10,0.02,775.96,2.5,15000,0,4996.24
TXN-102540,2024-04-15 20:00:00,Germany,Home & Kitchen,479.9,1,0.19,1364.93,3.9,15000,1,1721.41
TXN-102541,2024-04-15 21:00:00,France,Home & Kitchen,358.4,14,0.23,,3.4,5000,0,4629.35
TXN-102542,2024-04-15 22:00:00,Canada,Health & Beauty,399.38,11,0.14,605.41,4.1,2500,0,4385.41
TXN-102543,2024-04-15 23:00:00,Germany,Apparel,111.87,5,0.23,314.11,3.9,5000,0,824.95
TXN-102544,2024-04-16 00:00:00,USA,Home & Kitchen,576.89,9,0.28,375.39,3.2,25000,0,4616.53
TXN-102545,2024-04-16 01:00:00,UK,Apparel,376.09,11,0.22,584.96,2.9,15000,0,3845.12
TXN-102546,2024-04-16 02:00:00,USA,Books,697.0,9,0.09,916.01,3.5,2500,0,6198.88
TXN-102547,2024-04-16 03:00:00,UK,Health & Beauty,178.9,13,0.17,284.66,5.0,15000,0,2523.75
TXN-102548,2024-04-16 04:00:00,UK,Apparel,186.22,12,0.27,1293.14,3.6,2500,0,2532.84
TXN-102549,2024-04-16 05:00:00,USA,Books,554.21,4,0.13,245.98,4.4,5000,0,2383.52
TXN-102550,2024-04-16 06:00:00,USA,Apparel,721.41,7,0.2,428.43,2.6,5000,0,4320.37
TXN-102551,2024-04-16 07:00:00,USA,Apparel,409.29,14,0.14,1676.76,3.4,15000,1,6191.83
TXN-102552,2024-04-16 08:00:00,Canada,Home & Kitchen,622.01,11,0.04,1441.92,4.0,10000,0,7571.59
TXN-102553,2024-04-16 09:00:00,Japan,Electronics,849.44,7,0.02,644.94,4.4,2500,0,6452.77
TXN-102554,2024-04-16 10:00:00,USA,Automotive,841.87,4,0.29,246.2,3.8,25000,0,3112.02
TXN-102555,2024-04-16 11:00:00,Australia,Apparel,636.52,5,0.18,173.61,3.8,10000,0,3144.96
TXN-102556,2024-04-16 12:00:00,UK,Apparel,632.55,11,0.03,91.77,4.4,5000,0,7098.76
TXN-102557,2024-04-16 13:00:00,USA,Apparel,221.76,9,0.26,666.62,3.3,2500,0,2115.62
TXN-102558,2024-04-16 14:00:00,USA,Electronics,711.01,7,0.16,400.04,2.7,10000,0,4627.96
TXN-102559,2024-04-16 15:00:00,UK,Books,353.26,7,0.23,474.65,3.4,25000,0,2765.86
TXN-102560,2024-04-16 16:00:00,France,Health & Beauty,818.26,10,0.04,369.7,2.9,10000,0,8299.75
TXN-102561,2024-04-16 17:00:00,France,Home & Kitchen,82.99,7,0.27,379.8,4.9,25000,0,1394.32
TXN-102562,2024-04-16 18:00:00,USA,Electronics,378.93,9,0.18,473.47,3.9,5000,0,3332.33
TXN-102563,2024-04-16 19:00:00,USA,Books,479.13,5,0.22,,3.6,2500,0,2519.94
TXN-102564,2024-04-16 20:00:00,UK,Apparel,353.31,6,0.01,64.9,4.8,5000,1,2749.24
TXN-102565,2024-04-16 21:00:00,USA,Books,190.83,3,0.09,858.83,4.8,2500,0,1054.32
TXN-102566,2024-04-16 22:00:00,USA,Electronics,510.15,1,0.08,297.57,3.5,10000,1,1137.85
TXN-102567,2024-04-16 23:00:00,USA,Electronics,646.19,11,0.28,733.1,4.7,5000,0,5818.88
TXN-102568,2024-04-17 00:00:00,Canada,Electronics,553.44,12,0.06,1533.34,2.7,2500,0,7003.95
TXN-102569,2024-04-17 01:00:00,Japan,Health & Beauty,210.76,2,0.21,232.85,4.7,25000,0,1119.57
TXN-102570,2024-04-17 02:00:00,UK,Automotive,625.89,8,0.01,96.91,3.3,2500,1,5509.91
TXN-102571,2024-04-17 03:00:00,Japan,Home & Kitchen,229.51,13,0.06,182.18,3.9,5000,0,3195.31
TXN-102572,2024-04-17 04:00:00,USA,Health & Beauty,161.29,1,0.1,175.57,3.2,5000,0,496.71
TXN-102573,2024-04-17 05:00:00,UK,Health & Beauty,591.71,10,0.24,727.11,5.0,10000,0,5312.54
TXN-102574,2024-04-17 06:00:00,USA,Automotive,718.73,7,0.24,81.93,2.7,25000,0,4586.57
TXN-102575,2024-04-17 07:00:00,Germany,Health & Beauty,417.09,5,0.29,76.14,3.6,2500,0,1627.69
TXN-102576,2024-04-17 08:00:00,Australia,Electronics,458.71,13,0.28,641.45,4.1,5000,1,5143.34
TXN-102577,2024-04-17 09:00:00,Germany,Electronics,267.79,6,0.02,456.78,4.0,2500,0,2087.32
TXN-102578,2024-04-17 10:00:00,UK,Books,428.01,8,0.25,320.44,4.3,15000,0,3267.19
TXN-102579,2024-04-17 11:00:00,Germany,Apparel,125.21,4,0.14,478.27,4.3,25000,0,1326.7
TXN-102580,2024-04-17 12:00:00,USA,Health & Beauty,813.12,6,0.26,714.48,4.5,25000,1,4866.9
TXN-102581,2024-04-17 13:00:00,Japan,Apparel,683.3,14,0.03,104.61,3.1,15000,0,9831.74
TXN-102582,2024-04-17 14:00:00,UK,Home & Kitchen,572.76,11,0.25,452.92,3.4,25000,1,5849.21
TXN-102583,2024-04-17 15:00:00,UK,Electronics,464.39,3,0.05,919.82,3.5,15000,0,2282.46
TXN-102584,2024-04-17 16:00:00,Germany,Books,676.46,7,0.1,275.04,4.9,2500,0,4664.76
TXN-102585,2024-04-17 17:00:00,Germany,Home & Kitchen,428.12,2,0.01,769.89,3.5,15000,0,1621.74
TXN-102586,2024-04-17 18:00:00,USA,Books,265.48,12,0.04,983.52,3.1,10000,1,3949.34
TXN-102587,2024-04-17 19:00:00,Germany,Automotive,148.91,8,0.13,909.99,4.1,15000,0,1911.97
TXN-102588,2024-04-17 20:00:00,USA,Electronics,555.73,13,0.25,575.42,3.6,2500,0,5790.83
TXN-102589,2024-04-17 21:00:00,France,Home & Kitchen,791.07,7,0.23,681.76,3.1,25000,0,5063.8
TXN-102590,2024-04-17 22:00:00,Canada,Automotive,143.27,12,0.07,824.82,4.3,10000,0,2294.32
TXN-102591,2024-04-17 23:00:00,Canada,Home & Kitchen,165.32,12,0.05,711.58,3.0,15000,0,2696.11
TXN-102592,2024-04-18 00:00:00,Germany,,377.06,8,0.12,350.45,4.1,2500,0,3027.36
TXN-102593,2024-04-18 01:00:00,UK,Automotive,688.76,2,0.26,136.65,3.6,10000,0,1457.11
TXN-102594,2024-04-18 02:00:00,USA,Automotive,260.43,3,0.03,235.34,3.3,10000,0,1266.14
TXN-102595,2024-04-18 03:00:00,France,Electronics,227.02,12,0.16,166.12,4.9,10000,0,2780.75
TXN-102596,2024-04-18 04:00:00,USA,Apparel,532.67,4,0.03,274.27,3.3,15000,0,2583.64
TXN-102597,2024-04-18 05:00:00,UK,Books,462.24,12,0.14,386.02,3.4,2500,0,5111.34
TXN-102598,2024-04-18 06:00:00,USA,Books,65.28,9,0.04,1647.66,4.7,2500,0,1628.76
TXN-102599,2024-04-18 07:00:00,USA,Automotive,83.04,12,0.02,1652.77,2.8,2500,0,1894.2
TXN-102600,2024-04-18 08:00:00,Germany,Automotive,551.92,12,0.06,783.94,2.8,5000,0,6600.89
TXN-102601,2024-04-18 09:00:00,USA,Electronics,403.38,5,0.08,2009.53,3.2,25000,0,3375.58
TXN-102602,2024-04-18 10:00:00,France,Apparel,825.77,6,0.08,3161.27,4.0,2500,0,6253.36
TXN-102603,2024-04-18 11:00:00,USA,Books,581.57,1,0.19,1132.53,3.5,5000,1,1502.84
TXN-102604,2024-04-18 12:00:00,USA,Health & Beauty,23.41,4,0.02,91.42,4.0,5000,0,331.26
TXN-102605,2024-04-18 13:00:00,UK,Health & Beauty,416.65,14,0.02,327.6,2.9,10000,0,6134.67
TXN-102606,2024-04-18 14:00:00,USA,Apparel,361.06,4,0.06,431.91,3.2,25000,0,2040.05
TXN-102607,2024-04-18 15:00:00,USA,Home & Kitchen,104.11,10,0.26,116.24,3.9,10000,1,1492.17
TXN-102608,2024-04-18 16:00:00,France,Electronics,785.88,8,0.19,876.77,3.0,25000,0,6171.79
TXN-102609,2024-04-18 17:00:00,USA,Apparel,687.18,8,0.22,130.49,3.6,10000,1,4948.05
TXN-102610,2024-04-18 18:00:00,Canada,Health & Beauty,207.12,10,0.11,291.71,3.9,15000,0,2422.11
TXN-102611,2024-04-18 19:00:00,USA,Automotive,228.74,6,0.06,85.7,4.9,25000,0,1962.64
TXN-102612,2024-04-18 20:00:00,USA,Health & Beauty,41.74,8,0.01,421.79,2.7,5000,0,768.48
TXN-102613,2024-04-18 21:00:00,France,Automotive,262.76,9,0.15,504.46,3.7,5000,0,2372.25
TXN-102614,2024-04-18 22:00:00,USA,Electronics,503.16,5,0.17,714.35,3.5,25000,0,3129.22
TXN-102615,2024-04-18 23:00:00,USA,Automotive,366.4,1,0.27,,4.6,10000,0,836.61
TXN-102616,2024-04-19 00:00:00,UK,Apparel,824.33,1,0.26,496.45,4.8,15000,1,1692.86
TXN-102617,2024-04-19 01:00:00,USA,Automotive,61.83,2,0.13,712.41,4.8,15000,0,948.2
TXN-102618,2024-04-19 02:00:00,Canada,Home & Kitchen,508.84,2,0.13,767.82,3.4,2500,0,1392.3
TXN-102619,2024-04-19 03:00:00,USA,Apparel,731.69,5,0.05,229.51,3.3,25000,0,4261.88
TXN-102620,2024-04-19 04:00:00,France,Electronics,416.42,7,0.08,85.05,3.6,15000,0,3244.49
TXN-102621,2024-04-19 05:00:00,Japan,Apparel,17.47,7,0.28,69.17,3.4,10000,0,379.56
TXN-102622,2024-04-19 06:00:00,UK,Home & Kitchen,217.74,4,0.04,780.64,4.3,10000,0,1575.37
TXN-102623,2024-04-19 07:00:00,Japan,Electronics,285.35,13,0.29,293.42,3.0,5000,0,3022.05
TXN-102624,2024-04-19 08:00:00,UK,Health & Beauty,821.61,4,0.15,,4.1,15000,0,3371.33
TXN-102625,2024-04-19 09:00:00,Australia,Home & Kitchen,776.33,14,0.14,151.97,4.8,15000,0,9903.22
TXN-102626,2024-04-19 10:00:00,USA,Electronics,807.56,14,0.05,776.54,3.2,10000,0,11484.47
TXN-102627,2024-04-19 11:00:00,Germany,Automotive,704.51,11,0.2,506.77,4.2,5000,0,6639.92
TXN-102628,2024-04-19 12:00:00,UK,Apparel,308.63,10,0.14,397.98,2.9,15000,0,3425.25
TXN-102629,2024-04-19 13:00:00,UK,Electronics,771.41,3,0.11,537.77,2.8,10000,0,2577.71
TXN-102630,2024-04-19 14:00:00,Germany,Apparel,834.71,11,0.08,123.96,2.8,5000,0,8761.67
TXN-102631,2024-04-19 15:00:00,France,Automotive,307.31,2,0.02,242.13,2.8,5000,0,893.08
TXN-102632,2024-04-19 16:00:00,USA,Electronics,232.56,3,0.16,284.25,3.0,10000,0,1056.8
TXN-102633,2024-04-19 17:00:00,USA,Health & Beauty,471.68,8,0.09,238.8,3.9,5000,0,3730.45
TXN-102634,2024-04-19 18:00:00,France,Home & Kitchen,171.27,1,0.21,1049.08,4.4,5000,1,1241.44
TXN-102635,2024-04-19 19:00:00,Germany,Electronics,42.24,4,0.22,485.44,2.8,2500,1,710.85
TXN-102636,2024-04-19 20:00:00,Australia,Automotive,804.77,7,0.1,703.41,4.7,5000,1,5954.61
TXN-102637,2024-04-19 21:00:00,France,Electronics,787.99,5,0.2,185.06,4.6,15000,0,3737.13
TXN-102638,2024-04-19 22:00:00,Australia,Apparel,150.82,2,0.08,203.31,4.3,5000,0,606.37
TXN-102639,2024-04-19 23:00:00,France,Books,355.46,1,0.22,177.66,3.6,15000,0,615.59
TXN-102640,2024-04-20 00:00:00,USA,Electronics,708.92,6,0.0,632.34,2.5,10000,0,4935.33
TXN-102641,2024-04-20 01:00:00,USA,Health & Beauty,566.94,13,0.05,264.65,4.3,5000,0,7425.85
TXN-102642,2024-04-20 02:00:00,France,Electronics,344.65,13,0.07,309.67,4.7,10000,0,4578.45
TXN-102643,2024-04-20 03:00:00,Germany,Home & Kitchen,636.38,5,0.23,667.42,3.3,25000,1,3495.84
TXN-102644,2024-04-20 04:00:00,USA,Electronics,764.03,3,0.02,1834.19,4.3,5000,0,3339.37
TXN-102645,2024-04-20 05:00:00,UK,Books,788.34,11,0.06,138.29,2.7,10000,0,8528.57
TXN-102646,2024-04-20 06:00:00,Australia,Apparel,331.34,11,0.11,82.36,4.3,25000,0,3957.18
TXN-102647,2024-04-20 07:00:00,UK,Electronics,159.92,11,0.0,158.36,2.7,15000,0,2367.4
TXN-102648,2024-04-20 08:00:00,UK,Health & Beauty,777.22,9,0.23,713.94,4.0,15000,0,6053.84
TXN-102649,2024-04-20 09:00:00,UK,Automotive,92.28,3,0.17,158.23,4.0,15000,0,797.96
TXN-102650,2024-04-20 10:00:00,USA,Electronics,617.61,2,0.27,488.96,3.3,15000,1,1871.89
TXN-102651,2024-04-20 11:00:00,UK,Electronics,132.32,5,0.01,496.19,2.7,15000,0,1349.73
TXN-102652,2024-04-20 12:00:00,UK,Home & Kitchen,340.14,9,0.08,224.37,4.9,2500,0,3259.33
TXN-102653,2024-04-20 13:00:00,USA,Health & Beauty,358.65,8,0.22,,3.8,10000,1,2906.85
TXN-102654,2024-04-20 14:00:00,France,Books,147.56,6,0.2,304.75,3.9,25000,0,1540.62
TXN-102655,2024-04-20 15:00:00,UK,Automotive,785.44,3,0.07,153.38,4.0,25000,0,2914.01
TXN-102656,2024-04-20 16:00:00,Canada,Apparel,17.23,6,0.18,151.96,4.7,5000,0,343.88
TXN-102657,2024-04-20 17:00:00,Canada,Electronics,761.33,5,0.24,419.69,2.7,10000,0,3429.72
TXN-102658,2024-04-20 18:00:00,USA,Books,753.0,1,0.01,609.08,4.7,2500,0,1248.84
TXN-102659,2024-04-20 19:00:00,Germany,Automotive,279.66,5,0.22,89.21,3.1,2500,0,1260.8
TXN-102660,2024-04-20 20:00:00,UK,Apparel,603.08,14,0.08,481.76,2.7,10000,0,8335.76
TXN-102661,2024-04-20 21:00:00,Japan,Books,226.1,7,0.28,191.32,4.1,15000,0,1747.06
TXN-102662,2024-04-20 22:00:00,USA,Health & Beauty,648.58,9,0.16,609.35,4.9,15000,0,5641.52
TXN-102663,2024-04-20 23:00:00,Germany,Health & Beauty,483.53,12,0.01,880.93,2.6,10000,0,6477.76
TXN-102664,2024-04-21 00:00:00,Germany,Automotive,265.69,1,0.12,872.57,3.6,25000,0,1281.97
TXN-102665,2024-04-21 01:00:00,USA,Apparel,349.2,3,0.29,280.91,3.8,15000,0,1356.4
TXN-102666,2024-04-21 02:00:00,USA,Health & Beauty,591.06,8,0.22,468.82,3.1,5000,0,4238.97
TXN-102667,2024-04-21 03:00:00,Germany,Automotive,771.59,6,0.09,839.2,5.0,2500,0,4900.92
TXN-102668,2024-04-21 04:00:00,France,Health & Beauty,124.16,13,0.17,81.37,4.1,15000,0,1890.16
TXN-102669,2024-04-21 05:00:00,USA,Health & Beauty,492.09,5,0.18,515.23,4.6,25000,0,2885.61
TXN-102670,2024-04-21 06:00:00,Germany,Books,226.86,13,0.01,955.54,,15000,0,3747.63
TXN-102671,2024-04-21 07:00:00,UK,Books,684.15,10,0.05,282.89,3.4,15000,0,7118.25
TXN-102672,2024-04-21 08:00:00,France,Health & Beauty,73.65,2,0.17,,3.9,2500,0,379.98
TXN-102673,2024-04-21 09:00:00,USA,Home & Kitchen,590.28,3,0.12,649.87,3.6,5000,0,2084.27
TXN-102674,2024-04-21 10:00:00,Japan,Books,161.08,12,0.06,85.15,4.3,5000,0,2087.74
TXN-102675,2024-04-21 11:00:00,USA,Apparel,512.98,2,0.23,293.58,3.2,25000,1,1804.72
TXN-102676,2024-04-21 12:00:00,UK,Automotive,712.8,1,0.15,225.28,,10000,0,1052.0
TXN-102677,2024-04-21 13:00:00,USA,Automotive,645.49,7,0.09,58.57,4.7,10000,0,4560.07
TXN-102678,2024-04-21 14:00:00,USA,Apparel,643.71,14,0.05,159.06,4.4,10000,1,9318.13
TXN-102679,2024-04-21 15:00:00,UK,Apparel,447.4,3,0.18,301.99,2.9,25000,0,1944.33
TXN-102680,2024-04-21 16:00:00,USA,Apparel,758.77,7,0.2,159.97,4.7,15000,0,4915.94
TXN-102681,2024-04-21 17:00:00,Canada,Apparel,506.07,12,0.2,511.15,4.0,5000,0,5349.32
TXN-102682,2024-04-21 18:00:00,USA,Electronics,781.13,7,0.07,347.7,4.2,5000,1,5733.35
TXN-102683,2024-04-21 19:00:00,UK,Automotive,471.35,8,0.18,70.14,3.2,15000,1,3754.6
TXN-102684,2024-04-21 20:00:00,USA,Electronics,437.48,1,0.27,210.82,3.6,5000,0,650.44
TXN-102685,2024-04-21 21:00:00,USA,Health & Beauty,200.66,5,0.11,59.83,4.5,5000,0,1143.33
TXN-102686,2024-04-21 22:00:00,USA,Health & Beauty,469.9,10,0.06,271.69,3.3,10000,0,4925.39
TXN-102687,2024-04-21 23:00:00,UK,Automotive,132.39,9,0.23,199.95,2.9,10000,0,1419.82
TXN-102688,2024-04-22 00:00:00,UK,Health & Beauty,741.19,12,0.05,632.68,3.4,2500,0,8815.3
TXN-102689,2024-04-22 01:00:00,UK,Apparel,579.37,11,0.08,233.66,2.7,2500,0,6140.63
TXN-102690,2024-04-22 02:00:00,UK,Electronics,844.69,7,0.03,285.13,,5000,0,6281.73
TXN-102691,2024-04-22 03:00:00,Germany,Apparel,91.9,1,0.08,696.1,2.9,10000,1,859.76
TXN-102692,2024-04-22 04:00:00,USA,Health & Beauty,215.96,8,0.12,377.85,3.2,2500,0,2002.57
TXN-102693,2024-04-22 05:00:00,UK,Books,747.43,3,0.02,456.48,4.7,2500,0,2595.58
TXN-102694,2024-04-22 06:00:00,Australia,Electronics,345.04,13,0.26,970.52,3.9,10000,0,4082.94
TXN-102695,2024-04-22 07:00:00,UK,Apparel,404.36,4,0.15,165.9,3.3,2500,0,1697.38
TXN-102696,2024-04-22 08:00:00,Germany,Automotive,733.64,4,0.18,2313.44,3.9,15000,1,4213.49
TXN-102697,2024-04-22 09:00:00,USA,Apparel,450.72,10,0.11,1201.82,3.0,15000,0,4978.79
TXN-102698,2024-04-22 10:00:00,France,Books,176.55,14,0.2,218.82,2.6,10000,0,2331.75
TXN-102699,2024-04-22 11:00:00,France,Health & Beauty,759.85,12,0.13,1167.18,4.0,10000,1,8988.55
TXN-102700,2024-04-22 12:00:00,UK,Electronics,40.94,8,0.23,,4.3,2500,0,827.56
TXN-102701,2024-04-22 13:00:00,Australia,Automotive,762.66,1,0.25,1385.06,4.7,5000,0,1489.79
TXN-102702,2024-04-22 14:00:00,USA,Electronics,57.18,8,0.2,637.43,4.4,25000,0,1287.41
TXN-102703,2024-04-22 15:00:00,USA,Automotive,570.98,9,0.15,611.16,4.8,15000,0,5138.58
TXN-102704,2024-04-22 16:00:00,France,Electronics,74.85,9,0.23,51.74,5.0,15000,0,1087.06
TXN-102705,2024-04-22 17:00:00,Canada,Health & Beauty,604.69,5,0.15,371.81,4.4,10000,0,3220.84
TXN-102706,2024-04-22 18:00:00,USA,Automotive,43.37,4,0.03,161.74,4.7,5000,0,568.16
TXN-102707,2024-04-22 19:00:00,USA,Home & Kitchen,718.45,4,0.03,245.84,4.2,10000,1,3523.16
TXN-102708,2024-04-22 20:00:00,USA,Electronics,404.06,9,0.28,1977.25,2.9,2500,1,3872.7
TXN-102709,2024-04-22 21:00:00,USA,Electronics,93.03,8,0.06,94.69,3.0,5000,0,917.64
TXN-102710,2024-04-22 22:00:00,France,Apparel,605.19,10,0.24,690.94,2.8,2500,0,5103.68
TXN-102711,2024-04-22 23:00:00,UK,Automotive,423.56,10,0.07,144.94,4.9,15000,1,4796.49
TXN-102712,2024-04-23 00:00:00,USA,Books,174.44,12,0.13,53.71,4.2,10000,0,2216.54
TXN-102713,2024-04-23 01:00:00,UK,Home & Kitchen,28.09,7,0.2,397.99,4.5,10000,0,811.31
TXN-102714,2024-04-23 02:00:00,USA,Health & Beauty,364.03,12,0.05,137.9,3.3,25000,0,4865.2
TXN-102715,2024-04-23 03:00:00,USA,Apparel,86.5,3,0.22,1732.91,3.7,5000,0,1209.81
TXN-102716,2024-04-23 04:00:00,Germany,Home & Kitchen,93.63,4,0.21,163.89,2.6,15000,0,734.22
TXN-102717,2024-04-23 05:00:00,Australia,Automotive,238.22,9,0.16,156.62,4.7,25000,0,2525.15
TXN-102718,2024-04-23 06:00:00,Canada,Home & Kitchen,541.43,14,0.17,66.35,4.6,25000,0,7066.68
TXN-102719,2024-04-23 07:00:00,USA,Electronics,457.48,13,0.03,250.1,4.5,10000,0,6234.16
TXN-102720,2024-04-23 08:00:00,Japan,Electronics,72.6,8,0.13,62.2,2.6,5000,1,1008.89
TXN-102721,2024-04-23 09:00:00,France,Apparel,823.64,12,0.03,395.46,2.9,10000,0,10027.75
TXN-102722,2024-04-23 10:00:00,France,Automotive,755.79,12,0.09,402.22,3.3,5000,0,8669.36
TXN-102723,2024-04-23 11:00:00,UK,Automotive,231.45,1,0.27,77.36,3.2,25000,0,843.41
TXN-102724,2024-04-23 12:00:00,UK,Home & Kitchen,117.15,3,0.17,187.26,4.6,2500,0,822.1
TXN-102725,2024-04-23 13:00:00,USA,Apparel,801.91,14,0.22,942.21,3.0,15000,0,9511.28
TXN-102726,2024-04-23 14:00:00,USA,Automotive,400.05,12,0.17,360.45,3.8,25000,0,4882.39
TXN-102727,2024-04-23 15:00:00,USA,Books,274.82,10,0.06,335.12,3.9,10000,0,3048.13
TXN-102728,2024-04-23 16:00:00,USA,Books,424.45,2,0.18,,3.6,15000,0,1558.55
TXN-102729,2024-04-23 17:00:00,UK,Electronics,660.24,2,0.23,677.43,3.1,25000,0,1905.27
TXN-102730,2024-04-23 18:00:00,France,Home & Kitchen,155.6,13,0.04,767.66,4.9,5000,0,2690.73
TXN-102731,2024-04-23 19:00:00,UK,Health & Beauty,655.86,13,0.25,937.4,3.5,10000,0,7191.7
TXN-102732,2024-04-23 20:00:00,USA,Electronics,640.79,8,0.17,182.15,4.3,25000,0,4923.8
TXN-102733,2024-04-23 21:00:00,Australia,Apparel,465.36,6,0.0,84.34,3.0,5000,1,3331.01
TXN-102734,2024-04-23 22:00:00,Japan,Automotive,737.98,12,0.16,289.23,4.6,5000,0,7917.24
TXN-102735,2024-04-23 23:00:00,France,Electronics,125.34,12,0.12,1015.85,3.0,5000,0,2062.73
TXN-102736,2024-04-24 00:00:00,Australia,Health & Beauty,512.22,12,0.09,90.62,4.2,15000,0,6104.27
TXN-102737,2024-04-24 01:00:00,UK,Health & Beauty,390.2,13,0.23,478.96,3.8,10000,0,4700.0
TXN-102738,2024-04-24 02:00:00,Australia,Books,367.61,6,0.27,653.79,2.9,5000,0,2290.52
TXN-102739,2024-04-24 03:00:00,USA,Apparel,225.89,4,0.23,378.32,2.6,25000,0,1510.04
TXN-102740,2024-04-24 04:00:00,UK,Electronics,325.85,1,0.25,197.3,4.8,5000,0,543.88
TXN-102741,2024-04-24 05:00:00,USA,Home & Kitchen,105.31,11,0.27,247.49,2.8,10000,1,1452.99
TXN-102742,2024-04-24 06:00:00,USA,Electronics,225.09,7,0.27,87.17,4.3,15000,0,1661.42
TXN-102743,2024-04-24 07:00:00,USA,Books,242.09,8,0.03,223.07,4.1,5000,0,2255.82
TXN-102744,2024-04-24 08:00:00,Germany,Health & Beauty,616.76,2,0.14,72.7,3.4,25000,0,1680.45
TXN-102745,2024-04-24 09:00:00,France,Apparel,55.54,2,0.0,697.91,3.0,10000,0,716.64
TXN-102746,2024-04-24 10:00:00,Germany,Apparel,558.75,1,0.15,1191.37,,5000,0,1082.45
TXN-102747,2024-04-24 11:00:00,USA,Home & Kitchen,199.88,4,0.28,551.9,4.0,15000,1,1381.11
TXN-102748,2024-04-24 12:00:00,Canada,Apparel,83.35,6,0.06,584.58,3.9,2500,0,959.76
TXN-102749,2024-04-24 13:00:00,Germany,Books,266.17,14,0.19,369.46,4.7,25000,1,4273.52
TXN-102750,2024-04-24 14:00:00,UK,Books,202.43,5,0.19,134.82,4.1,5000,0,1040.92
TXN-102751,2024-04-24 15:00:00,Germany,Books,475.95,4,0.05,53.88,4.5,5000,0,2118.29
TXN-102752,2024-04-24 16:00:00,USA,Apparel,313.41,14,0.07,260.78,2.6,2500,0,4363.47
TXN-102753,2024-04-24 17:00:00,USA,Apparel,821.6,4,0.14,746.13,4.2,10000,0,3580.88
TXN-102754,2024-04-24 18:00:00,Japan,Books,819.56,10,0.06,1664.86,3.1,2500,0,8601.72
TXN-102755,2024-04-24 19:00:00,USA,Apparel,385.5,7,0.18,332.01,3.1,10000,0,2613.66
TXN-102756,2024-04-24 20:00:00,UK,Apparel,678.9,7,0.15,277.37,4.3,5000,0,4509.43
TXN-102757,2024-04-24 21:00:00,Japan,Health & Beauty,26.08,2,0.16,345.26,4.5,2500,0,295.35
TXN-102758,2024-04-24 22:00:00,France,Electronics,472.42,13,0.04,329.11,,5000,0,6327.44
TXN-102759,2024-04-24 23:00:00,USA,Automotive,635.65,7,0.16,541.59,4.5,2500,0,4169.52
TXN-102760,2024-04-25 00:00:00,USA,Apparel,196.15,2,0.01,712.41,3.6,5000,0,990.47
TXN-102761,2024-04-25 01:00:00,USA,Automotive,66.08,4,0.26,818.46,4.6,5000,0,963.74
TXN-102762,2024-04-25 02:00:00,Germany,Automotive,145.19,1,0.1,574.35,2.6,5000,0,551.22
TXN-102763,2024-04-25 03:00:00,UK,Health & Beauty,383.94,5,0.26,337.88,2.7,15000,0,1964.67
TXN-102764,2024-04-25 04:00:00,USA,Apparel,437.82,1,0.21,1548.9,4.4,2500,0,1257.24
TXN-102765,2024-04-25 05:00:00,Australia,Books,333.04,4,0.23,670.7,4.1,15000,1,2244.36
TXN-102766,2024-04-25 06:00:00,UK,Automotive,382.38,13,0.09,328.14,3.9,5000,1,5186.48
TXN-102767,2024-04-25 07:00:00,USA,Apparel,407.65,9,0.07,345.82,4.0,25000,0,4233.74
TXN-102768,2024-04-25 08:00:00,UK,Home & Kitchen,657.48,13,0.12,901.82,4.8,10000,0,8336.47
TXN-102769,2024-04-25 09:00:00,Germany,Books,102.88,12,0.01,340.39,4.1,2500,0,1718.12
TXN-102770,2024-04-25 10:00:00,USA,Home & Kitchen,657.07,8,0.28,413.12,4.1,2500,1,4404.09
TXN-102771,2024-04-25 11:00:00,USA,Home & Kitchen,590.0,6,0.12,222.34,4.4,10000,0,3676.72
TXN-102772,2024-04-25 12:00:00,Canada,Automotive,634.29,8,0.3,962.91,4.7,15000,1,4686.11
TXN-102773,2024-04-25 13:00:00,UK,Home & Kitchen,628.28,5,0.23,419.37,3.2,10000,1,3135.32
TXN-102774,2024-04-25 14:00:00,UK,Health & Beauty,407.94,7,0.02,452.08,4.0,25000,0,3711.57
TXN-102775,2024-04-25 15:00:00,UK,Health & Beauty,191.52,8,0.2,,4.0,5000,0,2103.69
TXN-102776,2024-04-25 16:00:00,USA,Automotive,463.09,7,0.08,1316.11,2.8,10000,0,3869.88
TXN-102777,2024-04-25 17:00:00,USA,Apparel,814.92,14,0.07,919.19,3.8,10000,0,11363.66
TXN-102778,2024-04-25 18:00:00,UK,Electronics,506.42,4,0.08,83.8,2.7,5000,0,2173.65
TXN-102779,2024-04-25 19:00:00,USA,Apparel,24.22,5,0.27,343.05,3.0,2500,0,426.92
TXN-102780,2024-04-25 20:00:00,USA,Apparel,64.86,13,0.15,260.29,4.8,25000,0,1604.23
TXN-102781,2024-04-25 21:00:00,Canada,Apparel,844.04,14,0.2,170.09,2.8,10000,0,9725.76
TXN-102782,2024-04-25 22:00:00,Australia,Apparel,75.08,10,0.08,1248.19,3.9,10000,0,1544.77
TXN-102783,2024-04-25 23:00:00,France,Books,53.45,6,0.16,1153.95,3.3,2500,1,1232.24
TXN-102784,2024-04-26 00:00:00,Canada,Electronics,309.78,14,0.11,363.02,3.9,25000,0,4734.86
TXN-102785,2024-04-26 01:00:00,USA,Books,824.38,14,0.1,122.26,3.1,5000,0,10671.32
TXN-102786,2024-04-26 02:00:00,Australia,Home & Kitchen,281.09,12,0.07,56.73,3.6,5000,0,3430.88
TXN-102787,2024-04-26 03:00:00,USA,Apparel,357.25,11,0.12,338.54,4.7,15000,0,4170.55
TXN-102788,2024-04-26 04:00:00,Australia,Health & Beauty,544.45,6,0.2,70.39,3.4,25000,1,3448.3
TXN-102789,2024-04-26 05:00:00,Australia,Automotive,35.13,13,0.07,520.24,3.4,25000,0,1360.34
TXN-102790,2024-04-26 06:00:00,France,Automotive,764.63,9,0.29,518.77,3.6,10000,0,5565.48
TXN-102791,2024-04-26 07:00:00,Australia,Books,448.73,10,0.04,1196.02,2.8,15000,0,5244.59
TXN-102792,2024-04-26 08:00:00,Germany,Books,404.79,14,0.14,155.39,3.5,5000,0,5132.21
TXN-102793,2024-04-26 09:00:00,USA,Health & Beauty,733.71,14,0.03,282.13,2.5,25000,0,10774.34
TXN-102794,2024-04-26 10:00:00,UK,Apparel,810.82,2,0.01,1031.44,3.8,25000,0,2878.13
TXN-102795,2024-04-26 11:00:00,Germany,Electronics,368.56,6,0.28,371.51,4.6,2500,0,2028.18
TXN-102796,2024-04-26 12:00:00,USA,Home & Kitchen,158.99,13,0.24,80.79,3.9,5000,0,1812.04
TXN-102797,2024-04-26 13:00:00,Germany,Automotive,696.12,3,0.21,108.71,4.0,2500,0,1928.26
TXN-102798,2024-04-26 14:00:00,Australia,Home & Kitchen,351.72,14,0.26,889.54,2.6,15000,0,4394.41
TXN-102799,2024-04-26 15:00:00,USA,Electronics,796.18,2,0.24,730.7,4.6,25000,0,2303.3
TXN-102800,2024-04-26 16:00:00,France,Books,808.17,6,0.19,1093.26,3.5,15000,0,4873.12
TXN-102801,2024-04-26 17:00:00,Japan,Automotive,110.88,4,0.25,113.27,4.9,2500,0,579.87
TXN-102802,2024-04-26 18:00:00,Japan,Home & Kitchen,813.72,5,0.12,764.43,2.8,5000,0,4166.32
TXN-102803,2024-04-26 19:00:00,Australia,Books,322.51,5,0.17,582.26,4.9,25000,1,2518.5
TXN-102804,2024-04-26 20:00:00,UK,Electronics,554.62,3,0.23,182.17,4.1,5000,1,1792.44
TXN-102805,2024-04-26 21:00:00,Australia,Home & Kitchen,44.02,12,0.03,1872.99,2.6,15000,0,1832.98
TXN-102806,2024-04-26 22:00:00,France,Apparel,757.22,4,0.26,472.4,4.9,10000,0,2898.34
TXN-102807,2024-04-26 23:00:00,USA,Books,550.73,3,0.05,1236.92,2.5,5000,0,2301.16
TXN-102808,2024-04-27 00:00:00,UK,Electronics,552.37,7,0.26,1029.83,4.3,5000,1,3969.97
TXN-102809,2024-04-27 01:00:00,France,Home & Kitchen,768.32,1,0.09,252.58,4.7,5000,0,1064.59
TXN-102810,2024-04-27 02:00:00,USA,Apparel,439.47,6,0.1,433.89,2.9,25000,1,3414.11
TXN-102811,2024-04-27 03:00:00,Germany,Apparel,357.78,4,0.02,332.26,3.4,15000,0,2035.02
TXN-102812,2024-04-27 04:00:00,Germany,Electronics,738.22,1,0.27,667.35,3.9,15000,0,1384.81
TXN-102813,2024-04-27 05:00:00,USA,Health & Beauty,634.92,1,0.05,493.42,4.2,25000,0,1545.49
TXN-102814,2024-04-27 06:00:00,Germany,Automotive,807.39,5,0.19,818.22,4.7,5000,0,3904.51
TXN-102815,2024-04-27 07:00:00,France,Electronics,800.0,14,0.19,55.91,4.4,5000,0,9376.17
TXN-102816,2024-04-27 08:00:00,UK,Apparel,334.24,5,0.08,632.04,3.4,10000,1,2373.3
TXN-102817,2024-04-27 09:00:00,USA,Apparel,388.23,10,0.3,242.14,4.6,5000,0,3106.99
TXN-102818,2024-04-27 10:00:00,USA,Electronics,228.75,7,0.02,176.94,4.9,2500,0,1898.82
TXN-102819,2024-04-27 11:00:00,UK,Health & Beauty,566.64,13,0.18,857.83,3.1,5000,0,6699.21
TXN-102820,2024-04-27 12:00:00,Japan,Automotive,319.39,12,0.14,96.73,2.7,10000,0,3605.93
TXN-102821,2024-04-27 13:00:00,USA,Home & Kitchen,671.39,4,0.07,179.68,3.6,2500,0,2866.81
TXN-102822,2024-04-27 14:00:00,Germany,Electronics,116.49,14,0.05,163.91,4.7,10000,0,2032.58
TXN-102823,2024-04-27 15:00:00,USA,Automotive,112.2,9,0.22,322.21,2.9,10000,0,1194.83
TXN-102824,2024-04-27 16:00:00,USA,Automotive,185.72,4,0.27,244.55,4.7,15000,0,1194.94
TXN-102825,2024-04-27 17:00:00,Canada,Books,85.38,7,0.03,687.32,5.0,25000,0,1604.41
TXN-102826,2024-04-27 18:00:00,France,Apparel,532.73,5,0.06,650.94,2.6,10000,1,3326.95
TXN-102827,2024-04-27 19:00:00,USA,Home & Kitchen,138.04,5,0.3,246.87,3.7,5000,0,974.05
TXN-102828,2024-04-27 20:00:00,UK,Electronics,148.57,6,0.0,337.22,3.3,15000,0,1466.66
TXN-102829,2024-04-27 21:00:00,USA,Apparel,26.88,8,0.15,166.54,3.5,2500,0,428.9
TXN-102830,2024-04-27 22:00:00,UK,Books,668.05,5,0.15,605.6,3.6,25000,0,3850.59
TXN-102831,2024-04-27 23:00:00,Germany,Books,693.27,3,0.08,302.27,4.3,15000,0,2583.26
TXN-102832,2024-04-28 00:00:00,USA,Apparel,150.29,6,0.2,121.26,4.0,10000,0,1216.31
TXN-102833,2024-04-28 01:00:00,USA,Health & Beauty,632.5,14,0.28,118.06,4.9,15000,0,6904.18
TXN-102834,2024-04-28 02:00:00,UK,Automotive,377.01,12,0.14,244.54,3.3,5000,0,4266.88
TXN-102835,2024-04-28 03:00:00,Japan,Electronics,215.06,14,0.22,737.83,3.9,5000,0,2845.07
TXN-102836,2024-04-28 04:00:00,Australia,Electronics,533.86,2,0.19,62.92,4.5,5000,0,1042.03
TXN-102837,2024-04-28 05:00:00,USA,Electronics,164.03,12,0.14,199.05,3.4,25000,0,2388.09
TXN-102838,2024-04-28 06:00:00,France,Apparel,647.0,12,0.01,138.66,3.7,15000,0,8219.03
TXN-102839,2024-04-28 07:00:00,UK,Health & Beauty,54.76,8,0.22,1617.24,4.2,15000,0,1750.48
TXN-102840,2024-04-28 08:00:00,UK,Home & Kitchen,815.87,8,0.11,660.87,4.7,10000,0,6617.87
TXN-102841,2024-04-28 09:00:00,France,Books,75.02,3,0.07,182.79,3.5,2500,0,411.58
TXN-102842,2024-04-28 10:00:00,Japan,Apparel,498.84,12,0.28,166.26,3.8,5000,0,4725.84
TXN-102843,2024-04-28 11:00:00,Australia,Home & Kitchen,768.33,8,0.23,1026.07,4.9,2500,0,5357.5
TXN-102844,2024-04-28 12:00:00,Germany,Books,24.94,9,0.29,155.5,2.6,2500,0,518.98
TXN-102845,2024-04-28 13:00:00,UK,Books,431.26,5,0.08,2964.54,3.6,5000,0,3539.41
TXN-102846,2024-04-28 14:00:00,France,Health & Beauty,307.26,5,0.25,215.85,4.1,5000,0,1487.89
TXN-102847,2024-04-28 15:00:00,USA,Automotive,499.58,6,0.18,94.05,2.5,10000,0,2894.37
TXN-102848,2024-04-28 16:00:00,Germany,Electronics,203.26,7,0.29,637.11,4.0,25000,0,1932.17
TXN-102849,2024-04-28 17:00:00,UK,Home & Kitchen,69.19,3,0.28,520.35,2.6,5000,1,990.47
TXN-102850,2024-04-28 18:00:00,Germany,Apparel,537.65,5,0.29,4367.33,4.6,2500,1,4335.35
TXN-102851,2024-04-28 19:00:00,USA,Home & Kitchen,363.07,1,0.29,859.96,4.5,10000,0,1118.26
TXN-102852,2024-04-28 20:00:00,USA,Automotive,534.78,11,0.0,,2.6,15000,0,6457.38
TXN-102853,2024-04-28 21:00:00,Japan,Electronics,190.8,10,0.22,614.45,2.6,10000,0,2136.05
TXN-102854,2024-04-28 22:00:00,USA,Home & Kitchen,297.85,5,0.08,901.46,4.4,5000,0,1993.15
TXN-102855,2024-04-28 23:00:00,UK,Automotive,484.0,4,0.21,410.49,3.4,5000,0,1820.48
TXN-102856,2024-04-29 00:00:00,USA,Apparel,510.25,1,0.29,209.33,3.9,25000,0,1056.88
TXN-102857,2024-04-29 01:00:00,USA,Health & Beauty,325.88,7,0.01,167.93,3.2,10000,0,2645.61
TXN-102858,2024-04-29 02:00:00,USA,Books,248.84,1,0.17,224.98,,5000,0,522.28
TXN-102859,2024-04-29 03:00:00,USA,Apparel,243.54,13,0.22,992.16,3.2,2500,0,3071.24
TXN-102860,2024-04-29 04:00:00,Canada,Electronics,160.87,8,0.08,289.37,3.1,2500,0,1332.79
TXN-102861,2024-04-29 05:00:00,USA,Books,286.71,14,0.07,218.9,3.6,10000,0,4142.37
TXN-102862,2024-04-29 06:00:00,Australia,Apparel,181.53,10,0.02,869.66,4.4,25000,0,2871.51
TXN-102863,2024-04-29 07:00:00,Germany,Apparel,544.24,12,0.03,66.22,3.9,10000,0,6720.78
TXN-102864,2024-04-29 08:00:00,UK,Apparel,490.17,2,0.2,500.65,4.0,25000,0,1659.62
TXN-102865,2024-04-29 09:00:00,Germany,Apparel,334.46,10,0.15,1084.28,3.7,2500,0,3510.53
TXN-102866,2024-04-29 10:00:00,UK,Books,287.07,13,0.01,313.89,3.3,5000,0,4088.86
TXN-102867,2024-04-29 11:00:00,France,Electronics,213.41,12,0.29,206.89,2.9,15000,0,2258.08
TXN-102868,2024-04-29 12:00:00,USA,Automotive,462.11,5,0.2,388.35,3.4,5000,0,2256.58
TXN-102869,2024-04-29 13:00:00,UK,Home & Kitchen,782.28,13,0.15,682.0,4.2,2500,0,9157.49
TXN-102870,2024-04-29 14:00:00,Japan,Health & Beauty,587.56,6,0.08,413.46,4.3,2500,0,3572.98
TXN-102871,2024-04-29 15:00:00,Japan,Home & Kitchen,636.59,9,0.2,53.83,3.7,5000,0,4859.65
TXN-102872,2024-04-29 16:00:00,Japan,Home & Kitchen,711.71,14,0.11,90.78,,5000,0,9034.37
TXN-102873,2024-04-29 17:00:00,UK,Health & Beauty,308.62,7,0.21,688.86,3.0,2500,0,2147.34
TXN-102874,2024-04-29 18:00:00,France,Books,67.5,6,0.2,305.37,4.7,5000,0,799.87
TXN-102875,2024-04-29 19:00:00,UK,Electronics,534.84,5,0.03,818.04,4.7,15000,0,3506.54
TXN-102876,2024-04-29 20:00:00,UK,Health & Beauty,172.54,6,0.27,574.18,3.3,15000,1,1713.66
TXN-102877,2024-04-29 21:00:00,USA,Electronics,490.15,14,0.15,485.56,3.9,10000,1,6694.77
TXN-102878,2024-04-29 22:00:00,Germany,Books,632.49,11,0.12,1208.22,4.0,15000,1,7445.79
TXN-102879,2024-04-29 23:00:00,USA,Home & Kitchen,669.34,4,0.29,60.78,3.7,2500,0,2153.15
TXN-102880,2024-04-30 00:00:00,USA,Electronics,267.04,1,0.13,134.23,4.8,2500,1,902.85
TXN-102881,2024-04-30 01:00:00,Canada,Books,442.88,12,0.22,539.58,4.3,10000,1,4861.94
TXN-102882,2024-04-30 02:00:00,USA,Books,533.51,9,0.2,84.05,4.2,25000,0,4634.08
TXN-102883,2024-04-30 03:00:00,USA,Automotive,699.27,11,0.05,567.78,3.8,10000,0,7759.9
TXN-102884,2024-04-30 04:00:00,USA,Health & Beauty,650.76,5,0.3,2121.38,2.7,25000,0,3803.65
TXN-102885,2024-04-30 05:00:00,Japan,Automotive,839.96,8,0.14,1105.19,2.8,25000,0,6960.7
TXN-102886,2024-04-30 06:00:00,UK,Home & Kitchen,21.75,7,0.12,496.92,3.2,5000,0,651.2
TXN-102887,2024-04-30 07:00:00,UK,Health & Beauty,380.3,8,0.28,1172.05,3.0,15000,1,3325.36
TXN-102888,2024-04-30 08:00:00,Canada,Home & Kitchen,228.8,1,0.16,111.8,4.9,25000,1,1209.16
TXN-102889,2024-04-30 09:00:00,Canada,Automotive,115.11,9,0.21,353.2,3.5,5000,1,1437.25
TXN-102890,2024-04-30 10:00:00,USA,Books,776.12,1,0.25,329.9,4.7,10000,0,1209.84
TXN-102891,2024-04-30 11:00:00,Germany,Home & Kitchen,848.3,3,0.07,,4.5,10000,0,2877.85
TXN-102892,2024-04-30 12:00:00,France,Health & Beauty,165.8,8,0.05,50.1,4.5,25000,0,1933.27
TXN-102893,2024-04-30 13:00:00,Germany,Health & Beauty,47.09,12,0.02,1158.34,3.0,5000,0,1340.57
TXN-102894,2024-04-30 14:00:00,USA,Home & Kitchen,244.67,11,0.27,801.88,3.6,2500,0,2583.87
TXN-102895,2024-04-30 15:00:00,Canada,Health & Beauty,712.11,1,0.06,579.01,3.3,15000,0,1362.82
TXN-102896,2024-04-30 16:00:00,UK,Books,260.4,14,0.09,119.04,4.9,25000,0,4143.83
TXN-102897,2024-04-30 17:00:00,USA,Books,62.51,1,0.09,287.57,4.7,2500,0,572.72
TXN-102898,2024-04-30 18:00:00,UK,Health & Beauty,58.83,6,0.09,1340.67,3.1,15000,0,1197.57
TXN-102899,2024-04-30 19:00:00,USA,Home & Kitchen,371.9,5,0.2,529.77,3.3,2500,1,2270.98
TXN-102900,2024-04-30 20:00:00,USA,Automotive,793.07,11,0.29,512.43,3.8,5000,0,6810.04
TXN-102901,2024-04-30 21:00:00,France,Health & Beauty,253.74,6,0.1,1271.65,3.2,25000,0,2622.37
TXN-102902,2024-04-30 22:00:00,USA,Health & Beauty,371.68,3,0.12,460.3,4.6,2500,1,1670.37
TXN-102903,2024-04-30 23:00:00,UK,Health & Beauty,100.11,10,0.23,505.18,4.5,2500,0,1125.98
TXN-102904,2024-05-01 00:00:00,UK,Health & Beauty,427.13,12,0.13,262.11,4.3,2500,0,4824.08
TXN-102905,2024-05-01 01:00:00,USA,Home & Kitchen,596.62,10,0.28,282.16,4.2,25000,0,5079.43
TXN-102906,2024-05-01 02:00:00,Australia,Automotive,241.41,6,0.15,628.56,3.9,5000,0,1678.26
TXN-102907,2024-05-01 03:00:00,USA,Automotive,262.75,2,0.1,243.15,3.4,5000,0,782.83
TXN-102908,2024-05-01 04:00:00,USA,Electronics,718.05,8,0.29,459.48,4.6,2500,1,4789.1
TXN-102909,2024-05-01 05:00:00,USA,Health & Beauty,23.65,12,0.13,213.69,4.6,5000,0,671.62
TXN-102910,2024-05-01 06:00:00,USA,Health & Beauty,546.45,6,0.07,140.84,2.6,15000,0,3447.6
TXN-102911,2024-05-01 07:00:00,USA,Electronics,343.89,13,0.05,352.94,,5000,0,4472.96
TXN-102912,2024-05-01 08:00:00,France,Automotive,264.15,13,0.3,172.6,2.6,2500,0,2627.98
TXN-102913,2024-05-01 09:00:00,Australia,Apparel,564.09,4,0.23,1193.82,4.6,15000,0,2708.18
TXN-102914,2024-05-01 10:00:00,USA,Books,711.95,4,0.12,230.92,2.9,25000,0,3205.57
TXN-102915,2024-05-01 11:00:00,Germany,Apparel,481.26,14,0.25,504.91,4.2,10000,0,5505.69
TXN-102916,2024-05-01 12:00:00,France,Automotive,40.96,11,0.16,202.88,3.4,5000,0,697.1
TXN-102917,2024-05-01 13:00:00,Canada,Health & Beauty,400.27,7,0.1,199.22,4.5,15000,0,3143.64
TXN-102918,2024-05-01 14:00:00,UK,Apparel,401.4,14,0.22,265.88,3.8,10000,0,4838.46
TXN-102919,2024-05-01 15:00:00,USA,Home & Kitchen,469.07,3,0.22,1287.72,3.3,25000,0,2333.86
TXN-102920,2024-05-01 16:00:00,USA,Home & Kitchen,575.25,11,0.15,298.38,3.3,10000,0,5837.82
TXN-102921,2024-05-01 17:00:00,France,Electronics,31.13,3,0.01,910.93,3.3,25000,0,993.18
TXN-102922,2024-05-01 18:00:00,Canada,Automotive,434.18,6,0.02,159.89,4.5,2500,0,2883.91
TXN-102923,2024-05-01 19:00:00,USA,Automotive,506.24,9,0.24,74.68,4.3,2500,1,3927.02
TXN-102924,2024-05-01 20:00:00,UK,Apparel,301.7,1,0.25,810.89,3.3,25000,0,1133.7
TXN-102925,2024-05-01 21:00:00,Japan,Health & Beauty,573.08,5,0.2,440.31,3.7,10000,1,3161.22
TXN-102926,2024-05-01 22:00:00,Canada,Automotive,205.53,1,0.25,400.31,2.7,5000,0,577.34
TXN-102927,2024-05-01 23:00:00,Australia,Apparel,280.01,1,0.22,208.87,4.6,10000,1,920.42
TXN-102928,2024-05-02 00:00:00,France,Apparel,818.9,3,0.27,87.53,3.2,10000,0,2164.37
TXN-102929,2024-05-02 01:00:00,UK,Books,305.64,3,0.05,379.72,4.7,5000,0,1366.28
TXN-102930,2024-05-02 02:00:00,Germany,Books,304.33,4,0.12,1059.55,4.0,10000,1,2042.14
TXN-102931,2024-05-02 03:00:00,Germany,Automotive,512.39,3,0.14,113.93,3.9,10000,0,1657.5
TXN-102932,2024-05-02 04:00:00,USA,Apparel,825.76,6,0.09,1373.74,2.9,15000,1,5719.91
TXN-102933,2024-05-02 05:00:00,UK,Electronics,835.87,12,0.22,210.61,2.7,25000,0,8579.83
TXN-102934,2024-05-02 06:00:00,France,Electronics,499.01,4,0.27,429.84,3.9,2500,0,2001.28
TXN-102935,2024-05-02 07:00:00,USA,,15.91,8,0.12,84.41,3.7,25000,0,863.79
TXN-102936,2024-05-02 08:00:00,France,Automotive,767.05,1,0.28,326.73,2.8,10000,0,1034.72
TXN-102937,2024-05-02 09:00:00,Germany,Health & Beauty,491.15,8,0.16,117.28,4.6,5000,0,3578.13
TXN-102938,2024-05-02 10:00:00,Australia,Electronics,320.61,11,0.16,74.58,3.5,5000,1,3562.75
TXN-102939,2024-05-02 11:00:00,USA,Electronics,707.38,1,0.18,1748.97,3.2,2500,0,1532.09
TXN-102940,2024-05-02 12:00:00,USA,Books,348.86,11,0.08,704.84,4.5,2500,0,4019.23
TXN-102941,2024-05-02 13:00:00,Germany,Books,43.43,1,0.12,684.8,4.8,2500,0,670.18
TXN-102942,2024-05-02 14:00:00,USA,Automotive,700.6,7,0.17,97.46,3.3,5000,0,4469.23
TXN-102943,2024-05-02 15:00:00,France,Books,470.79,1,0.28,1375.01,4.4,10000,0,1414.82
TXN-102944,2024-05-02 16:00:00,France,Home & Kitchen,297.35,9,0.19,366.94,4.1,2500,0,2757.58
TXN-102945,2024-05-02 17:00:00,USA,Apparel,224.5,14,0.1,1006.23,5.0,2500,0,3495.82
TXN-102946,2024-05-02 18:00:00,UK,Electronics,510.82,8,0.0,56.34,3.0,5000,0,4309.4
TXN-102947,2024-05-02 19:00:00,UK,Home & Kitchen,188.72,13,0.29,227.06,4.9,10000,0,2194.11
TXN-102948,2024-05-02 20:00:00,UK,Health & Beauty,285.42,1,0.15,2816.66,3.3,2500,0,1637.66
TXN-102949,2024-05-02 21:00:00,Japan,Home & Kitchen,546.5,2,0.28,329.17,3.5,10000,0,1404.36
TXN-102950,2024-05-02 22:00:00,Canada,Automotive,751.09,2,0.16,1146.84,3.4,15000,0,2142.27
TXN-102951,2024-05-02 23:00:00,Germany,Health & Beauty,459.96,2,0.18,248.75,3.2,2500,0,1016.48
TXN-102952,2024-05-03 00:00:00,France,Health & Beauty,648.85,6,0.21,422.57,4.2,2500,0,3605.57
TXN-102953,2024-05-03 01:00:00,UK,Books,652.16,4,0.1,1012.83,4.0,5000,0,3114.45
TXN-102954,2024-05-03 02:00:00,Japan,Home & Kitchen,569.74,8,0.21,515.47,3.3,15000,0,4199.95
TXN-102955,2024-05-03 03:00:00,Germany,Automotive,220.28,1,0.16,695.84,2.8,15000,1,1167.7
TXN-102956,2024-05-03 04:00:00,France,Electronics,738.77,10,0.2,179.93,3.3,15000,0,6303.73
TXN-102957,2024-05-03 05:00:00,Canada,Books,379.29,14,0.25,134.74,3.5,25000,0,4684.6
TXN-102958,2024-05-03 06:00:00,USA,Home & Kitchen,51.92,4,0.06,180.88,3.5,5000,0,540.26
TXN-102959,2024-05-03 07:00:00,Canada,Electronics,219.25,10,0.18,389.67,3.4,5000,0,2237.48
TXN-102960,2024-05-03 08:00:00,USA,Home & Kitchen,654.23,11,0.02,857.14,2.6,2500,0,7755.51
TXN-102961,2024-05-03 09:00:00,USA,Books,72.73,5,0.03,268.47,3.7,5000,0,799.51
TXN-102962,2024-05-03 10:00:00,USA,Electronics,138.05,9,0.2,465.99,4.6,2500,0,1367.0
TXN-102963,2024-05-03 11:00:00,Australia,Books,594.68,5,0.02,866.9,3.0,2500,0,3497.73
TXN-102964,2024-05-03 12:00:00,Canada,Home & Kitchen,760.32,13,0.18,186.41,2.9,25000,0,8814.17
TXN-102965,2024-05-03 13:00:00,France,Health & Beauty,544.17,11,0.07,1122.69,3.7,5000,0,6487.82
TXN-102966,2024-05-03 14:00:00,France,Apparel,200.61,3,0.09,1579.68,3.4,5000,0,1476.21
TXN-102967,2024-05-03 15:00:00,Germany,Health & Beauty,59.6,11,0.04,69.87,3.9,25000,0,1346.74
TXN-102968,2024-05-03 16:00:00,Japan,Books,528.63,4,0.07,80.47,4.9,25000,0,2744.58
TXN-102969,2024-05-03 17:00:00,UK,Books,54.58,10,0.25,97.68,4.4,5000,0,665.72
TXN-102970,2024-05-03 18:00:00,UK,Books,526.62,7,0.19,799.77,4.2,5000,1,3762.88
TXN-102971,2024-05-03 19:00:00,USA,Electronics,203.36,1,0.28,154.95,3.5,2500,0,405.53
TXN-102972,2024-05-03 20:00:00,France,Automotive,770.39,11,0.01,696.76,3.2,10000,0,9100.43
TXN-102973,2024-05-03 21:00:00,France,Books,411.7,6,0.24,341.05,3.9,2500,1,2401.29
TXN-102974,2024-05-03 22:00:00,UK,Health & Beauty,201.99,8,0.21,954.72,4.7,15000,0,2209.72
TXN-102975,2024-05-03 23:00:00,USA,Apparel,727.38,1,0.08,876.58,4.7,15000,0,1521.6
TXN-102976,2024-05-04 00:00:00,Canada,Books,227.12,8,0.22,1655.24,3.6,10000,0,2369.2
TXN-102977,2024-05-04 01:00:00,USA,Books,271.01,7,0.21,194.53,3.1,25000,0,2244.37
TXN-102978,2024-05-04 02:00:00,France,Books,711.62,1,0.14,180.19,3.1,15000,1,1415.32
TXN-102979,2024-05-04 03:00:00,Australia,Electronics,272.84,9,0.21,66.01,2.6,25000,0,2640.23
TXN-102980,2024-05-04 04:00:00,UK,Books,357.49,11,0.13,314.17,4.6,25000,0,4332.21
TXN-102981,2024-05-04 05:00:00,USA,Health & Beauty,305.3,3,0.1,357.23,3.2,2500,0,1171.13
TXN-102982,2024-05-04 06:00:00,France,Home & Kitchen,112.19,2,0.14,1719.31,3.4,25000,0,1651.69
TXN-102983,2024-05-04 07:00:00,Canada,Automotive,47.48,7,0.27,938.29,4.5,10000,0,1082.38
TXN-102984,2024-05-04 08:00:00,UK,Books,619.99,11,0.12,141.24,2.8,2500,0,6035.21
TXN-102985,2024-05-04 09:00:00,Australia,Electronics,553.69,3,0.12,850.96,3.7,10000,0,2091.19
TXN-102986,2024-05-04 10:00:00,USA,Health & Beauty,250.78,1,0.18,148.19,2.8,25000,1,1089.09
TXN-102987,2024-05-04 11:00:00,UK,Books,261.83,10,0.23,90.48,3.6,15000,1,2773.0
TXN-102988,2024-05-04 12:00:00,France,Electronics,804.08,13,0.22,957.26,2.6,25000,0,9222.56
TXN-102989,2024-05-04 13:00:00,Canada,Home & Kitchen,839.71,3,0.01,1914.01,3.8,10000,0,3778.41
TXN-102990,2024-05-04 14:00:00,USA,Apparel,410.32,6,0.21,96.12,4.5,5000,0,2344.64
TXN-102991,2024-05-04 15:00:00,Canada,Books,685.05,3,0.14,890.8,4.2,5000,0,2472.17
TXN-102992,2024-05-04 16:00:00,Germany,Health & Beauty,630.13,5,0.16,1030.25,3.8,15000,0,3620.54
TXN-102993,2024-05-04 17:00:00,UK,Electronics,263.26,9,0.17,113.21,4.6,10000,0,2547.14
TXN-102994,2024-05-04 18:00:00,USA,Electronics,63.9,7,0.22,216.52,3.1,15000,0,918.7
TXN-102995,2024-05-04 19:00:00,Canada,Books,134.03,2,0.25,711.49,4.6,2500,0,775.53
TXN-102996,2024-05-04 20:00:00,USA,Electronics,714.98,1,0.19,874.43,3.2,25000,1,1903.28
TXN-102997,2024-05-04 21:00:00,USA,Apparel,625.56,7,0.17,268.46,3.4,2500,0,4023.56
TXN-102998,2024-05-04 22:00:00,USA,Electronics,569.72,4,0.11,137.13,2.8,5000,0,2439.87
TXN-102999,2024-05-04 23:00:00,Canada,Automotive,124.09,11,0.04,572.55,2.8,25000,0,2106.45
TXN-103000,2024-05-05 00:00:00,Germany,Automotive,549.34,7,0.29,655.28,4.8,2500,1,3409.94
TXN-103001,2024-05-05 01:00:00,France,Electronics,659.75,6,0.14,400.19,,5000,1,4085.98
TXN-103002,2024-05-05 02:00:00,USA,Books,733.6,7,0.17,128.29,3.3,2500,0,4402.82
TXN-103003,2024-05-05 03:00:00,Germany,Automotive,26.05,4,0.23,980.51,3.8,25000,0,1172.53
TXN-103004,2024-05-05 04:00:00,Germany,Health & Beauty,586.54,3,0.02,568.19,3.4,2500,0,2327.99
TXN-103005,2024-05-05 05:00:00,Canada,Automotive,30.95,12,0.26,1066.91,4.7,25000,0,1466.72
TXN-103006,2024-05-05 06:00:00,Japan,Electronics,605.24,5,0.24,1401.3,4.8,2500,0,3197.65
TXN-103007,2024-05-05 07:00:00,USA,Books,545.74,3,0.23,869.17,3.3,15000,0,2068.24
TXN-103008,2024-05-05 08:00:00,Germany,Home & Kitchen,138.87,14,0.01,1642.93,2.7,2500,0,2955.96
TXN-103009,2024-05-05 09:00:00,USA,Books,654.71,3,0.16,1592.37,3.0,2500,0,2585.3
TXN-103010,2024-05-05 10:00:00,UK,Books,72.07,4,0.02,532.93,3.7,15000,0,951.39
TXN-103011,2024-05-05 11:00:00,USA,Books,705.04,8,0.17,701.3,3.2,5000,0,5359.45
TXN-103012,2024-05-05 12:00:00,USA,Health & Beauty,233.71,2,0.22,651.0,3.6,25000,0,1334.35
TXN-103013,2024-05-05 13:00:00,UK,Apparel,590.19,4,0.04,535.29,,10000,0,2872.01
TXN-103014,2024-05-05 14:00:00,Germany,Electronics,786.28,11,0.21,59.77,3.6,5000,0,6954.62
TXN-103015,2024-05-05 15:00:00,USA,Apparel,298.76,3,0.13,269.96,3.0,25000,0,1547.24
TXN-103016,2024-05-05 16:00:00,France,Home & Kitchen,434.92,7,0.24,102.72,3.4,2500,0,2526.89
TXN-103017,2024-05-05 17:00:00,UK,Apparel,401.7,2,0.16,228.52,4.4,5000,1,1300.51
TXN-103018,2024-05-05 18:00:00,USA,Electronics,146.61,1,0.1,85.51,3.6,2500,0,352.75
TXN-103019,2024-05-05 19:00:00,France,Electronics,507.91,10,0.1,1313.06,3.1,5000,1,5505.12
TXN-103020,2024-05-05 20:00:00,USA,,635.41,1,0.27,350.13,3.6,5000,0,1088.51
TXN-103021,2024-05-05 21:00:00,UK,Electronics,780.59,6,0.14,154.97,3.6,10000,0,4404.08
TXN-103022,2024-05-05 22:00:00,Germany,Home & Kitchen,725.42,3,0.12,489.47,3.2,15000,0,2632.84
TXN-103023,2024-05-05 23:00:00,USA,Home & Kitchen,440.87,7,0.01,159.36,5.0,5000,0,3434.43
TXN-103024,2024-05-06 00:00:00,USA,Electronics,615.38,8,0.11,865.94,4.4,2500,0,4800.19
TXN-103025,2024-05-06 01:00:00,UK,Automotive,683.65,5,0.25,,4.2,10000,0,3045.49
TXN-103026,2024-05-06 02:00:00,Japan,Home & Kitchen,427.06,5,0.23,239.1,4.6,5000,0,2068.33
TXN-103027,2024-05-06 03:00:00,Germany,Electronics,111.38,12,0.07,,4.2,15000,0,2169.86
TXN-103028,2024-05-06 04:00:00,Germany,Automotive,380.67,2,0.12,459.59,4.5,2500,0,1245.37
TXN-103029,2024-05-06 05:00:00,Germany,Home & Kitchen,718.47,8,0.06,1141.52,3.5,10000,1,6667.44
TXN-103030,2024-05-06 06:00:00,USA,Automotive,513.2,10,0.29,316.27,3.8,25000,0,4480.01
TXN-103031,2024-05-06 07:00:00,UK,Health & Beauty,619.92,13,0.18,260.74,2.6,15000,1,7426.54
TXN-103032,2024-05-06 08:00:00,France,Books,169.7,1,0.23,402.82,,25000,0,863.73
TXN-103033,2024-05-06 09:00:00,USA,Health & Beauty,820.22,10,0.21,81.73,3.4,25000,0,7077.01
TXN-103034,2024-05-06 10:00:00,USA,Automotive,352.41,9,0.26,133.74,4.1,10000,1,2989.38
TXN-103035,2024-05-06 11:00:00,USA,Home & Kitchen,560.79,1,0.28,173.92,3.7,10000,0,1008.54
TXN-103036,2024-05-06 12:00:00,UK,Electronics,30.76,1,0.01,898.25,4.0,10000,0,770.78
TXN-103037,2024-05-06 13:00:00,Australia,Apparel,121.31,1,0.29,711.75,4.3,25000,0,1205.28
TXN-103038,2024-05-06 14:00:00,USA,Electronics,668.0,7,0.26,157.41,2.6,2500,0,3640.27
TXN-103039,2024-05-06 15:00:00,UK,Apparel,823.25,4,0.11,,3.1,10000,0,3288.69
TXN-103040,2024-05-06 16:00:00,USA,Apparel,282.25,12,0.25,1493.55,2.9,15000,0,3602.82
TXN-103041,2024-05-06 17:00:00,Australia,Home & Kitchen,46.05,7,0.22,94.85,3.0,10000,1,837.04
TXN-103042,2024-05-06 18:00:00,USA,Automotive,316.32,5,0.24,446.43,3.8,10000,0,1715.87
TXN-103043,2024-05-06 19:00:00,UK,Electronics,29.59,12,0.07,419.08,4.3,10000,0,1037.23
TXN-103044,2024-05-06 20:00:00,France,Automotive,175.63,14,0.19,696.78,3.2,25000,0,2944.86
TXN-103045,2024-05-06 21:00:00,France,Health & Beauty,643.31,7,0.01,201.52,4.6,2500,1,5039.91
TXN-103046,2024-05-06 22:00:00,UK,Home & Kitchen,797.47,10,0.25,1414.94,4.7,10000,0,7031.28
TXN-103047,2024-05-06 23:00:00,USA,Home & Kitchen,88.02,14,0.29,314.31,3.4,25000,1,1992.55
TXN-103048,2024-05-07 00:00:00,UK,Health & Beauty,480.85,7,0.2,218.24,4.2,15000,0,3281.97
TXN-103049,2024-05-07 01:00:00,USA,Electronics,226.99,4,0.15,255.39,2.8,2500,0,1087.13
TXN-103050,2024-05-07 02:00:00,USA,Books,131.11,2,0.22,264.41,4.4,25000,0,1102.93
TXN-103051,2024-05-07 03:00:00,UK,Health & Beauty,197.85,8,0.1,160.9,2.9,5000,1,1891.9
TXN-103052,2024-05-07 04:00:00,USA,Electronics,497.43,2,0.19,1365.92,4.2,15000,0,1842.48
TXN-103053,2024-05-07 05:00:00,USA,Apparel,69.39,9,0.22,146.11,3.6,15000,0,1023.54
TXN-103054,2024-05-07 06:00:00,Germany,Home & Kitchen,377.57,5,0.04,1122.08,,5000,0,2576.65
TXN-103055,2024-05-07 07:00:00,Australia,Electronics,127.92,9,0.04,309.54,3.7,25000,0,1892.45
TXN-103056,2024-05-07 08:00:00,Germany,Automotive,242.69,9,0.21,206.86,2.6,25000,0,2347.39
TXN-103057,2024-05-07 09:00:00,USA,Automotive,174.28,14,0.13,160.64,3.7,15000,0,2592.49
TXN-103058,2024-05-07 10:00:00,USA,Home & Kitchen,752.28,8,0.27,400.93,4.5,25000,0,5365.06
TXN-103059,2024-05-07 11:00:00,Australia,Health & Beauty,606.19,8,0.09,603.21,4.1,5000,1,5189.66
TXN-103060,2024-05-07 12:00:00,USA,Books,740.17,4,0.01,1192.48,4.9,25000,0,4151.49
TXN-103061,2024-05-07 13:00:00,USA,Health & Beauty,335.19,14,0.19,578.42,4.6,15000,0,4502.18
TXN-103062,2024-05-07 14:00:00,Germany,Electronics,276.7,4,0.21,380.5,3.8,25000,0,1645.77
TXN-103063,2024-05-07 15:00:00,Germany,Health & Beauty,332.79,14,0.17,67.02,3.0,2500,0,3999.18
TXN-103064,2024-05-07 16:00:00,Germany,Home & Kitchen,30.49,2,0.2,1285.07,2.5,5000,0,736.28
TXN-103065,2024-05-07 17:00:00,USA,Electronics,620.13,4,0.16,1213.28,5.0,5000,1,3148.31
TXN-103066,2024-05-07 18:00:00,USA,Apparel,307.06,4,0.21,287.98,4.8,10000,0,1506.65
TXN-103067,2024-05-07 19:00:00,Australia,Health & Beauty,276.63,6,0.01,64.73,3.2,25000,1,2617.56
TXN-103068,2024-05-07 20:00:00,USA,Health & Beauty,514.45,3,0.11,710.95,4.1,5000,0,1971.25
TXN-103069,2024-05-07 21:00:00,Germany,Books,379.27,2,0.06,834.34,4.3,25000,1,1951.38
TXN-103070,2024-05-07 22:00:00,France,Electronics,834.0,8,0.03,440.95,3.9,2500,0,6852.46
TXN-103071,2024-05-07 23:00:00,Germany,Automotive,312.47,2,0.07,307.81,4.6,15000,0,1178.57
TXN-103072,2024-05-08 00:00:00,USA,Health & Beauty,527.6,8,0.06,1002.35,2.7,15000,0,4787.22
TXN-103073,2024-05-08 01:00:00,USA,Home & Kitchen,275.23,7,0.29,156.92,4.7,10000,0,1819.71
TXN-103074,2024-05-08 02:00:00,Germany,Health & Beauty,842.15,3,0.09,339.51,3.5,10000,1,3130.52
TXN-103075,2024-05-08 03:00:00,Canada,Books,386.67,6,0.07,62.4,3.7,5000,0,2506.1
TXN-103076,2024-05-08 04:00:00,Japan,Apparel,544.5,6,0.25,139.57,3.6,5000,0,2902.79
TXN-103077,2024-05-08 05:00:00,USA,Books,120.81,10,0.13,1463.68,3.8,5000,0,1909.25
TXN-103078,2024-05-08 06:00:00,USA,Health & Beauty,627.08,14,0.13,481.47,4.0,2500,0,7995.15
TXN-103079,2024-05-08 07:00:00,Japan,Automotive,239.79,5,0.13,868.9,4.3,10000,0,1798.06
TXN-103080,2024-05-08 08:00:00,France,Health & Beauty,389.59,13,0.12,383.25,3.8,10000,0,5093.68
TXN-103081,2024-05-08 09:00:00,Japan,Electronics,752.42,8,0.1,950.38,4.2,15000,0,6165.72
TXN-103082,2024-05-08 10:00:00,USA,Health & Beauty,825.41,11,0.09,437.12,3.3,10000,0,8816.67
TXN-103083,2024-05-08 11:00:00,Germany,Automotive,369.52,12,0.26,52.27,4.8,10000,0,3693.78
TXN-103084,2024-05-08 12:00:00,France,Electronics,712.06,5,0.05,1199.79,2.7,2500,0,4143.57
TXN-103085,2024-05-08 13:00:00,Germany,Home & Kitchen,59.55,7,0.05,130.42,3.9,5000,0,763.82
TXN-103086,2024-05-08 14:00:00,UK,Electronics,722.72,6,0.17,349.42,2.7,2500,0,3977.41
TXN-103087,2024-05-08 15:00:00,USA,Books,540.64,11,0.1,373.78,3.6,25000,0,6221.75
TXN-103088,2024-05-08 16:00:00,Germany,Apparel,423.07,7,0.13,74.19,3.1,15000,1,3523.56
TXN-103089,2024-05-08 17:00:00,USA,Books,758.12,13,0.24,77.27,4.8,15000,1,8433.74
TXN-103090,2024-05-08 18:00:00,UK,Electronics,720.86,9,0.27,768.9,2.5,15000,0,5560.59
TXN-103091,2024-05-08 19:00:00,Australia,Home & Kitchen,262.95,3,0.24,228.66,3.5,5000,0,921.1
TXN-103092,2024-05-08 20:00:00,UK,Health & Beauty,675.89,10,0.07,313.5,4.5,5000,1,6949.29
TXN-103093,2024-05-08 21:00:00,Canada,Electronics,98.07,7,0.29,465.19,3.0,5000,0,1023.67
TXN-103094,2024-05-08 22:00:00,USA,Books,702.01,13,0.11,283.71,4.5,15000,0,8847.45
TXN-103095,2024-05-08 23:00:00,Germany,Electronics,579.01,10,0.05,795.91,4.6,15000,0,6297.69
TXN-103096,2024-05-09 00:00:00,Australia,Electronics,88.37,3,0.15,1129.09,4.3,15000,1,1317.01
TXN-103097,2024-05-09 01:00:00,USA,Electronics,585.37,13,0.22,,3.0,25000,1,6710.45
TXN-103098,2024-05-09 02:00:00,USA,Home & Kitchen,499.73,2,0.02,554.48,3.2,25000,0,1966.8
TXN-103099,2024-05-09 03:00:00,UK,Automotive,511.45,12,0.19,241.11,2.9,15000,1,5869.12
TXN-103100,2024-05-09 04:00:00,USA,Automotive,257.87,7,0.26,487.66,3.0,5000,1,2041.6
TXN-103101,2024-05-09 05:00:00,France,Electronics,237.53,4,0.08,380.73,2.6,5000,0,1288.35
TXN-103102,2024-05-09 06:00:00,Japan,Home & Kitchen,651.72,1,0.21,252.99,4.6,25000,1,1728.29
TXN-103103,2024-05-09 07:00:00,UK,Home & Kitchen,229.44,6,0.12,99.81,3.8,25000,1,2338.49
TXN-103104,2024-05-09 08:00:00,USA,Electronics,387.63,11,0.12,459.85,3.3,15000,0,4462.06
TXN-103105,2024-05-09 09:00:00,UK,Books,595.15,6,0.08,109.84,3.2,15000,0,3776.92
TXN-103106,2024-05-09 10:00:00,France,Books,81.48,6,0.19,134.87,3.9,5000,0,697.6
TXN-103107,2024-05-09 11:00:00,USA,Apparel,511.45,2,0.11,2063.58,3.3,10000,0,2164.97
TXN-103108,2024-05-09 12:00:00,Germany,Electronics,507.13,1,0.25,240.41,4.7,5000,1,988.07
TXN-103109,2024-05-09 13:00:00,Germany,Apparel,586.33,3,0.29,489.06,3.0,5000,0,1756.1
TXN-103110,2024-05-09 14:00:00,Germany,Books,323.89,12,0.28,208.89,4.7,15000,0,3393.4
TXN-103111,2024-05-09 15:00:00,USA,Books,389.9,14,0.05,1053.13,4.2,10000,1,6233.01
TXN-103112,2024-05-09 16:00:00,France,Electronics,290.52,2,0.0,216.58,4.9,10000,1,1439.34
TXN-103113,2024-05-09 17:00:00,USA,Apparel,689.82,6,0.13,278.55,2.5,15000,0,4182.94
TXN-103114,2024-05-09 18:00:00,USA,Apparel,124.06,13,0.22,518.74,2.6,2500,1,1929.02
TXN-103115,2024-05-09 19:00:00,Canada,Electronics,819.07,12,0.29,1070.06,3.8,15000,0,7918.15
TXN-103116,2024-05-09 20:00:00,France,Apparel,545.09,6,0.24,896.99,4.8,25000,0,3641.83
TXN-103117,2024-05-09 21:00:00,USA,Health & Beauty,755.57,13,0.17,203.17,4.3,10000,0,8609.66
TXN-103118,2024-05-09 22:00:00,USA,Books,370.9,5,0.01,934.67,4.1,15000,0,2962.59
TXN-103119,2024-05-09 23:00:00,USA,Automotive,292.45,10,0.25,653.98,2.6,5000,0,2887.27
TXN-103120,2024-05-10 00:00:00,USA,Home & Kitchen,767.11,10,0.05,2344.08,3.4,5000,0,8530.0
TXN-103121,2024-05-10 01:00:00,USA,Apparel,97.56,5,0.02,1420.14,3.4,5000,0,1349.33
TXN-103122,2024-05-10 02:00:00,USA,Apparel,112.78,9,0.26,430.86,3.9,15000,1,1598.61
TXN-103123,2024-05-10 03:00:00,UK,Home & Kitchen,264.95,14,0.17,743.0,3.1,2500,0,3452.52
TXN-103124,2024-05-10 04:00:00,France,Apparel,816.41,5,0.04,472.19,3.2,25000,0,4911.8
TXN-103125,2024-05-10 05:00:00,Germany,Home & Kitchen,543.61,13,0.12,501.93,,5000,1,6967.29
TXN-103126,2024-05-10 06:00:00,Germany,Electronics,477.75,10,0.03,103.51,4.9,15000,0,5113.72
TXN-103127,2024-05-10 07:00:00,USA,Health & Beauty,603.97,6,0.19,51.12,4.2,2500,0,3058.66
TXN-103128,2024-05-10 08:00:00,Australia,Health & Beauty,363.59,11,0.08,74.69,4.2,10000,0,4119.97
TXN-103129,2024-05-10 09:00:00,Canada,Books,647.99,4,0.26,1750.06,,10000,1,3409.24
TXN-103130,2024-05-10 10:00:00,Canada,Automotive,343.35,10,0.11,117.49,2.9,25000,1,4022.11
TXN-103131,2024-05-10 11:00:00,Canada,Apparel,705.01,14,0.15,72.7,2.6,15000,0,8924.95
TXN-103132,2024-05-10 12:00:00,Japan,Automotive,238.19,14,0.02,235.27,4.4,15000,0,3943.54
TXN-103133,2024-05-10 13:00:00,UK,Electronics,246.75,1,0.08,493.58,3.6,5000,0,608.13
TXN-103134,2024-05-10 14:00:00,USA,Health & Beauty,451.19,4,0.2,1532.7,3.6,2500,1,2508.44
TXN-103135,2024-05-10 15:00:00,Germany,Electronics,374.69,2,0.22,651.8,3.1,25000,0,1595.3
TXN-103136,2024-05-10 16:00:00,France,Electronics,556.18,10,0.07,211.73,3.8,2500,0,5439.33
TXN-103137,2024-05-10 17:00:00,France,Apparel,319.18,3,0.15,1448.92,3.6,25000,0,2010.61
TXN-103138,2024-05-10 18:00:00,UK,Electronics,207.51,7,0.25,68.35,3.4,15000,0,1463.29
TXN-103139,2024-05-10 19:00:00,USA,Health & Beauty,407.29,7,0.11,1982.9,3.6,15000,1,4216.68
TXN-103140,2024-05-10 20:00:00,UK,Automotive,483.4,1,0.04,80.22,3.5,25000,0,1231.21
TXN-103141,2024-05-10 21:00:00,Japan,Health & Beauty,134.07,8,0.13,750.91,4.8,2500,1,1797.29
TXN-103142,2024-05-10 22:00:00,Germany,Apparel,479.86,7,0.18,73.18,5.0,10000,0,3136.91
TXN-103143,2024-05-10 23:00:00,UK,Health & Beauty,281.58,1,0.0,1390.91,4.6,10000,0,1309.45
TXN-103144,2024-05-11 00:00:00,USA,Home & Kitchen,342.7,8,0.1,107.52,5.0,5000,0,2828.05
TXN-103145,2024-05-11 01:00:00,UK,Automotive,248.23,14,0.18,75.9,3.2,5000,0,3092.6
TXN-103146,2024-05-11 02:00:00,Japan,Home & Kitchen,792.73,14,0.29,1150.31,4.6,2500,0,8709.09
TXN-103147,2024-05-11 03:00:00,Germany,Home & Kitchen,585.59,2,0.12,100.35,3.5,15000,0,1494.9
TXN-103148,2024-05-11 04:00:00,France,Books,234.15,8,0.05,849.57,4.4,2500,0,2453.06
TXN-103149,2024-05-11 05:00:00,UK,Apparel,553.6,3,0.16,737.25,3.0,25000,1,2638.54
TXN-103150,2024-05-11 06:00:00,Germany,Electronics,723.56,10,0.09,506.74,4.5,10000,0,7099.61
TXN-103151,2024-05-11 07:00:00,USA,Home & Kitchen,350.36,7,0.06,287.38,2.7,5000,0,2815.66
TXN-103152,2024-05-11 08:00:00,France,Health & Beauty,708.01,13,0.18,1285.98,3.2,2500,0,8366.23
TXN-103153,2024-05-11 09:00:00,UK,Electronics,143.94,6,0.27,1074.29,4.6,2500,1,1493.47
TXN-103154,2024-05-11 10:00:00,UK,Health & Beauty,702.02,5,0.25,327.78,4.4,25000,0,3363.13
TXN-103155,2024-05-11 11:00:00,Germany,Health & Beauty,466.15,11,0.05,181.8,3.8,15000,0,5550.81
TXN-103156,2024-05-11 12:00:00,Japan,Electronics,201.18,10,0.23,209.12,4.2,15000,0,2146.57
TXN-103157,2024-05-11 13:00:00,USA,Electronics,354.96,14,0.07,174.44,3.0,10000,0,5079.94
TXN-103158,2024-05-11 14:00:00,Canada,Health & Beauty,839.97,11,0.09,439.63,4.2,5000,0,8925.96
TXN-103159,2024-05-11 15:00:00,USA,Apparel,669.27,2,0.28,,2.5,15000,0,1942.27
TXN-103160,2024-05-11 16:00:00,UK,Automotive,495.2,2,0.27,792.75,4.6,15000,0,1677.28
TXN-103161,2024-05-11 17:00:00,USA,Books,111.16,13,0.05,843.62,3.8,15000,0,2153.25
TXN-103162,2024-05-11 18:00:00,USA,Automotive,363.87,12,0.02,347.36,4.9,2500,0,4746.18
TXN-103163,2024-05-11 19:00:00,UK,Apparel,234.65,1,0.09,244.63,3.7,15000,1,927.72
TXN-103164,2024-05-11 20:00:00,USA,Books,74.29,14,0.17,758.08,3.6,25000,0,1779.35
TXN-103165,2024-05-11 21:00:00,UK,Electronics,467.74,9,0.26,838.24,3.6,10000,0,3830.09
TXN-103166,2024-05-11 22:00:00,Japan,Books,757.47,11,0.04,644.3,3.4,15000,0,8605.78
TXN-103167,2024-05-11 23:00:00,USA,Health & Beauty,579.13,8,0.12,66.32,2.9,5000,1,4525.21
TXN-103168,2024-05-12 00:00:00,France,Automotive,223.48,8,0.08,495.41,4.6,2500,0,1950.96
TXN-103169,2024-05-12 01:00:00,UK,Books,493.94,1,0.0,263.12,3.5,25000,0,1268.24
TXN-103170,2024-05-12 02:00:00,Germany,Health & Beauty,802.6,5,0.24,159.2,3.8,10000,1,3873.93
TXN-103171,2024-05-12 03:00:00,USA,Apparel,618.63,12,0.24,642.73,2.5,2500,1,6346.2
TXN-103172,2024-05-12 04:00:00,USA,Books,590.71,6,0.07,206.35,2.7,25000,1,4263.31
TXN-103173,2024-05-12 05:00:00,USA,Health & Beauty,823.41,2,0.05,1270.01,4.0,2500,1,2587.23
TXN-103174,2024-05-12 06:00:00,USA,Apparel,682.06,10,0.04,226.97,4.7,10000,1,7389.56
TXN-103175,2024-05-12 07:00:00,USA,Electronics,129.08,5,0.14,455.04,3.7,10000,0,1122.17
TXN-103176,2024-05-12 08:00:00,Germany,Apparel,305.28,6,0.07,929.44,2.9,15000,0,2464.26
TXN-103177,2024-05-12 09:00:00,Japan,Apparel,820.89,9,0.15,307.18,2.8,5000,1,6907.61
TXN-103178,2024-05-12 10:00:00,Canada,Automotive,423.9,10,0.12,932.05,4.7,15000,1,5035.44
TXN-103179,2024-05-12 11:00:00,Germany,Health & Beauty,108.22,1,0.06,693.13,4.3,2500,0,542.94
TXN-103180,2024-05-12 12:00:00,USA,Books,397.94,13,0.23,1318.31,4.9,15000,0,5021.84
TXN-103181,2024-05-12 13:00:00,USA,Automotive,596.99,10,0.05,247.14,2.7,10000,0,6095.76
TXN-103182,2024-05-12 14:00:00,USA,Home & Kitchen,847.95,3,0.24,105.48,4.8,10000,1,2618.75
TXN-103183,2024-05-12 15:00:00,USA,Apparel,285.46,12,0.17,331.37,4.6,10000,0,3432.9
TXN-103184,2024-05-12 16:00:00,UK,Home & Kitchen,444.26,9,0.25,820.45,4.7,15000,0,3800.82
TXN-103185,2024-05-12 17:00:00,UK,Automotive,749.53,14,0.0,,2.5,25000,0,11220.73
TXN-103186,2024-05-12 18:00:00,UK,Health & Beauty,311.65,1,0.22,201.9,4.4,15000,1,1086.14
TXN-103187,2024-05-12 19:00:00,UK,Automotive,106.23,1,0.02,64.0,3.9,15000,0,615.34
TXN-103188,2024-05-12 20:00:00,Canada,Health & Beauty,807.36,1,0.29,237.73,3.9,15000,0,1363.97
TXN-103189,2024-05-12 21:00:00,France,Health & Beauty,422.85,7,0.21,674.8,3.7,15000,0,3171.18
TXN-103190,2024-05-12 22:00:00,USA,Electronics,434.82,13,0.1,129.86,4.4,10000,0,5420.59
TXN-103191,2024-05-12 23:00:00,Japan,Apparel,533.7,5,0.1,258.42,5.0,5000,0,2761.71
TXN-103192,2024-05-13 00:00:00,Australia,Automotive,17.95,6,0.26,60.22,4.3,15000,0,491.37
TXN-103193,2024-05-13 01:00:00,USA,Health & Beauty,792.49,13,0.27,689.63,4.2,15000,0,8449.18
TXN-103194,2024-05-13 02:00:00,UK,,316.81,14,0.27,1112.99,4.1,5000,0,3937.61
TXN-103195,2024-05-13 03:00:00,UK,Automotive,346.44,8,0.24,470.28,4.2,15000,0,2853.97
TXN-103196,2024-05-13 04:00:00,Japan,Health & Beauty,160.38,14,0.25,63.11,3.4,5000,0,2004.36
TXN-103197,2024-05-13 05:00:00,Canada,Books,330.76,13,0.17,172.71,3.3,10000,1,4127.86
TXN-103198,2024-05-13 06:00:00,USA,Home & Kitchen,686.29,2,0.01,338.54,4.5,25000,0,2180.19
TXN-103199,2024-05-13 07:00:00,UK,Apparel,682.99,13,0.03,492.86,2.6,15000,0,9230.14
TXN-103200,2024-05-13 08:00:00,Germany,Apparel,796.39,2,0.19,392.86,4.4,25000,0,2038.46
TXN-103201,2024-05-13 09:00:00,UK,Books,351.7,3,0.12,1287.67,4.5,15000,0,2153.24
TXN-103202,2024-05-13 10:00:00,USA,Electronics,606.78,13,0.17,1445.47,3.8,2500,0,7432.25
TXN-103203,2024-05-13 11:00:00,Canada,Books,438.54,3,0.07,106.67,4.8,2500,0,1664.98
TXN-103204,2024-05-13 12:00:00,Germany,Electronics,686.36,13,0.19,124.48,3.7,10000,0,7826.53
TXN-103205,2024-05-13 13:00:00,Canada,Electronics,609.97,3,0.07,271.63,2.9,25000,0,2467.32
TXN-103206,2024-05-13 14:00:00,Canada,Books,322.2,4,0.14,323.43,3.4,25000,0,1936.8
TXN-103207,2024-05-13 15:00:00,France,Apparel,296.12,3,0.14,491.03,4.8,5000,1,1487.93
TXN-103208,2024-05-13 16:00:00,UK,Home & Kitchen,225.79,2,0.05,791.75,5.0,5000,0,1216.98
TXN-103209,2024-05-13 17:00:00,Germany,Apparel,496.39,9,0.26,122.96,3.6,15000,0,3819.46
TXN-103210,2024-05-13 18:00:00,USA,Apparel,819.81,6,0.16,861.36,2.9,5000,0,4716.08
TXN-103211,2024-05-13 19:00:00,Germany,Apparel,182.06,3,0.26,520.84,3.2,5000,0,821.14
TXN-103212,2024-05-13 20:00:00,USA,Books,94.54,9,0.08,2028.63,3.9,25000,0,2377.04
TXN-103213,2024-05-13 21:00:00,Germany,Books,114.7,4,0.05,576.58,3.9,2500,0,970.54
TXN-103214,2024-05-13 22:00:00,USA,Books,668.89,4,0.01,679.55,4.1,25000,1,3905.39
TXN-103215,2024-05-13 23:00:00,USA,Apparel,307.34,8,0.03,158.59,4.6,5000,0,2800.32
TXN-103216,2024-05-14 00:00:00,USA,Home & Kitchen,202.35,7,0.04,782.37,4.3,15000,0,2188.11
TXN-103217,2024-05-14 01:00:00,USA,Electronics,309.62,7,0.02,91.29,3.2,2500,0,2399.46
TXN-103218,2024-05-14 02:00:00,France,Automotive,553.85,10,0.27,584.33,3.5,5000,0,4601.48
TXN-103219,2024-05-14 03:00:00,France,Electronics,471.57,7,0.27,78.59,4.6,5000,0,2849.27
TXN-103220,2024-05-14 04:00:00,UK,,635.9,10,0.28,111.21,4.1,15000,0,5177.53
TXN-103221,2024-05-14 05:00:00,USA,Automotive,298.13,11,0.29,107.07,2.9,15000,0,2819.45
TXN-103222,2024-05-14 06:00:00,USA,Apparel,392.44,5,0.15,76.96,3.3,5000,1,2234.18
TXN-103223,2024-05-14 07:00:00,USA,Home & Kitchen,100.14,7,0.16,243.67,4.5,5000,0,908.87
TXN-103224,2024-05-14 08:00:00,USA,Home & Kitchen,76.0,4,0.04,2638.27,2.9,25000,0,2211.79
TXN-103225,2024-05-14 09:00:00,Japan,Electronics,400.98,8,0.04,264.03,4.2,10000,0,3567.38
TXN-103226,2024-05-14 10:00:00,USA,Automotive,266.83,9,0.23,765.18,3.9,15000,0,2658.99
TXN-103227,2024-05-14 11:00:00,UK,Health & Beauty,526.69,13,0.26,120.96,2.9,15000,0,5513.42
TXN-103228,2024-05-14 12:00:00,USA,Apparel,50.91,12,0.24,,4.2,25000,1,1491.22
TXN-103229,2024-05-14 13:00:00,USA,Electronics,116.67,3,0.25,152.35,2.9,2500,0,446.16
TXN-103230,2024-05-14 14:00:00,UK,Home & Kitchen,737.43,7,0.08,156.66,3.5,2500,0,4940.84
TXN-103231,2024-05-14 15:00:00,Germany,Books,487.87,12,0.14,102.51,3.3,2500,0,5260.29
TXN-103232,2024-05-14 16:00:00,USA,Books,609.57,10,0.14,332.86,4.2,15000,0,5947.76
TXN-103233,2024-05-14 17:00:00,USA,Automotive,718.05,9,0.3,89.27,4.5,10000,0,4964.57
TXN-103234,2024-05-14 18:00:00,UK,Automotive,402.3,1,0.28,1252.93,2.9,10000,0,1237.05
TXN-103235,2024-05-14 19:00:00,USA,Electronics,650.49,2,0.18,347.01,4.5,25000,0,1963.95
TXN-103236,2024-05-14 20:00:00,USA,Health & Beauty,453.03,7,0.04,961.83,2.5,2500,0,3603.81
TXN-103237,2024-05-14 21:00:00,Australia,Home & Kitchen,201.0,13,0.08,1992.8,3.8,2500,0,3620.77
TXN-103238,2024-05-14 22:00:00,Germany,Electronics,296.94,2,0.11,616.26,3.8,5000,1,1406.81
TXN-103239,2024-05-14 23:00:00,Germany,Health & Beauty,424.44,7,0.26,1208.9,4.1,25000,0,3492.8
TXN-103240,2024-05-15 00:00:00,UK,Automotive,279.6,1,0.05,122.73,3.1,25000,1,1243.62
TXN-103241,2024-05-15 01:00:00,UK,Books,295.17,3,0.07,935.96,2.5,15000,0,1630.02
TXN-103242,2024-05-15 02:00:00,UK,Apparel,296.72,5,0.1,208.19,3.6,15000,0,1863.57
TXN-103243,2024-05-15 03:00:00,Germany,Books,117.57,14,0.28,369.9,2.7,25000,0,1970.67
TXN-103244,2024-05-15 04:00:00,France,Home & Kitchen,85.68,12,0.15,570.05,4.7,10000,1,1902.19
TXN-103245,2024-05-15 05:00:00,USA,Home & Kitchen,53.82,14,0.19,1219.33,2.9,25000,1,2128.94
TXN-103246,2024-05-15 06:00:00,UK,Books,107.65,11,0.12,1259.52,3.6,10000,0,1855.43
TXN-103247,2024-05-15 07:00:00,UK,Books,302.0,6,0.06,98.31,3.6,15000,1,2480.29
TXN-103248,2024-05-15 08:00:00,Canada,Health & Beauty,510.88,13,0.07,276.72,3.9,25000,0,6777.59
TXN-103249,2024-05-15 09:00:00,Germany,Electronics,172.1,9,0.24,837.94,4.5,10000,0,1921.43
TXN-103250,2024-05-15 10:00:00,UK,Automotive,756.49,9,0.27,657.28,3.7,5000,0,5478.24
TXN-103251,2024-05-15 11:00:00,USA,Health & Beauty,690.0,3,0.15,63.35,2.6,5000,0,2049.49
TXN-103252,2024-05-15 12:00:00,Germany,Apparel,449.64,14,0.11,348.82,4.4,25000,0,6370.44
TXN-103253,2024-05-15 13:00:00,USA,Books,619.72,8,0.24,933.79,2.7,2500,0,4237.34
TXN-103254,2024-05-15 14:00:00,USA,Apparel,320.88,13,0.2,719.1,4.1,25000,0,4305.34
TXN-103255,2024-05-15 15:00:00,USA,,45.71,4,0.01,315.39,4.5,15000,0,824.81
TXN-103256,2024-05-15 16:00:00,Germany,,770.12,7,0.11,714.32,3.2,15000,0,5424.18
TXN-103257,2024-05-15 17:00:00,USA,Automotive,121.71,6,0.2,450.6,3.6,5000,0,1140.0
TXN-103258,2024-05-15 18:00:00,UK,Home & Kitchen,806.53,8,0.17,1268.8,2.5,10000,0,6222.71
TXN-103259,2024-05-15 19:00:00,Japan,Electronics,492.52,6,0.29,492.31,4.5,5000,0,2624.2
TXN-103260,2024-05-15 20:00:00,USA,Home & Kitchen,270.15,4,0.26,306.03,4.3,10000,1,1669.07
TXN-103261,2024-05-15 21:00:00,UK,Automotive,428.76,2,0.02,1043.6,3.1,25000,1,2140.86
TXN-103262,2024-05-15 22:00:00,UK,Home & Kitchen,433.86,7,0.22,75.58,3.5,2500,0,2728.89
TXN-103263,2024-05-15 23:00:00,USA,Books,34.44,11,0.1,1203.85,4.2,15000,0,1372.13
TXN-103264,2024-05-16 00:00:00,France,Books,311.81,13,0.2,645.93,3.4,25000,0,4249.85
TXN-103265,2024-05-16 01:00:00,USA,Health & Beauty,632.79,11,0.19,1461.78,2.9,5000,0,6561.98
TXN-103266,2024-05-16 02:00:00,UK,Apparel,440.91,4,0.15,194.18,3.8,25000,0,2312.43
TXN-103267,2024-05-16 03:00:00,Germany,Automotive,218.93,13,0.26,643.59,4.3,2500,1,2895.3
TXN-103268,2024-05-16 04:00:00,Germany,Automotive,294.82,9,0.21,878.96,3.3,10000,1,3052.75
TXN-103269,2024-05-16 05:00:00,Germany,Home & Kitchen,735.65,9,0.27,655.5,2.8,2500,0,5459.3
TXN-103270,2024-05-16 06:00:00,USA,Health & Beauty,453.83,7,0.08,168.07,4.6,5000,0,3303.69
TXN-103271,2024-05-16 07:00:00,USA,Home & Kitchen,456.17,5,0.1,211.2,3.1,2500,0,2249.49
TXN-103272,2024-05-16 08:00:00,France,Home & Kitchen,817.83,3,0.19,468.21,3.8,15000,0,2786.53
TXN-103273,2024-05-16 09:00:00,UK,Automotive,282.94,3,0.29,345.97,4.2,2500,0,972.49
TXN-103274,2024-05-16 10:00:00,Canada,Home & Kitchen,415.42,9,0.11,714.23,3.3,25000,0,4159.56
TXN-103275,2024-05-16 11:00:00,Canada,Apparel,692.78,9,0.01,287.95,4.1,10000,0,6620.81
TXN-103276,2024-05-16 12:00:00,Canada,Home & Kitchen,648.69,12,0.13,1031.2,3.6,15000,0,7541.72
TXN-103277,2024-05-16 13:00:00,UK,Apparel,236.94,13,0.16,332.75,3.9,15000,0,3150.36
TXN-103278,2024-05-16 14:00:00,USA,Automotive,141.16,11,0.24,70.43,4.0,15000,0,1832.44
TXN-103279,2024-05-16 15:00:00,France,Health & Beauty,600.09,4,0.22,58.76,4.6,5000,0,2242.44
TXN-103280,2024-05-16 16:00:00,UK,Books,230.14,11,0.29,570.28,4.1,5000,0,2338.14
TXN-103281,2024-05-16 17:00:00,USA,Apparel,785.43,1,0.23,438.87,3.2,25000,0,1400.08
TXN-103282,2024-05-16 18:00:00,Canada,Health & Beauty,122.92,13,0.09,441.26,2.6,10000,0,1958.66
TXN-103283,2024-05-16 19:00:00,Japan,Health & Beauty,280.79,10,0.19,830.35,2.5,2500,0,2899.74
TXN-103284,2024-05-16 20:00:00,UK,Apparel,60.75,5,0.2,285.58,4.8,25000,0,941.29
TXN-103285,2024-05-16 21:00:00,USA,Automotive,602.26,14,0.3,2745.98,4.9,5000,0,7693.49
TXN-103286,2024-05-16 22:00:00,UK,Electronics,759.2,8,0.04,1505.05,2.7,25000,1,7308.82
TXN-103287,2024-05-16 23:00:00,Canada,Health & Beauty,545.96,10,0.06,56.52,3.7,10000,0,5504.0
TXN-103288,2024-05-17 00:00:00,Japan,Health & Beauty,798.02,4,0.05,1180.45,2.9,25000,1,4431.4
TXN-103289,2024-05-17 01:00:00,USA,Automotive,122.3,10,0.18,620.58,4.9,15000,0,1787.74
TXN-103290,2024-05-17 02:00:00,USA,Automotive,88.26,10,0.04,398.67,3.1,2500,0,1162.45
TXN-103291,2024-05-17 03:00:00,Canada,Home & Kitchen,715.07,4,0.2,487.03,3.8,5000,0,2848.37
TXN-103292,2024-05-17 04:00:00,UK,Automotive,729.35,13,0.24,972.13,2.9,5000,0,7965.21
TXN-103293,2024-05-17 05:00:00,UK,Health & Beauty,708.92,12,0.13,1558.35,,10000,0,8527.31
TXN-103294,2024-05-17 06:00:00,Australia,Apparel,682.14,14,0.17,460.87,3.2,10000,0,8484.99
TXN-103295,2024-05-17 07:00:00,USA,Electronics,317.46,9,0.27,,3.7,10000,0,2472.57
TXN-103296,2024-05-17 08:00:00,Germany,Home & Kitchen,196.58,9,0.17,560.48,3.5,5000,0,1963.32
TXN-103297,2024-05-17 09:00:00,USA,Apparel,790.55,7,0.06,89.64,3.3,15000,0,5683.74
TXN-103298,2024-05-17 10:00:00,UK,Electronics,271.35,10,0.1,554.12,2.8,2500,0,2789.07
TXN-103299,2024-05-17 11:00:00,Canada,Electronics,347.67,8,0.16,876.73,3.7,10000,0,3111.62
TXN-103300,2024-05-17 12:00:00,UK,Electronics,599.13,12,0.05,267.96,4.6,5000,0,7401.63
TXN-103301,2024-05-17 13:00:00,Australia,Books,259.95,12,0.18,86.92,4.3,15000,0,3076.94
TXN-103302,2024-05-17 14:00:00,Germany,Apparel,698.97,4,0.3,639.19,4.3,10000,0,2678.25
TXN-103303,2024-05-17 15:00:00,USA,Home & Kitchen,73.48,8,0.2,257.25,3.4,10000,0,886.48
TXN-103304,2024-05-17 16:00:00,USA,Home & Kitchen,675.64,14,0.11,193.24,4.3,2500,1,9069.79
TXN-103305,2024-05-17 17:00:00,UK,Electronics,517.55,6,0.1,634.27,3.7,2500,0,3244.07
TXN-103306,2024-05-17 18:00:00,UK,Apparel,493.45,13,0.28,1796.43,2.9,25000,0,6024.53
TXN-103307,2024-05-17 19:00:00,USA,Books,397.74,3,0.26,733.88,3.5,10000,0,1612.12
TXN-103308,2024-05-17 20:00:00,UK,Electronics,246.33,7,0.14,388.0,2.8,25000,0,2204.25
TXN-103309,2024-05-17 21:00:00,UK,Automotive,402.5,3,0.11,508.78,2.8,5000,1,1814.23
TXN-103310,2024-05-17 22:00:00,France,Home & Kitchen,390.77,11,0.21,126.74,2.6,2500,0,3703.91
TXN-103311,2024-05-17 23:00:00,Germany,Health & Beauty,502.43,7,0.09,888.89,3.2,15000,1,4307.51
TXN-103312,2024-05-18 00:00:00,France,Electronics,250.11,5,0.04,513.54,3.3,10000,0,1849.62
TXN-103313,2024-05-18 01:00:00,USA,Automotive,79.79,4,0.09,1738.21,4.2,10000,0,1358.3
TXN-103314,2024-05-18 02:00:00,USA,Home & Kitchen,136.15,3,0.13,1993.26,3.8,25000,0,1959.17
TXN-103315,2024-05-18 03:00:00,Germany,Books,598.81,8,0.08,268.93,4.6,2500,1,4998.77
TXN-103316,2024-05-18 04:00:00,UK,Apparel,33.78,4,0.07,2284.71,2.9,25000,1,2065.11
TXN-103317,2024-05-18 05:00:00,USA,Home & Kitchen,730.13,8,0.0,1621.35,3.2,10000,0,7041.19
TXN-103318,2024-05-18 06:00:00,Canada,Apparel,594.82,10,0.19,560.59,,2500,0,5102.01
TXN-103319,2024-05-18 07:00:00,France,Apparel,656.35,3,0.18,252.83,3.6,10000,0,2040.74
TXN-103320,2024-05-18 08:00:00,UK,Books,713.05,10,0.06,749.87,4.5,2500,0,7109.34
TXN-103321,2024-05-18 09:00:00,USA,Books,117.46,13,0.28,208.2,3.7,10000,0,1461.13
TXN-103322,2024-05-18 10:00:00,France,Electronics,701.75,9,0.12,546.92,3.7,15000,0,6232.45
TXN-103323,2024-05-18 11:00:00,Germany,Electronics,436.38,6,0.01,62.44,2.9,25000,0,3319.49
TXN-103324,2024-05-18 12:00:00,France,Home & Kitchen,754.41,5,0.07,545.21,4.6,2500,0,4074.98
TXN-103325,2024-05-18 13:00:00,France,Books,755.3,5,0.21,1564.21,2.7,25000,1,4621.14
TXN-103326,2024-05-18 14:00:00,Canada,Automotive,35.19,13,0.06,184.03,3.3,2500,1,1006.15
TXN-103327,2024-05-18 15:00:00,UK,Home & Kitchen,334.69,3,0.02,802.94,4.2,2500,0,1477.03
TXN-103328,2024-05-18 16:00:00,USA,Health & Beauty,454.54,2,0.19,223.66,3.8,2500,1,1372.17
TXN-103329,2024-05-18 17:00:00,Germany,Apparel,581.43,6,0.16,665.24,4.7,10000,0,3587.04
TXN-103330,2024-05-18 18:00:00,Germany,Apparel,253.97,11,0.23,651.94,2.6,5000,1,2947.33
TXN-103331,2024-05-18 19:00:00,France,Electronics,225.54,1,0.23,152.12,4.1,10000,0,553.18
TXN-103332,2024-05-18 20:00:00,USA,Automotive,333.36,14,0.29,504.57,3.7,5000,0,3792.72
TXN-103333,2024-05-18 21:00:00,USA,Books,433.28,7,0.02,1030.1,2.9,10000,0,3760.93
TXN-103334,2024-05-18 22:00:00,Japan,Books,809.21,5,0.01,291.06,4.4,5000,1,4712.21
TXN-103335,2024-05-18 23:00:00,France,Electronics,651.36,4,0.3,669.41,3.5,2500,1,2515.4
TXN-103336,2024-05-19 00:00:00,Japan,,373.48,9,0.19,611.09,3.8,2500,0,3271.59
TXN-103337,2024-05-19 01:00:00,France,Home & Kitchen,60.4,10,0.21,198.88,4.9,5000,0,782.11
TXN-103338,2024-05-19 02:00:00,Germany,Home & Kitchen,155.71,1,0.03,1304.46,3.7,5000,0,1140.59
TXN-103339,2024-05-19 03:00:00,Germany,Automotive,395.7,11,0.02,464.5,4.6,25000,0,5121.54
TXN-103340,2024-05-19 04:00:00,Japan,Electronics,694.54,4,0.05,269.48,4.4,2500,0,2851.91
TXN-103341,2024-05-19 05:00:00,Germany,Electronics,332.88,3,0.13,139.78,4.2,10000,0,1314.95
TXN-103342,2024-05-19 06:00:00,Germany,Health & Beauty,464.64,6,0.03,370.71,4.7,25000,0,3549.57
TXN-103343,2024-05-19 07:00:00,USA,Home & Kitchen,759.66,5,0.13,704.88,3.1,5000,0,3787.77
TXN-103344,2024-05-19 08:00:00,UK,Electronics,778.02,7,0.17,538.6,4.6,10000,0,5277.32
TXN-103345,2024-05-19 09:00:00,France,Books,195.17,13,0.0,699.24,3.4,15000,1,3615.26
TXN-103346,2024-05-19 10:00:00,USA,Automotive,51.4,1,0.03,834.53,4.5,15000,0,964.86
TXN-103347,2024-05-19 11:00:00,USA,Home & Kitchen,270.02,13,0.11,340.81,3.7,15000,0,3667.56
TXN-103348,2024-05-19 12:00:00,USA,Health & Beauty,595.99,5,0.02,417.16,4.6,10000,1,3722.67
TXN-103349,2024-05-19 13:00:00,USA,Automotive,809.18,14,0.04,2199.66,4.7,5000,0,12127.84
TXN-103350,2024-05-19 14:00:00,USA,Apparel,79.32,2,0.07,1771.81,4.0,10000,0,1178.7
TXN-103351,2024-05-19 15:00:00,UK,Books,38.78,2,0.13,317.92,3.8,25000,0,903.25
TXN-103352,2024-05-19 16:00:00,Japan,Health & Beauty,753.26,11,0.21,627.88,4.5,25000,0,7558.44
TXN-103353,2024-05-19 17:00:00,UK,Automotive,639.7,11,0.04,205.71,3.2,15000,0,7301.57
TXN-103354,2024-05-19 18:00:00,USA,Electronics,843.53,2,0.22,132.85,2.5,5000,1,1856.39
TXN-103355,2024-05-19 19:00:00,USA,Apparel,346.32,9,0.26,781.37,3.5,25000,0,3224.98
TXN-103356,2024-05-19 20:00:00,Germany,Health & Beauty,362.4,10,0.2,336.51,3.8,2500,0,3200.07
TXN-103357,2024-05-19 21:00:00,UK,Electronics,158.88,3,0.01,147.43,,2500,0,706.9
TXN-103358,2024-05-19 22:00:00,Canada,Books,111.73,4,0.13,761.16,3.5,15000,0,1299.59
TXN-103359,2024-05-19 23:00:00,Germany,Apparel,498.23,5,0.2,1283.56,2.8,15000,0,3089.53
TXN-103360,2024-05-20 00:00:00,France,Home & Kitchen,319.18,14,0.29,1403.58,3.2,15000,0,4289.62
TXN-103361,2024-05-20 01:00:00,USA,Electronics,82.06,4,0.29,503.58,3.1,25000,1,1510.35
TXN-103362,2024-05-20 02:00:00,Germany,Automotive,755.63,4,0.12,376.62,3.3,5000,0,3118.58
TXN-103363,2024-05-20 03:00:00,USA,Health & Beauty,180.63,5,0.18,126.5,3.2,15000,0,1292.38
TXN-103364,2024-05-20 04:00:00,Japan,Apparel,640.07,10,0.27,837.01,3.9,10000,0,5543.05
TXN-103365,2024-05-20 05:00:00,Germany,Electronics,250.66,9,0.25,1503.16,3.1,15000,0,2863.53
TXN-103366,2024-05-20 06:00:00,USA,Home & Kitchen,693.78,12,0.14,1151.19,,25000,0,8530.23
TXN-103367,2024-05-20 07:00:00,USA,Health & Beauty,113.86,9,0.08,746.73,3.8,5000,0,1552.07
TXN-103368,2024-05-20 08:00:00,USA,Health & Beauty,646.32,14,0.04,52.29,2.8,15000,1,9334.85
TXN-103369,2024-05-20 09:00:00,Germany,Electronics,96.93,14,0.15,311.91,3.2,2500,0,1480.2
TXN-103370,2024-05-20 10:00:00,USA,Home & Kitchen,388.17,6,0.22,314.42,4.3,15000,0,2470.64
TXN-103371,2024-05-20 11:00:00,Germany,Books,627.89,11,0.29,1173.9,2.5,15000,0,5772.19
TXN-103372,2024-05-20 12:00:00,USA,Books,159.64,12,0.26,83.95,4.8,5000,0,1714.39
TXN-103373,2024-05-20 13:00:00,Germany,Apparel,253.53,14,0.06,428.81,3.6,10000,0,3857.59
TXN-103374,2024-05-20 14:00:00,Canada,Electronics,737.08,3,0.22,123.17,3.8,15000,0,2163.33
TXN-103375,2024-05-20 15:00:00,France,Apparel,754.07,6,0.09,592.79,5.0,15000,1,5111.93
TXN-103376,2024-05-20 16:00:00,France,Books,52.52,10,0.21,835.72,3.8,25000,1,1770.77
TXN-103377,2024-05-20 17:00:00,USA,Health & Beauty,155.36,4,0.2,563.55,4.9,5000,0,1134.77
TXN-103378,2024-05-20 18:00:00,USA,Apparel,113.09,3,0.08,841.36,4.8,25000,0,1294.53
TXN-103379,2024-05-20 19:00:00,Germany,Home & Kitchen,165.04,6,0.07,517.6,4.9,15000,0,1699.07
TXN-103380,2024-05-20 20:00:00,UK,Automotive,825.11,11,0.03,155.26,4.5,15000,0,9370.75
TXN-103381,2024-05-20 21:00:00,UK,Books,475.63,6,0.02,291.17,3.2,2500,0,3205.82
TXN-103382,2024-05-20 22:00:00,USA,Books,405.87,2,0.26,1621.75,3.4,25000,0,1961.94
TXN-103383,2024-05-20 23:00:00,USA,Home & Kitchen,837.03,9,0.01,219.96,3.4,5000,1,7960.76
TXN-103384,2024-05-21 00:00:00,USA,Apparel,480.06,8,0.03,82.46,4.9,15000,0,4243.94
TXN-103385,2024-05-21 01:00:00,Canada,Electronics,567.03,6,0.07,292.93,3.4,2500,0,3403.06
TXN-103386,2024-05-21 02:00:00,USA,Health & Beauty,292.86,1,0.27,278.1,2.8,2500,1,584.53
TXN-103387,2024-05-21 03:00:00,Germany,Automotive,334.07,12,0.1,367.73,4.4,10000,0,4167.17
TXN-103388,2024-05-21 04:00:00,USA,Electronics,511.33,2,0.06,460.84,3.4,5000,0,1463.21
TXN-103389,2024-05-21 05:00:00,Germany,Electronics,73.27,4,0.21,2491.34,4.1,2500,1,1852.1
TXN-103390,2024-05-21 06:00:00,USA,Home & Kitchen,228.66,7,0.1,755.77,4.8,5000,0,1993.86
TXN-103391,2024-05-21 07:00:00,Japan,Apparel,179.34,9,0.1,68.28,3.9,15000,0,1850.68
TXN-103392,2024-05-21 08:00:00,Japan,Books,28.27,10,0.22,673.64,4.1,10000,0,925.58
TXN-103393,2024-05-21 09:00:00,USA,Books,463.31,5,0.08,919.29,4.1,5000,0,2965.27
TXN-103394,2024-05-21 10:00:00,Japan,Home & Kitchen,483.48,10,0.27,1179.91,4.0,10000,0,4543.96
TXN-103395,2024-05-21 11:00:00,Australia,Apparel,335.59,2,0.17,325.83,2.9,5000,0,910.71
TXN-103396,2024-05-21 12:00:00,Canada,,239.39,13,0.16,238.17,3.6,5000,0,3000.24
TXN-103397,2024-05-21 13:00:00,Canada,Books,559.47,11,0.08,,2.5,25000,0,6781.28
TXN-103398,2024-05-21 14:00:00,USA,Electronics,127.44,11,0.25,801.67,4.1,10000,0,1785.12
TXN-103399,2024-05-21 15:00:00,Germany,Health & Beauty,448.04,11,0.17,433.98,3.9,5000,0,4453.89
TXN-103400,2024-05-21 16:00:00,USA,Apparel,656.34,1,0.05,112.72,,25000,0,1097.16
TXN-103401,2024-05-21 17:00:00,USA,Automotive,152.19,10,0.06,,3.8,25000,0,2375.97
TXN-103402,2024-05-21 18:00:00,Australia,Automotive,643.97,14,0.14,83.96,3.7,10000,0,8141.78
TXN-103403,2024-05-21 19:00:00,USA,Electronics,650.26,13,0.23,102.88,3.1,15000,1,7108.43
TXN-103404,2024-05-21 20:00:00,France,Home & Kitchen,65.04,14,0.28,251.09,3.2,10000,0,998.43
TXN-103405,2024-05-21 21:00:00,Canada,Home & Kitchen,30.68,1,0.2,281.95,4.4,5000,0,428.42
TXN-103406,2024-05-21 22:00:00,Canada,Books,828.24,5,0.15,359.92,4.4,15000,0,4136.27
TXN-103407,2024-05-21 23:00:00,Australia,Electronics,176.47,14,0.08,257.11,3.7,10000,0,2869.71
TXN-103408,2024-05-22 00:00:00,USA,Books,701.49,7,0.2,67.19,4.3,10000,0,4465.59
TXN-103409,2024-05-22 01:00:00,USA,Books,484.15,9,0.29,135.64,3.6,10000,0,3448.77
TXN-103410,2024-05-22 02:00:00,UK,Automotive,235.83,9,0.14,111.15,4.6,10000,0,2402.7
TXN-103411,2024-05-22 03:00:00,USA,Books,123.53,8,0.05,332.1,3.3,15000,0,1666.13
TXN-103412,2024-05-22 04:00:00,USA,Books,429.73,1,0.03,169.21,4.8,5000,0,832.42
TXN-103413,2024-05-22 05:00:00,UK,Automotive,355.14,5,0.08,223.75,3.9,25000,0,2335.36
TXN-103414,2024-05-22 06:00:00,France,Home & Kitchen,598.57,6,0.17,368.92,3.8,10000,0,3527.42
TXN-103415,2024-05-22 07:00:00,Germany,Apparel,769.98,6,0.28,,4.2,25000,1,4178.23
TXN-103416,2024-05-22 08:00:00,USA,Health & Beauty,687.38,4,0.09,191.13,3.4,25000,0,3194.05
TXN-103417,2024-05-22 09:00:00,Germany,Books,244.17,1,0.09,945.31,4.3,25000,0,1362.4
TXN-103418,2024-05-22 10:00:00,USA,Apparel,748.91,3,0.14,447.13,3.3,10000,0,2512.74
TXN-103419,2024-05-22 11:00:00,USA,Automotive,710.88,10,0.28,1021.61,3.5,10000,0,5899.98
TXN-103420,2024-05-22 12:00:00,France,Apparel,790.83,4,0.13,411.31,4.2,10000,0,3331.79
TXN-103421,2024-05-22 13:00:00,Germany,Health & Beauty,397.98,4,0.07,1249.9,3.4,10000,0,2314.41
TXN-103422,2024-05-22 14:00:00,France,Apparel,656.76,13,0.05,197.01,3.0,2500,0,8497.25
TXN-103423,2024-05-22 15:00:00,USA,Apparel,509.03,4,0.14,529.43,4.7,5000,0,2416.64
TXN-103424,2024-05-22 16:00:00,Canada,Apparel,274.27,14,0.24,399.82,4.8,2500,0,3420.99
TXN-103425,2024-05-22 17:00:00,Germany,Apparel,845.35,5,0.09,1304.75,4.1,15000,0,4896.56
TXN-103426,2024-05-22 18:00:00,Germany,Electronics,46.99,13,0.15,321.05,4.5,2500,1,1100.33
TXN-103427,2024-05-22 19:00:00,Germany,Books,150.5,11,0.18,1014.9,5.0,2500,0,2156.88
TXN-103428,2024-05-22 20:00:00,Canada,Automotive,760.27,9,0.14,464.95,4.0,2500,0,6338.48
TXN-103429,2024-05-22 21:00:00,Germany,Health & Beauty,65.57,4,0.06,666.43,4.8,5000,0,782.28
TXN-103430,2024-05-22 22:00:00,Germany,Automotive,755.5,9,0.28,1139.71,3.4,25000,0,6146.19
TXN-103431,2024-05-22 23:00:00,Australia,Electronics,612.21,9,0.17,2939.21,4.3,15000,0,6353.55
TXN-103432,2024-05-23 00:00:00,France,Electronics,45.63,1,0.22,706.78,2.6,15000,0,701.54
TXN-103433,2024-05-23 01:00:00,UK,Electronics,373.48,5,0.19,238.82,4.5,5000,0,1998.3
TXN-103434,2024-05-23 02:00:00,France,Books,644.98,9,0.3,227.63,4.6,2500,0,4359.72
TXN-103435,2024-05-23 03:00:00,UK,Electronics,501.89,4,0.14,234.88,3.5,25000,0,2499.75
TXN-103436,2024-05-23 04:00:00,USA,Apparel,796.45,5,0.13,101.52,4.1,10000,0,3997.39
TXN-103437,2024-05-23 05:00:00,Germany,Automotive,739.48,4,0.11,77.54,4.6,5000,0,3069.07
TXN-103438,2024-05-23 06:00:00,Japan,Home & Kitchen,292.76,13,0.11,484.75,4.7,25000,0,4344.2
TXN-103439,2024-05-23 07:00:00,Japan,Health & Beauty,85.66,2,0.08,881.92,2.8,5000,1,936.67
TXN-103440,2024-05-23 08:00:00,USA,Electronics,803.45,10,0.29,68.4,4.6,5000,0,6002.48
TXN-103441,2024-05-23 09:00:00,UK,Automotive,446.93,2,0.26,468.09,3.2,10000,0,1409.39
TXN-103442,2024-05-23 10:00:00,USA,Electronics,77.12,2,0.1,282.42,4.3,25000,0,1035.22
TXN-103443,2024-05-23 11:00:00,Australia,Books,696.84,13,0.09,1165.06,3.3,2500,1,9197.91
TXN-103444,2024-05-23 12:00:00,Australia,Electronics,740.2,1,0.03,128.55,2.6,25000,1,1542.08
TXN-103445,2024-05-23 13:00:00,Germany,Electronics,548.92,3,0.26,464.41,3.0,25000,0,1910.59
TXN-103446,2024-05-23 14:00:00,Canada,Electronics,388.67,14,0.11,1818.86,3.5,2500,0,5966.03
TXN-103447,2024-05-23 15:00:00,France,Electronics,567.91,11,0.17,261.59,4.4,10000,0,5799.54
TXN-103448,2024-05-23 16:00:00,Germany,Health & Beauty,605.08,10,0.27,726.97,2.8,25000,0,5367.17
TXN-103449,2024-05-23 17:00:00,USA,Automotive,760.68,1,0.12,1120.45,4.5,2500,0,1393.22
TXN-103450,2024-05-23 18:00:00,UK,Books,813.14,4,0.24,153.03,5.0,5000,0,2956.55
TXN-103451,2024-05-23 19:00:00,Germany,Electronics,444.46,1,0.13,2498.24,4.5,5000,0,1695.08
TXN-103452,2024-05-23 20:00:00,Germany,Electronics,681.74,4,0.21,878.75,3.7,2500,0,2926.1
TXN-103453,2024-05-23 21:00:00,UK,Electronics,820.37,3,0.13,124.0,3.9,5000,0,2531.49
TXN-103454,2024-05-23 22:00:00,Japan,Electronics,141.29,9,0.12,236.17,2.5,25000,0,1737.56
TXN-103455,2024-05-23 23:00:00,USA,Apparel,30.25,1,0.3,540.37,3.0,2500,1,762.22
TXN-103456,2024-05-24 00:00:00,UK,Apparel,740.58,14,0.18,1131.05,4.7,25000,0,9667.66
TXN-103457,2024-05-24 01:00:00,Germany,Home & Kitchen,178.05,8,0.11,158.35,2.6,15000,0,1649.11
TXN-103458,2024-05-24 02:00:00,Germany,Electronics,50.47,11,0.08,706.9,4.8,10000,0,1307.46
TXN-103459,2024-05-24 03:00:00,Germany,Home & Kitchen,148.68,9,0.01,207.8,2.8,10000,1,1905.88
TXN-103460,2024-05-24 04:00:00,USA,Health & Beauty,335.74,12,0.21,868.45,2.8,10000,0,3792.71
TXN-103461,2024-05-24 05:00:00,USA,Home & Kitchen,198.09,7,0.11,625.12,2.9,2500,0,1734.68
TXN-103462,2024-05-24 06:00:00,Germany,Automotive,269.89,1,0.25,420.02,4.5,15000,0,885.64
TXN-103463,2024-05-24 07:00:00,Germany,Apparel,829.37,4,0.11,574.72,3.7,10000,0,3658.6
TXN-103464,2024-05-24 08:00:00,USA,Apparel,603.18,10,0.11,1095.54,2.9,25000,0,6467.78
TXN-103465,2024-05-24 09:00:00,France,Electronics,609.68,1,0.23,294.23,4.2,10000,0,959.65
TXN-103466,2024-05-24 10:00:00,UK,Electronics,94.06,4,0.15,783.21,4.9,15000,0,1029.81
TXN-103467,2024-05-24 11:00:00,Germany,Health & Beauty,626.3,3,0.27,136.53,3.9,25000,0,2148.72
TXN-103468,2024-05-24 12:00:00,Canada,Books,632.35,2,0.18,653.97,2.7,25000,0,1951.42
TXN-103469,2024-05-24 13:00:00,USA,Health & Beauty,565.89,1,0.07,744.46,2.6,2500,0,1123.35
TXN-103470,2024-05-24 14:00:00,USA,Automotive,205.74,6,0.17,342.59,4.5,2500,0,1492.04
TXN-103471,2024-05-24 15:00:00,France,Electronics,368.24,12,0.0,839.02,4.1,5000,0,5107.51
TXN-103472,2024-05-24 16:00:00,Germany,Electronics,721.64,7,0.09,457.21,4.8,15000,1,5510.13
TXN-103473,2024-05-24 17:00:00,Germany,Health & Beauty,574.62,6,0.06,1426.58,3.9,25000,0,4525.09
TXN-103474,2024-05-24 18:00:00,Canada,Health & Beauty,626.86,9,0.2,109.65,2.7,15000,1,5278.18
TXN-103475,2024-05-24 19:00:00,Canada,Health & Beauty,505.46,12,0.04,120.1,3.5,10000,0,6230.31
TXN-103476,2024-05-24 20:00:00,Australia,Apparel,390.4,9,0.09,973.93,4.1,10000,0,4133.6
TXN-103477,2024-05-24 21:00:00,UK,Home & Kitchen,648.81,2,0.1,973.72,3.5,5000,0,1968.7
TXN-103478,2024-05-24 22:00:00,UK,Home & Kitchen,71.72,2,0.0,368.6,5.0,25000,0,1014.28
TXN-103479,2024-05-24 23:00:00,UK,Electronics,577.09,9,0.01,1711.59,3.5,25000,0,6577.05
TXN-103480,2024-05-25 00:00:00,USA,Apparel,847.67,1,0.09,618.76,3.9,5000,0,1261.77
TXN-103481,2024-05-25 01:00:00,Germany,Health & Beauty,666.46,5,0.07,2082.97,3.1,10000,0,4367.7
TXN-103482,2024-05-25 02:00:00,USA,Electronics,257.62,1,0.04,430.07,2.9,25000,0,1147.34
TXN-103483,2024-05-25 03:00:00,Japan,Apparel,246.98,7,0.05,162.58,4.1,15000,0,2156.57
TXN-103484,2024-05-25 04:00:00,Germany,Automotive,572.13,9,0.25,343.85,4.0,25000,0,4667.25
TXN-103485,2024-05-25 05:00:00,Germany,Books,763.04,6,0.2,2018.33,2.5,10000,0,4789.86
TXN-103486,2024-05-25 06:00:00,UK,Apparel,497.59,14,0.15,281.35,3.2,25000,0,6646.86
TXN-103487,2024-05-25 07:00:00,USA,Electronics,455.38,2,0.27,1623.47,4.1,25000,0,2129.0
TXN-103488,2024-05-25 08:00:00,USA,Home & Kitchen,148.92,6,0.01,847.33,4.5,2500,1,1749.13
TXN-103489,2024-05-25 09:00:00,UK,Health & Beauty,612.41,9,0.1,341.79,3.3,25000,0,5670.71
TXN-103490,2024-05-25 10:00:00,USA,Books,601.42,3,0.25,440.3,4.1,5000,0,1852.8
TXN-103491,2024-05-25 11:00:00,Germany,Automotive,822.4,9,0.19,517.53,3.2,5000,0,6468.08
TXN-103492,2024-05-25 12:00:00,Japan,Books,265.66,8,0.29,597.96,4.2,15000,1,2606.68
TXN-103493,2024-05-25 13:00:00,Japan,Books,646.63,13,0.28,89.9,4.2,25000,0,6771.05
TXN-103494,2024-05-25 14:00:00,Germany,Apparel,377.44,12,0.05,1405.94,,15000,1,5531.89
TXN-103495,2024-05-25 15:00:00,USA,Electronics,481.32,7,0.29,504.41,4.2,10000,0,3085.21
TXN-103496,2024-05-25 16:00:00,Canada,Electronics,696.74,8,0.28,1387.91,3.3,10000,0,4908.72
TXN-103497,2024-05-25 17:00:00,Japan,Books,200.37,10,0.11,549.7,2.9,2500,0,2107.05
TXN-103498,2024-05-25 18:00:00,USA,Health & Beauty,301.3,6,0.29,331.95,3.8,2500,0,1570.72
TXN-103499,2024-05-25 19:00:00,France,Electronics,660.71,3,0.01,468.43,3.6,25000,0,2786.24
TXN-103500,2024-05-25 20:00:00,USA,Books,491.33,7,0.2,934.52,4.4,25000,0,3718.75
TXN-103501,2024-05-25 21:00:00,Canada,Electronics,92.17,4,0.08,247.36,2.7,15000,1,983.87
TXN-103502,2024-05-25 22:00:00,Australia,Health & Beauty,374.21,11,0.04,1617.04,4.5,15000,0,5244.29
TXN-103503,2024-05-25 23:00:00,USA,Automotive,504.84,10,0.17,363.64,2.8,25000,0,4966.12
TXN-103504,2024-05-26 00:00:00,Japan,Books,774.45,14,0.09,1614.48,3.0,25000,0,11214.8
TXN-103505,2024-05-26 01:00:00,Germany,Home & Kitchen,172.39,5,0.2,1113.29,3.8,2500,0,1407.03
TXN-103506,2024-05-26 02:00:00,Australia,Home & Kitchen,687.97,8,0.16,779.78,3.7,2500,0,5235.69
TXN-103507,2024-05-26 03:00:00,UK,Books,124.07,7,0.12,365.03,5.0,2500,0,1138.01
TXN-103508,2024-05-26 04:00:00,Canada,Apparel,217.27,7,0.05,492.09,4.0,25000,1,2641.12
TXN-103509,2024-05-26 05:00:00,USA,Automotive,218.19,8,0.18,960.17,3.3,15000,0,2320.92
TXN-103510,2024-05-26 06:00:00,USA,Apparel,747.7,10,0.25,442.69,4.8,5000,0,6046.35
TXN-103511,2024-05-26 07:00:00,USA,Home & Kitchen,181.18,3,0.18,720.07,3.3,5000,0,1066.95
TXN-103512,2024-05-26 08:00:00,Australia,Health & Beauty,672.11,3,0.18,831.9,3.2,15000,0,2476.33
TXN-103513,2024-05-26 09:00:00,Canada,Books,400.61,2,0.15,409.84,3.7,15000,0,1248.24
TXN-103514,2024-05-26 10:00:00,Canada,Electronics,849.24,1,0.12,434.2,4.8,15000,0,1381.07
TXN-103515,2024-05-26 11:00:00,Japan,Home & Kitchen,715.64,10,0.14,160.22,4.3,2500,0,6508.48
TXN-103516,2024-05-26 12:00:00,USA,Automotive,632.65,6,0.3,190.35,4.2,10000,0,3212.95
TXN-103517,2024-05-26 13:00:00,UK,Home & Kitchen,742.06,6,0.22,1226.64,4.3,25000,0,4740.94
TXN-103518,2024-05-26 14:00:00,USA,Automotive,544.42,13,0.13,967.32,4.1,2500,0,6898.33
TXN-103519,2024-05-26 15:00:00,USA,Automotive,719.45,10,0.14,55.09,4.4,5000,0,6608.67
TXN-103520,2024-05-26 16:00:00,USA,Books,233.04,12,0.15,1067.76,3.0,25000,0,3474.49
TXN-103521,2024-05-26 17:00:00,UK,Automotive,96.58,8,0.2,62.78,2.9,15000,1,1340.03
TXN-103522,2024-05-26 18:00:00,USA,Apparel,529.3,14,0.14,356.5,3.4,5000,1,7089.74
TXN-103523,2024-05-26 19:00:00,USA,Health & Beauty,377.97,6,0.21,84.91,4.6,15000,0,2245.01
TXN-103524,2024-05-26 20:00:00,USA,Home & Kitchen,371.08,6,0.1,1784.04,4.3,15000,0,3382.89
TXN-103525,2024-05-26 21:00:00,USA,Health & Beauty,454.83,1,0.12,1843.51,3.9,15000,0,1814.4
TXN-103526,2024-05-26 22:00:00,Australia,Electronics,316.75,12,0.26,521.92,2.5,25000,0,3601.05
TXN-103527,2024-05-26 23:00:00,France,Home & Kitchen,537.76,7,0.1,298.96,3.1,5000,0,3991.5
TXN-103528,2024-05-27 00:00:00,Australia,Health & Beauty,40.52,7,0.29,408.71,4.5,5000,0,751.37
TXN-103529,2024-05-27 01:00:00,UK,Health & Beauty,824.86,10,0.05,768.37,3.1,15000,0,8609.23
TXN-103530,2024-05-27 02:00:00,USA,Books,787.13,9,0.07,176.28,4.3,2500,0,6744.92
TXN-103531,2024-05-27 03:00:00,France,Books,795.95,14,0.14,341.45,3.0,10000,0,10064.55
TXN-103532,2024-05-27 04:00:00,USA,Electronics,319.78,12,0.24,718.31,4.0,2500,0,3503.39
TXN-103533,2024-05-27 05:00:00,USA,Automotive,459.13,7,0.22,301.59,4.1,25000,1,3601.67
TXN-103534,2024-05-27 06:00:00,USA,Home & Kitchen,811.7,8,0.05,66.26,4.4,10000,0,6491.89
TXN-103535,2024-05-27 07:00:00,USA,Books,768.46,4,0.07,404.02,3.6,2500,0,3199.57
TXN-103536,2024-05-27 08:00:00,USA,Home & Kitchen,674.85,9,0.17,718.58,4.1,5000,1,5953.4
TXN-103537,2024-05-27 09:00:00,UK,Electronics,355.12,14,0.09,1932.16,3.7,2500,0,5657.61
TXN-103538,2024-05-27 10:00:00,Germany,Books,486.22,1,0.13,68.87,4.9,15000,0,1049.88
TXN-103539,2024-05-27 11:00:00,USA,Books,677.08,8,0.15,438.18,3.8,25000,0,5481.82
TXN-103540,2024-05-27 12:00:00,USA,Automotive,242.97,3,0.18,348.86,3.0,2500,0,937.16
TXN-103541,2024-05-27 13:00:00,Canada,Home & Kitchen,538.09,14,0.08,188.83,4.2,2500,0,7295.49
TXN-103542,2024-05-27 14:00:00,USA,Home & Kitchen,706.33,1,0.05,557.73,3.9,10000,1,1555.05
TXN-103543,2024-05-27 15:00:00,USA,Home & Kitchen,605.72,2,0.12,139.34,4.5,15000,0,1508.87
TXN-103544,2024-05-27 16:00:00,Canada,Automotive,415.37,6,0.02,216.94,2.9,10000,0,2992.13
TXN-103545,2024-05-27 17:00:00,USA,Books,503.15,5,0.16,811.07,3.2,25000,0,3195.95
TXN-103546,2024-05-27 18:00:00,USA,Electronics,840.54,14,0.25,358.47,4.8,25000,0,9736.83
TXN-103547,2024-05-27 19:00:00,UK,Home & Kitchen,517.66,3,0.04,2581.28,4.8,15000,0,3058.98
TXN-103548,2024-05-27 20:00:00,USA,Health & Beauty,670.99,9,0.03,294.26,3.6,10000,1,6669.18
TXN-103549,2024-05-27 21:00:00,Germany,Automotive,621.71,8,0.02,361.12,2.6,15000,1,5668.62
TXN-103550,2024-05-27 22:00:00,Canada,Apparel,600.74,13,0.25,228.52,3.3,10000,0,6374.96
TXN-103551,2024-05-27 23:00:00,USA,Electronics,613.17,3,0.02,184.79,3.1,5000,0,2169.09
TXN-103552,2024-05-28 00:00:00,Germany,Health & Beauty,394.43,2,0.3,1327.33,3.5,15000,0,1579.81
TXN-103553,2024-05-28 01:00:00,UK,Home & Kitchen,410.92,8,0.11,740.81,3.3,25000,1,4241.77
TXN-103554,2024-05-28 02:00:00,USA,Apparel,405.67,14,0.1,252.78,4.6,10000,0,5536.84
TXN-103555,2024-05-28 03:00:00,Germany,Electronics,42.77,5,0.03,652.25,2.5,5000,0,717.94
TXN-103556,2024-05-28 04:00:00,USA,Automotive,216.29,9,0.18,1737.53,4.1,25000,0,3195.3
TXN-103557,2024-05-28 05:00:00,UK,Apparel,144.06,1,0.18,88.47,4.2,10000,0,585.87
TXN-103558,2024-05-28 06:00:00,USA,Books,755.18,10,0.15,203.61,4.2,5000,0,6872.73
TXN-103559,2024-05-28 07:00:00,UK,Apparel,244.6,3,0.09,161.93,3.8,25000,0,1417.97
TXN-103560,2024-05-28 08:00:00,USA,Health & Beauty,130.6,5,0.11,1069.28,4.0,25000,0,1740.63
TXN-103561,2024-05-28 09:00:00,Canada,Electronics,115.01,2,0.1,148.73,4.5,5000,0,478.8
TXN-103562,2024-05-28 10:00:00,USA,Health & Beauty,599.49,3,0.13,234.14,4.5,25000,0,2360.06
TXN-103563,2024-05-28 11:00:00,UK,Health & Beauty,20.08,4,0.1,442.48,2.6,10000,0,642.3
TXN-103564,2024-05-28 12:00:00,UK,Home & Kitchen,408.54,4,0.2,535.23,2.6,10000,0,1777.66
TXN-103565,2024-05-28 13:00:00,France,Automotive,114.26,11,0.09,875.61,4.6,25000,0,2167.73
TXN-103566,2024-05-28 14:00:00,Germany,Apparel,724.47,9,0.11,311.55,3.9,2500,1,6452.24
TXN-103567,2024-05-28 15:00:00,Germany,Electronics,815.31,1,0.13,432.05,4.9,5000,0,1290.38
TXN-103568,2024-05-28 16:00:00,France,Books,815.56,12,0.0,1732.85,3.6,2500,0,10939.71
TXN-103569,2024-05-28 17:00:00,Canada,Automotive,384.04,9,0.15,226.46,2.9,10000,0,3348.38
TXN-103570,2024-05-28 18:00:00,USA,Automotive,553.17,9,0.08,192.57,3.7,25000,0,5313.64
TXN-103571,2024-05-28 19:00:00,UK,Electronics,515.75,11,0.02,669.97,,15000,0,6389.8
TXN-103572,2024-05-28 20:00:00,Canada,Automotive,307.28,6,0.27,787.31,3.8,15000,0,2216.82
TXN-103573,2024-05-28 21:00:00,Australia,Home & Kitchen,385.79,11,0.1,317.88,4.5,2500,1,4444.21
TXN-103574,2024-05-28 22:00:00,Japan,Automotive,68.71,1,0.13,169.75,4.1,2500,0,368.4
TXN-103575,2024-05-28 23:00:00,UK,Home & Kitchen,679.41,11,0.25,804.62,3.0,2500,0,6101.95
TXN-103576,2024-05-29 00:00:00,USA,Apparel,216.07,13,0.05,605.08,4.3,10000,1,3491.77
TXN-103577,2024-05-29 01:00:00,UK,Apparel,399.54,12,0.26,1094.66,,10000,0,4409.7
TXN-103578,2024-05-29 02:00:00,France,Health & Beauty,416.32,6,0.07,980.0,3.9,25000,0,3561.38
TXN-103579,2024-05-29 03:00:00,UK,Home & Kitchen,483.19,8,0.18,164.83,4.2,10000,0,3575.41
TXN-103580,2024-05-29 04:00:00,UK,Books,697.93,5,0.21,942.91,3.9,25000,0,3741.83
TXN-103581,2024-05-29 05:00:00,Canada,Apparel,592.72,5,0.27,146.29,3.6,25000,1,3060.96
TXN-103582,2024-05-29 06:00:00,UK,Automotive,568.66,1,0.18,1046.46,4.1,2500,0,1214.24
TXN-103583,2024-05-29 07:00:00,Canada,Electronics,454.83,1,0.14,785.54,4.3,15000,0,1272.45
TXN-103584,2024-05-29 08:00:00,UK,Electronics,95.12,8,0.17,471.82,3.1,2500,1,1385.07
TXN-103585,2024-05-29 09:00:00,USA,Home & Kitchen,350.68,13,0.06,563.92,3.7,10000,0,4990.5
TXN-103586,2024-05-29 10:00:00,UK,Books,814.36,5,0.21,104.95,3.6,5000,0,3549.76
TXN-103587,2024-05-29 11:00:00,France,Health & Beauty,846.28,8,0.06,70.35,2.6,10000,0,6764.73
TXN-103588,2024-05-29 12:00:00,USA,Automotive,624.97,10,0.17,250.72,4.6,15000,1,5997.12
TXN-103589,2024-05-29 13:00:00,USA,Home & Kitchen,204.97,2,0.19,911.32,3.4,10000,0,1150.29
TXN-103590,2024-05-29 14:00:00,Australia,Electronics,100.08,4,0.27,363.48,2.7,15000,0,868.59
TXN-103591,2024-05-29 15:00:00,USA,Home & Kitchen,361.33,13,0.14,176.41,3.6,5000,0,4449.11
TXN-103592,2024-05-29 16:00:00,Germany,Automotive,730.24,11,0.23,949.54,2.9,5000,1,7126.42
TXN-103593,2024-05-29 17:00:00,Germany,Books,617.76,14,0.05,179.79,4.3,25000,0,8952.74
TXN-103594,2024-05-29 18:00:00,UK,Books,753.05,10,0.05,895.04,3.9,10000,0,7844.21
TXN-103595,2024-05-29 19:00:00,Germany,Apparel,529.17,9,0.16,351.63,3.2,25000,0,4762.74
TXN-103596,2024-05-29 20:00:00,USA,Automotive,123.82,13,0.18,361.34,4.9,2500,1,2017.8
TXN-103597,2024-05-29 21:00:00,Germany,Apparel,110.85,3,0.19,209.22,3.2,2500,0,492.23
TXN-103598,2024-05-29 22:00:00,UK,Apparel,55.08,6,0.22,1202.16,3.9,2500,0,1012.02
TXN-103599,2024-05-29 23:00:00,Germany,Apparel,488.51,11,0.09,96.49,4.5,2500,0,5272.92
TXN-103600,2024-05-30 00:00:00,USA,Home & Kitchen,217.81,7,0.19,127.98,3.8,2500,0,1607.57
TXN-103601,2024-05-30 01:00:00,Germany,Electronics,628.21,3,0.06,555.14,4.9,10000,0,2480.12
TXN-103602,2024-05-30 02:00:00,USA,Books,588.02,1,0.07,998.94,4.6,25000,0,1812.44
TXN-103603,2024-05-30 03:00:00,USA,Home & Kitchen,280.62,2,0.02,100.16,4.8,25000,0,1209.86
TXN-103604,2024-05-30 04:00:00,USA,Electronics,162.63,11,0.22,711.66,3.4,15000,0,2272.42
TXN-103605,2024-05-30 05:00:00,USA,Books,100.5,14,0.15,728.39,3.9,2500,1,1890.44
TXN-103606,2024-05-30 06:00:00,Canada,Automotive,630.66,10,0.07,485.57,4.6,5000,0,6391.45
TXN-103607,2024-05-30 07:00:00,USA,Books,391.12,7,0.17,383.47,4.8,15000,0,2895.94
TXN-103608,2024-05-30 08:00:00,Japan,Books,285.15,7,0.11,243.63,4.9,15000,1,2715.73
TXN-103609,2024-05-30 09:00:00,Australia,Books,730.31,12,0.25,266.52,4.7,10000,0,6978.95
TXN-103610,2024-05-30 10:00:00,Germany,Health & Beauty,510.67,1,0.16,611.09,4.3,15000,1,1306.26
TXN-103611,2024-05-30 11:00:00,USA,Automotive,447.53,10,0.01,83.76,2.6,5000,0,4632.88
TXN-103612,2024-05-30 12:00:00,UK,Home & Kitchen,635.72,7,0.3,489.66,3.3,25000,0,3925.86
TXN-103613,2024-05-30 13:00:00,France,Home & Kitchen,696.01,10,0.02,213.37,2.8,15000,0,7297.24
TXN-103614,2024-05-30 14:00:00,UK,Electronics,587.87,11,0.21,364.25,2.9,10000,0,5549.01
TXN-103615,2024-05-30 15:00:00,USA,Home & Kitchen,382.41,6,0.13,459.33,3.2,2500,0,2451.86
TXN-103616,2024-05-30 16:00:00,Germany,Apparel,331.71,11,0.07,1134.29,2.7,5000,0,4118.55
TXN-103617,2024-05-30 17:00:00,Canada,Books,659.34,6,0.2,482.65,3.1,2500,0,3695.45
TXN-103618,2024-05-30 18:00:00,France,Home & Kitchen,447.45,7,0.04,178.84,4.9,15000,0,3626.31
TXN-103619,2024-05-30 19:00:00,USA,Electronics,603.16,7,0.26,91.4,3.3,25000,0,3884.58
TXN-103620,2024-05-30 20:00:00,Germany,Electronics,758.48,1,0.08,543.07,2.9,10000,0,1319.07
TXN-103621,2024-05-30 21:00:00,USA,Apparel,779.77,10,0.11,443.78,4.3,5000,0,7361.29
TXN-103622,2024-05-30 22:00:00,USA,Electronics,246.89,5,0.19,607.06,4.6,25000,1,2188.42
TXN-103623,2024-05-30 23:00:00,Canada,Health & Beauty,171.89,14,0.0,357.53,3.3,5000,0,2895.38
TXN-103624,2024-05-31 00:00:00,USA,Books,233.17,14,0.14,921.84,3.2,10000,0,3424.1
TXN-103625,2024-05-31 01:00:00,USA,Books,642.4,8,0.27,1313.99,3.1,10000,0,4721.34
TXN-103626,2024-05-31 02:00:00,USA,Books,324.0,8,0.2,70.41,3.5,15000,0,2548.52
TXN-103627,2024-05-31 03:00:00,Canada,Automotive,159.78,3,0.12,731.46,2.7,5000,1,1162.89
TXN-103628,2024-05-31 04:00:00,France,Home & Kitchen,97.15,3,0.2,67.9,4.2,15000,1,981.41
TXN-103629,2024-05-31 05:00:00,Germany,Health & Beauty,288.31,7,0.28,344.48,4.6,5000,0,2044.73
TXN-103630,2024-05-31 06:00:00,France,Home & Kitchen,128.67,4,0.06,359.58,4.2,5000,0,796.71
TXN-103631,2024-05-31 07:00:00,USA,Health & Beauty,145.57,6,0.16,645.72,3.6,2500,0,1138.75
TXN-103632,2024-05-31 08:00:00,UK,Home & Kitchen,586.04,9,0.07,267.24,3.2,15000,0,5314.37
TXN-103633,2024-05-31 09:00:00,UK,Apparel,31.48,10,0.26,909.91,3.5,5000,0,864.87
TXN-103634,2024-05-31 10:00:00,USA,Electronics,113.16,2,0.22,259.93,3.6,5000,0,505.53
TXN-103635,2024-05-31 11:00:00,UK,Electronics,720.05,2,0.24,259.67,4.2,10000,0,1613.17
TXN-103636,2024-05-31 12:00:00,Japan,Apparel,720.5,6,0.28,176.0,4.8,2500,0,3419.4
TXN-103637,2024-05-31 13:00:00,USA,Health & Beauty,289.92,3,0.07,625.8,2.7,10000,0,1448.06
TXN-103638,2024-05-31 14:00:00,USA,Automotive,88.44,1,0.01,89.84,4.9,15000,0,585.47
TXN-103639,2024-05-31 15:00:00,USA,Health & Beauty,603.65,2,0.09,275.54,4.8,15000,1,2156.43
TXN-103640,2024-05-31 16:00:00,USA,Electronics,315.71,14,0.12,205.23,2.8,5000,0,4257.1
TXN-103641,2024-05-31 17:00:00,Japan,Automotive,52.96,13,0.19,180.25,3.0,25000,1,1565.04
TXN-103642,2024-05-31 18:00:00,UK,Home & Kitchen,146.79,7,0.24,,3.3,10000,0,1216.2
TXN-103643,2024-05-31 19:00:00,UK,Automotive,129.57,4,0.1,155.6,3.9,15000,0,928.3
TXN-103644,2024-05-31 20:00:00,France,Health & Beauty,506.91,12,0.14,345.52,2.8,5000,1,5843.06
TXN-103645,2024-05-31 21:00:00,USA,Apparel,764.93,2,0.24,400.33,3.0,5000,0,1561.56
TXN-103646,2024-05-31 22:00:00,UK,Home & Kitchen,677.22,11,0.07,207.02,4.8,10000,0,7399.36
TXN-103647,2024-05-31 23:00:00,UK,Health & Beauty,471.34,12,0.07,575.26,2.8,5000,0,5717.25
TXN-103648,2024-06-01 00:00:00,Germany,Home & Kitchen,367.5,12,0.18,254.58,3.5,2500,1,4254.6
TXN-103649,2024-06-01 01:00:00,Australia,Automotive,531.6,8,0.13,278.84,4.4,25000,0,4518.72
TXN-103650,2024-06-01 02:00:00,France,Electronics,385.58,4,0.28,813.06,4.7,10000,0,1911.81
TXN-103651,2024-06-01 03:00:00,UK,Health & Beauty,220.49,4,0.11,451.44,3.3,10000,0,1201.48
TXN-103652,2024-06-01 04:00:00,Canada,Apparel,582.13,2,0.23,,2.9,10000,0,1798.42
TXN-103653,2024-06-01 05:00:00,USA,Automotive,744.16,14,0.17,272.6,4.3,5000,0,8987.79
TXN-103654,2024-06-01 06:00:00,USA,Health & Beauty,326.35,1,0.02,929.67,4.4,5000,0,1167.33
TXN-103655,2024-06-01 07:00:00,USA,Apparel,717.68,1,0.03,720.35,5.0,10000,0,1605.99
TXN-103656,2024-06-01 08:00:00,USA,Health & Beauty,374.95,3,0.06,1154.5,2.8,10000,1,2231.52
TXN-103657,2024-06-01 09:00:00,UK,Automotive,350.12,6,0.04,1620.86,4.3,2500,0,2958.03
TXN-103658,2024-06-01 10:00:00,Germany,Health & Beauty,38.65,7,0.1,53.85,3.5,15000,1,1009.35
TXN-103659,2024-06-01 11:00:00,Japan,Home & Kitchen,595.56,13,0.17,96.22,4.8,2500,0,6836.37
TXN-103660,2024-06-01 12:00:00,UK,Automotive,689.26,9,0.18,610.95,3.5,10000,0,5867.52
TXN-103661,2024-06-01 13:00:00,UK,Health & Beauty,569.07,5,0.18,297.31,3.6,5000,0,2636.98
TXN-103662,2024-06-01 14:00:00,USA,Electronics,141.39,9,0.04,904.97,2.8,5000,0,1871.17
TXN-103663,2024-06-01 15:00:00,USA,Health & Beauty,101.25,8,0.18,56.03,3.3,10000,0,1012.11
TXN-103664,2024-06-01 16:00:00,Germany,Home & Kitchen,493.34,1,0.12,872.47,3.5,15000,0,1331.14
TXN-103665,2024-06-01 17:00:00,UK,Apparel,350.27,11,0.27,122.65,2.5,25000,0,3484.54
TXN-103666,2024-06-01 18:00:00,Canada,Apparel,373.3,12,0.27,221.42,3.6,25000,0,3951.72
TXN-103667,2024-06-01 19:00:00,USA,Apparel,823.11,3,0.23,1788.15,3.3,2500,0,2936.14
TXN-103668,2024-06-01 20:00:00,USA,Electronics,619.48,8,0.21,76.49,4.5,15000,0,4396.31
TXN-103669,2024-06-01 21:00:00,UK,Home & Kitchen,358.84,9,0.03,264.65,2.8,25000,0,3874.94
TXN-103670,2024-06-01 22:00:00,USA,Automotive,30.95,14,0.03,94.16,4.4,15000,0,961.68
TXN-103671,2024-06-01 23:00:00,USA,Apparel,43.47,4,0.25,1010.72,4.3,5000,0,1013.7
TXN-103672,2024-06-02 00:00:00,France,Home & Kitchen,586.81,14,0.13,657.04,3.1,5000,0,7708.17
TXN-103673,2024-06-02 01:00:00,USA,Health & Beauty,714.51,14,0.14,855.56,2.7,15000,0,9402.07
TXN-103674,2024-06-02 02:00:00,Germany,Electronics,605.93,14,0.25,424.63,4.6,10000,0,7018.29
TXN-103675,2024-06-02 03:00:00,USA,Home & Kitchen,353.92,12,0.19,271.37,3.1,25000,0,4130.99
TXN-103676,2024-06-02 04:00:00,USA,Home & Kitchen,41.0,6,0.05,51.14,2.9,25000,1,1145.29
TXN-103677,2024-06-02 05:00:00,UK,Automotive,822.78,4,0.06,212.81,3.4,5000,0,3493.17
TXN-103678,2024-06-02 06:00:00,Canada,Home & Kitchen,838.59,13,0.0,411.34,3.5,2500,0,11341.38
TXN-103679,2024-06-02 07:00:00,UK,Automotive,473.72,9,0.21,595.86,3.3,25000,0,4242.42
TXN-103680,2024-06-02 08:00:00,France,Electronics,74.01,2,0.15,179.99,4.9,5000,0,556.43
TXN-103681,2024-06-02 09:00:00,USA,Electronics,466.71,6,0.28,124.77,4.7,5000,0,2438.26
TXN-103682,2024-06-02 10:00:00,France,Health & Beauty,760.1,11,0.21,162.58,4.7,15000,0,7117.52
TXN-103683,2024-06-02 11:00:00,USA,Automotive,582.79,13,0.03,268.54,3.5,15000,0,7878.99
TXN-103684,2024-06-02 12:00:00,Germany,Automotive,616.19,3,0.05,130.31,4.9,15000,0,2309.49
TXN-103685,2024-06-02 13:00:00,Germany,Apparel,85.95,10,0.15,135.29,4.2,2500,0,1216.82
TXN-103686,2024-06-02 14:00:00,Japan,Apparel,103.94,4,0.28,72.37,,25000,0,979.07
TXN-103687,2024-06-02 15:00:00,UK,Health & Beauty,121.34,2,0.07,1021.5,3.8,2500,0,932.38
TXN-103688,2024-06-02 16:00:00,USA,Electronics,770.15,11,0.25,174.08,2.9,2500,0,6584.33
TXN-103689,2024-06-02 17:00:00,USA,Books,454.08,8,0.09,912.71,4.7,15000,0,4152.92
TXN-103690,2024-06-02 18:00:00,Canada,Apparel,675.97,10,0.08,338.4,3.7,5000,0,6693.54
TXN-103691,2024-06-02 19:00:00,UK,Home & Kitchen,111.27,8,0.27,550.43,4.9,10000,0,1205.15
TXN-103692,2024-06-02 20:00:00,France,Electronics,789.58,1,0.01,89.36,3.1,5000,0,1176.88
TXN-103693,2024-06-02 21:00:00,USA,Books,700.65,10,0.2,,5.0,5000,0,6066.67
TXN-103694,2024-06-02 22:00:00,USA,Home & Kitchen,202.68,6,0.01,221.24,3.1,5000,1,1739.73
TXN-103695,2024-06-02 23:00:00,USA,Automotive,744.94,1,0.24,100.03,3.4,5000,0,909.92
TXN-103696,2024-06-03 00:00:00,Australia,Electronics,234.97,6,0.25,1244.25,4.0,2500,0,1907.48
TXN-103697,2024-06-03 01:00:00,Germany,Health & Beauty,186.46,7,0.27,512.7,4.2,15000,0,1691.19
TXN-103698,2024-06-03 02:00:00,Japan,Automotive,235.64,2,0.06,188.34,4.3,15000,0,978.63
TXN-103699,2024-06-03 03:00:00,USA,Automotive,774.81,9,0.04,322.06,3.7,5000,0,6978.31
TXN-103700,2024-06-03 04:00:00,Germany,Home & Kitchen,779.52,8,0.15,270.73,2.7,10000,0,5736.87
TXN-103701,2024-06-03 05:00:00,Germany,Automotive,289.71,9,0.08,652.95,3.7,25000,0,3291.12
TXN-103702,2024-06-03 06:00:00,USA,Apparel,604.04,10,0.18,517.52,3.3,5000,0,5627.48
TXN-103703,2024-06-03 07:00:00,Canada,Electronics,579.25,13,0.15,59.99,4.1,5000,0,6722.85
TXN-103704,2024-06-03 08:00:00,Japan,Apparel,688.48,4,0.04,160.22,3.0,10000,0,2947.73
TXN-103705,2024-06-03 09:00:00,Japan,Home & Kitchen,262.59,4,0.22,375.17,3.5,2500,1,1419.03
TXN-103706,2024-06-03 10:00:00,France,Books,440.97,12,0.24,344.83,4.9,5000,1,4807.96
TXN-103707,2024-06-03 11:00:00,USA,Home & Kitchen,572.51,8,0.29,413.53,2.7,10000,1,4102.44
TXN-103708,2024-06-03 12:00:00,USA,Electronics,36.92,1,0.12,677.3,4.0,2500,0,542.53
TXN-103709,2024-06-03 13:00:00,Australia,Automotive,329.58,8,0.1,622.87,2.7,2500,1,3065.28
TXN-103710,2024-06-03 14:00:00,USA,Health & Beauty,596.07,7,0.06,283.26,2.9,5000,0,4325.29
TXN-103711,2024-06-03 15:00:00,France,Home & Kitchen,225.92,12,0.05,1100.16,4.0,2500,1,3475.71
TXN-103712,2024-06-03 16:00:00,France,Electronics,814.68,7,0.1,82.5,3.6,5000,0,5459.39
TXN-103713,2024-06-03 17:00:00,Germany,Health & Beauty,40.18,9,0.29,489.15,3.9,5000,0,775.22
TXN-103714,2024-06-03 18:00:00,Australia,Automotive,815.0,13,0.03,1544.73,4.7,15000,0,11526.47
TXN-103715,2024-06-03 19:00:00,USA,Books,196.0,10,0.08,448.23,4.5,25000,0,2704.3
TXN-103716,2024-06-03 20:00:00,USA,Home & Kitchen,55.77,7,0.03,353.58,4.7,25000,0,1124.12
TXN-103717,2024-06-03 21:00:00,USA,Books,259.22,2,0.08,121.89,4.0,15000,1,1280.04
TXN-103718,2024-06-03 22:00:00,UK,Electronics,671.55,1,0.03,880.86,3.7,5000,0,1244.21
TXN-103719,2024-06-03 23:00:00,USA,Books,643.29,1,0.15,284.04,3.6,10000,0,1174.69
TXN-103720,2024-06-04 00:00:00,USA,Books,189.38,7,0.13,654.07,4.3,2500,1,2081.51
TXN-103721,2024-06-04 01:00:00,Canada,Electronics,179.32,5,0.05,160.04,3.8,15000,0,1303.2
TXN-103722,2024-06-04 02:00:00,Japan,Electronics,551.55,4,0.05,71.38,2.8,15000,1,2735.61
TXN-103723,2024-06-04 03:00:00,USA,Home & Kitchen,397.5,5,0.19,232.26,2.9,15000,0,1960.26
TXN-103724,2024-06-04 04:00:00,UK,Books,676.56,10,0.12,215.23,3.4,15000,0,6562.42
TXN-103725,2024-06-04 05:00:00,Japan,Health & Beauty,35.15,10,0.02,1083.66,2.7,25000,0,1407.77
TXN-103726,2024-06-04 06:00:00,USA,Electronics,524.69,6,0.28,1050.03,3.1,5000,0,3000.32
TXN-103727,2024-06-04 07:00:00,USA,Automotive,625.11,12,0.12,431.67,4.1,15000,1,7486.78
TXN-103728,2024-06-04 08:00:00,USA,Books,844.48,10,0.18,59.59,2.5,15000,1,7485.88
TXN-103729,2024-06-04 09:00:00,Germany,Electronics,581.78,6,0.27,179.6,4.0,15000,0,3125.87
TXN-103730,2024-06-04 10:00:00,USA,Health & Beauty,208.59,1,0.12,559.46,4.4,10000,0,936.42
TXN-103731,2024-06-04 11:00:00,Australia,Home & Kitchen,105.34,2,0.25,103.46,2.9,10000,0,532.83
TXN-103732,2024-06-04 12:00:00,UK,Books,550.17,3,0.27,653.02,3.0,2500,0,1601.58
TXN-103733,2024-06-04 13:00:00,UK,Electronics,451.86,4,0.05,56.02,2.6,5000,0,1947.42
TXN-103734,2024-06-04 14:00:00,USA,Electronics,765.79,6,0.27,623.7,3.8,15000,0,4146.89
TXN-103735,2024-06-04 15:00:00,UK,Automotive,621.72,12,0.04,980.68,4.1,2500,0,7821.87
TXN-103736,2024-06-04 16:00:00,Germany,Automotive,440.63,12,0.08,366.7,3.6,2500,0,5153.69
TXN-103737,2024-06-04 17:00:00,France,Books,352.0,11,0.24,933.28,3.5,5000,0,3781.78
TXN-103738,2024-06-04 18:00:00,France,Electronics,352.65,13,0.27,810.55,3.6,10000,0,3952.39
TXN-103739,2024-06-04 19:00:00,Germany,Books,203.96,9,0.21,606.49,4.5,5000,0,2207.54
TXN-103740,2024-06-04 20:00:00,Japan,Electronics,29.47,12,0.03,344.53,2.6,2500,0,657.64
TXN-103741,2024-06-04 21:00:00,Canada,Automotive,495.05,2,0.16,208.66,,5000,0,1299.86
TXN-103742,2024-06-04 22:00:00,France,Health & Beauty,192.37,8,0.17,1036.15,4.2,10000,0,2149.82
TXN-103743,2024-06-04 23:00:00,USA,Apparel,188.95,9,0.08,572.9,3.1,2500,0,1941.6
TXN-103744,2024-06-05 00:00:00,USA,Apparel,119.69,2,0.3,849.79,3.8,5000,1,1177.28
TXN-103745,2024-06-05 01:00:00,USA,Electronics,173.31,9,0.1,451.44,2.6,15000,0,2073.23
TXN-103746,2024-06-05 02:00:00,Germany,Automotive,41.54,7,0.06,144.29,3.4,15000,0,783.62
TXN-103747,2024-06-05 03:00:00,UK,Home & Kitchen,577.98,9,0.03,1992.15,2.9,5000,0,6230.95
TXN-103748,2024-06-05 04:00:00,UK,Home & Kitchen,350.17,6,0.11,150.9,2.6,5000,0,2143.83
TXN-103749,2024-06-05 05:00:00,Japan,Apparel,483.87,2,0.21,1260.92,3.4,10000,0,1508.84
TXN-103750,2024-06-05 06:00:00,Japan,Health & Beauty,546.86,8,0.07,166.68,4.3,2500,0,4250.29
TXN-103751,2024-06-05 07:00:00,Japan,Apparel,827.02,10,0.23,284.0,4.8,5000,0,6810.09
TXN-103752,2024-06-05 08:00:00,USA,Electronics,72.0,9,0.04,339.98,4.2,2500,0,988.66
TXN-103753,2024-06-05 09:00:00,Germany,Health & Beauty,363.96,12,0.13,1321.54,3.5,15000,0,4844.77
TXN-103754,2024-06-05 10:00:00,USA,Home & Kitchen,220.32,8,0.21,1145.52,5.0,2500,0,2155.7
TXN-103755,2024-06-05 11:00:00,USA,Automotive,413.05,2,0.04,916.43,3.2,25000,0,1759.72
TXN-103756,2024-06-05 12:00:00,USA,Automotive,783.59,8,0.18,286.34,3.0,10000,0,5493.59
TXN-103757,2024-06-05 13:00:00,USA,Electronics,619.53,3,0.24,52.25,3.7,10000,0,1734.88
TXN-103758,2024-06-05 14:00:00,UK,Apparel,567.73,3,0.18,622.2,3.8,2500,0,1957.95
TXN-103759,2024-06-05 15:00:00,Canada,Electronics,383.44,9,0.15,314.63,3.4,10000,0,3362.53
TXN-103760,2024-06-05 16:00:00,USA,Automotive,575.38,13,0.25,757.47,4.2,2500,0,6273.19
TXN-103761,2024-06-05 17:00:00,France,Home & Kitchen,42.03,9,0.3,842.01,3.0,2500,0,745.76
TXN-103762,2024-06-05 18:00:00,UK,Automotive,504.51,9,0.05,339.66,3.8,15000,0,5032.22
TXN-103763,2024-06-05 19:00:00,USA,Health & Beauty,477.4,4,0.21,739.37,3.8,2500,0,2021.05
TXN-103764,2024-06-05 20:00:00,UK,Books,304.44,12,0.02,966.09,4.6,10000,0,4397.31
TXN-103765,2024-06-05 21:00:00,USA,Automotive,183.26,14,0.01,1368.86,4.8,25000,0,3848.02
TXN-103766,2024-06-05 22:00:00,Germany,Automotive,689.31,7,0.08,486.68,4.2,5000,0,4993.73
TXN-103767,2024-06-05 23:00:00,UK,Books,59.97,13,0.29,803.62,3.3,10000,0,1283.82
TXN-103768,2024-06-06 00:00:00,USA,Health & Beauty,73.18,8,0.17,391.17,4.2,25000,0,1362.08
TXN-103769,2024-06-06 01:00:00,USA,Apparel,382.84,13,0.08,71.28,3.1,10000,0,4943.87
TXN-103770,2024-06-06 02:00:00,UK,Automotive,225.88,13,0.04,134.34,4.9,25000,0,3554.38
TXN-103771,2024-06-06 03:00:00,Japan,Electronics,637.45,5,0.28,118.61,4.6,10000,1,3092.95
TXN-103772,2024-06-06 04:00:00,USA,Automotive,544.55,13,0.11,144.23,3.6,5000,1,6884.22
TXN-103773,2024-06-06 05:00:00,France,Electronics,660.07,1,0.09,55.13,4.5,15000,0,1173.91
TXN-103774,2024-06-06 06:00:00,Germany,Health & Beauty,286.11,9,0.26,1028.46,3.5,15000,0,2841.81
TXN-103775,2024-06-06 07:00:00,Japan,Automotive,633.33,6,0.18,460.66,2.7,5000,1,3761.05
TXN-103776,2024-06-06 08:00:00,Canada,Health & Beauty,735.02,3,0.05,291.56,4.3,10000,0,2811.14
TXN-103777,2024-06-06 09:00:00,Germany,Health & Beauty,303.3,3,0.13,313.63,3.5,25000,0,1688.66
TXN-103778,2024-06-06 10:00:00,Germany,Apparel,298.81,14,0.28,361.21,4.8,2500,0,3397.34
TXN-103779,2024-06-06 11:00:00,Japan,Automotive,766.46,14,0.27,88.38,3.3,10000,0,8385.7
TXN-103780,2024-06-06 12:00:00,UK,Electronics,56.57,10,0.02,210.56,4.6,5000,0,1030.33
TXN-103781,2024-06-06 13:00:00,USA,Electronics,307.41,1,0.08,1004.01,4.2,15000,0,1136.18
TXN-103782,2024-06-06 14:00:00,USA,Automotive,114.09,13,0.05,730.66,4.6,15000,0,2315.37
TXN-103783,2024-06-06 15:00:00,Canada,Books,39.2,8,0.16,464.38,3.2,10000,0,849.69
TXN-103784,2024-06-06 16:00:00,Canada,Apparel,109.25,2,0.22,377.64,3.7,25000,1,1270.11
TXN-103785,2024-06-06 17:00:00,USA,Apparel,375.09,12,0.09,199.86,4.6,5000,1,4824.1
TXN-103786,2024-06-06 18:00:00,Germany,Apparel,588.61,1,0.23,368.62,4.1,5000,0,930.88
TXN-103787,2024-06-06 19:00:00,UK,Electronics,256.55,7,0.2,505.47,3.4,25000,0,2156.35
TXN-103788,2024-06-06 20:00:00,USA,Health & Beauty,724.48,14,0.22,673.51,3.8,25000,0,8777.13
TXN-103789,2024-06-06 21:00:00,Australia,Books,380.41,11,0.28,141.14,5.0,10000,0,3432.91
TXN-103790,2024-06-06 22:00:00,USA,Apparel,823.47,9,0.13,888.62,4.4,10000,0,7405.3
TXN-103791,2024-06-06 23:00:00,USA,Electronics,811.72,6,0.1,262.18,4.0,15000,0,5033.4
TXN-103792,2024-06-07 00:00:00,Germany,Electronics,660.69,8,0.21,399.84,4.6,15000,1,5155.78
TXN-103793,2024-06-07 01:00:00,France,Health & Beauty,793.56,8,0.24,518.12,3.6,25000,1,5978.63
TXN-103794,2024-06-07 02:00:00,USA,Automotive,605.43,9,0.06,384.81,4.9,2500,0,5491.88
TXN-103795,2024-06-07 03:00:00,Germany,Automotive,762.81,7,0.25,474.27,3.9,2500,1,4577.38
TXN-103796,2024-06-07 04:00:00,UK,Apparel,212.46,9,0.02,109.12,3.3,2500,0,2201.16
TXN-103797,2024-06-07 05:00:00,USA,Apparel,303.43,9,0.0,332.95,2.7,5000,0,3235.27
TXN-103798,2024-06-07 06:00:00,USA,Books,643.7,12,0.05,214.58,3.4,10000,1,8091.94
TXN-103799,2024-06-07 07:00:00,Germany,Health & Beauty,369.51,11,0.29,94.98,3.9,25000,0,3564.85
TXN-103800,2024-06-07 08:00:00,USA,Apparel,714.17,1,0.16,156.38,4.3,15000,1,1381.06
TXN-103801,2024-06-07 09:00:00,Japan,Health & Beauty,747.83,6,0.01,511.21,4.7,2500,0,4989.1
TXN-103802,2024-06-07 10:00:00,Canada,Electronics,265.27,12,0.3,159.51,4.9,15000,0,2811.22
TXN-103803,2024-06-07 11:00:00,Australia,Apparel,702.58,8,0.22,149.87,2.8,10000,0,4764.95
TXN-103804,2024-06-07 12:00:00,USA,Electronics,143.81,10,0.25,452.41,4.0,25000,0,1919.08
TXN-103805,2024-06-07 13:00:00,Australia,Home & Kitchen,294.05,9,0.06,1225.38,4.2,2500,0,3225.02
TXN-103806,2024-06-07 14:00:00,UK,Health & Beauty,447.5,4,0.03,827.22,2.9,2500,1,2529.42
TXN-103807,2024-06-07 15:00:00,USA,Home & Kitchen,204.08,13,0.15,1227.41,3.9,25000,0,3356.22
TXN-103808,2024-06-07 16:00:00,USA,Apparel,498.69,2,0.23,487.31,3.3,15000,0,1485.32
TXN-103809,2024-06-07 17:00:00,USA,Electronics,498.21,11,0.19,313.76,2.7,10000,0,4752.37
TXN-103810,2024-06-07 18:00:00,Germany,Apparel,187.76,9,0.19,704.0,2.7,10000,1,2342.3
TXN-103811,2024-06-07 19:00:00,UK,Home & Kitchen,679.36,9,0.23,201.48,4.4,10000,0,5154.42
TXN-103812,2024-06-07 20:00:00,USA,Apparel,542.42,12,0.07,90.63,4.0,15000,0,6564.68
TXN-103813,2024-06-07 21:00:00,Germany,Books,280.33,8,0.2,261.27,4.3,15000,0,2449.83
TXN-103814,2024-06-07 22:00:00,USA,Automotive,208.87,3,0.12,227.79,4.2,2500,1,1119.89
TXN-103815,2024-06-07 23:00:00,Germany,Home & Kitchen,748.76,5,0.02,612.79,2.8,15000,0,4311.61
TXN-103816,2024-06-08 00:00:00,UK,Apparel,712.84,2,0.06,450.77,2.9,5000,0,1796.4
TXN-103817,2024-06-08 01:00:00,Canada,Electronics,206.85,14,0.24,124.4,3.1,25000,0,3072.23
TXN-103818,2024-06-08 02:00:00,Canada,Apparel,44.73,3,0.27,1245.73,3.5,15000,0,1179.06
TXN-103819,2024-06-08 03:00:00,UK,Electronics,686.78,1,0.08,499.89,4.8,10000,1,1462.15
TXN-103820,2024-06-08 04:00:00,UK,Automotive,528.95,4,0.06,355.95,4.2,15000,1,2859.87
TXN-103821,2024-06-08 05:00:00,UK,Apparel,99.24,5,0.01,1433.86,3.1,2500,0,1287.79
TXN-103822,2024-06-08 06:00:00,Canada,Automotive,505.44,12,0.28,101.18,2.6,25000,1,5197.0
TXN-103823,2024-06-08 07:00:00,USA,Home & Kitchen,392.57,2,0.21,829.36,4.2,25000,0,1730.46
TXN-103824,2024-06-08 08:00:00,USA,Electronics,661.75,3,0.29,276.8,,10000,0,1892.5
TXN-103825,2024-06-08 09:00:00,USA,Books,189.59,12,0.26,644.36,4.2,25000,0,2687.94
TXN-103826,2024-06-08 10:00:00,UK,Home & Kitchen,393.39,6,0.1,1384.84,3.2,5000,1,3032.3
TXN-103827,2024-06-08 11:00:00,UK,Electronics,145.46,6,0.03,414.61,3.8,25000,0,1759.35
TXN-103828,2024-06-08 12:00:00,Canada,Automotive,814.54,7,0.15,61.45,3.4,10000,0,5179.81
TXN-103829,2024-06-08 13:00:00,USA,Health & Beauty,665.25,12,0.01,64.64,4.5,25000,1,8804.34
TXN-103830,2024-06-08 14:00:00,UK,Apparel,630.16,9,0.04,250.66,2.7,15000,0,5871.87
TXN-103831,2024-06-08 15:00:00,Canada,Automotive,591.32,4,0.07,810.85,3.2,2500,0,2685.0
TXN-103832,2024-06-08 16:00:00,Canada,Electronics,368.49,5,0.2,220.02,4.0,15000,0,2018.74
TXN-103833,2024-06-08 17:00:00,UK,Electronics,785.94,11,0.15,253.58,3.0,5000,0,7768.75
TXN-103834,2024-06-08 18:00:00,UK,Electronics,75.89,2,0.09,817.31,4.2,5000,0,759.41
TXN-103835,2024-06-08 19:00:00,USA,Electronics,685.72,6,0.17,111.76,2.8,2500,1,3969.8
TXN-103836,2024-06-08 20:00:00,Japan,Apparel,194.72,4,0.04,988.05,2.6,2500,0,1382.72
TXN-103837,2024-06-08 21:00:00,USA,Home & Kitchen,285.56,5,0.23,204.48,4.7,2500,1,1848.47
TXN-103838,2024-06-08 22:00:00,Japan,Books,448.72,7,0.21,76.29,3.3,2500,0,2674.18
TXN-103839,2024-06-08 23:00:00,Germany,Health & Beauty,668.52,6,0.06,112.41,2.9,25000,0,4484.64
TXN-103840,2024-06-09 00:00:00,UK,Apparel,715.18,8,0.18,1574.09,2.9,15000,0,5930.33
TXN-103841,2024-06-09 01:00:00,USA,Electronics,502.42,6,0.15,350.12,4.7,5000,0,3081.82
TXN-103842,2024-06-09 02:00:00,UK,Apparel,351.53,10,0.02,198.15,4.1,25000,0,4205.04
TXN-103843,2024-06-09 03:00:00,UK,Automotive,805.33,14,0.08,418.31,4.9,2500,1,11042.38
TXN-103844,2024-06-09 04:00:00,USA,Books,220.85,8,0.3,623.4,4.5,10000,0,1764.3
TXN-103845,2024-06-09 05:00:00,Germany,Electronics,685.58,13,0.03,241.95,4.4,10000,0,9132.88
TXN-103846,2024-06-09 06:00:00,Australia,Health & Beauty,526.06,14,0.15,695.99,3.7,15000,0,6966.01
TXN-103847,2024-06-09 07:00:00,Germany,Electronics,329.71,14,0.25,195.34,4.6,5000,0,3813.52
TXN-103848,2024-06-09 08:00:00,France,Books,16.14,4,0.09,109.58,3.5,5000,1,619.69
TXN-103849,2024-06-09 09:00:00,USA,Health & Beauty,387.91,12,0.08,448.93,4.6,15000,1,5116.66
TXN-103850,2024-06-09 10:00:00,UK,Books,246.06,7,0.27,131.92,4.4,2500,0,1485.31
TXN-103851,2024-06-09 11:00:00,USA,Health & Beauty,102.13,3,0.09,,4.2,2500,0,1206.15
TXN-103852,2024-06-09 12:00:00,Germany,Home & Kitchen,77.76,1,0.2,50.22,3.3,5000,0,232.11
TXN-103853,2024-06-09 13:00:00,Japan,Home & Kitchen,305.21,13,0.22,754.67,4.1,5000,0,3715.31
TXN-103854,2024-06-09 14:00:00,Germany,Apparel,528.32,9,0.24,213.89,3.8,5000,0,3868.82
TXN-103855,2024-06-09 15:00:00,USA,Apparel,714.33,9,0.3,985.68,3.7,2500,0,5202.44
TXN-103856,2024-06-09 16:00:00,UK,Health & Beauty,168.28,6,0.24,81.02,5.0,10000,0,1281.38
TXN-103857,2024-06-09 17:00:00,Germany,Electronics,369.58,2,0.2,1578.81,3.8,15000,0,1871.59
TXN-103858,2024-06-09 18:00:00,UK,Automotive,342.28,8,0.27,103.46,2.6,15000,1,2812.09
TXN-103859,2024-06-09 19:00:00,Canada,Automotive,443.68,10,0.27,825.31,4.1,25000,0,4316.69
TXN-103860,2024-06-09 20:00:00,Canada,Electronics,691.01,6,0.29,414.22,4.3,25000,0,3682.67
TXN-103861,2024-06-09 21:00:00,Germany,Electronics,477.29,7,0.23,331.41,4.7,10000,0,3133.39
TXN-103862,2024-06-09 22:00:00,UK,Home & Kitchen,721.96,13,0.06,214.36,4.1,5000,1,9489.95
TXN-103863,2024-06-09 23:00:00,USA,,447.99,1,0.21,970.59,2.5,10000,1,1362.85
TXN-103864,2024-06-10 00:00:00,USA,Health & Beauty,519.21,3,0.02,161.42,2.8,25000,1,2608.14
TXN-103865,2024-06-10 01:00:00,UK,Books,380.22,1,0.1,688.7,2.9,25000,0,1386.43
TXN-103866,2024-06-10 02:00:00,UK,Apparel,702.28,10,0.03,345.11,3.0,15000,0,7404.51
TXN-103867,2024-06-10 03:00:00,Germany,Books,786.4,1,0.28,3299.48,4.5,10000,0,2513.14
TXN-103868,2024-06-10 04:00:00,Germany,Home & Kitchen,548.69,12,0.1,522.6,3.3,2500,0,6242.21
TXN-103869,2024-06-10 05:00:00,USA,Automotive,700.35,12,0.21,105.01,3.3,25000,1,7600.21
TXN-103870,2024-06-10 06:00:00,UK,Electronics,64.27,11,0.17,321.95,4.4,15000,0,1128.56
TXN-103871,2024-06-10 07:00:00,USA,Automotive,771.6,13,0.03,84.3,3.5,5000,0,10010.99
TXN-103872,2024-06-10 08:00:00,USA,Health & Beauty,172.75,1,0.17,218.2,2.7,10000,0,508.77
TXN-103873,2024-06-10 09:00:00,Canada,Home & Kitchen,229.19,4,0.2,260.28,4.0,25000,0,1478.44
TXN-103874,2024-06-10 10:00:00,USA,Electronics,59.53,13,0.26,1009.26,2.8,2500,1,1387.85
TXN-103875,2024-06-10 11:00:00,UK,Books,821.11,7,0.02,960.04,3.9,25000,0,6708.32
TXN-103876,2024-06-10 12:00:00,USA,Health & Beauty,726.43,7,0.09,55.81,4.4,2500,0,4854.73
TXN-103877,2024-06-10 13:00:00,Canada,Books,777.51,12,0.21,429.94,4.8,10000,0,8030.93
TXN-103878,2024-06-10 14:00:00,Germany,Apparel,722.43,13,0.01,176.51,2.7,2500,0,9527.45
TXN-103879,2024-06-10 15:00:00,USA,Home & Kitchen,415.41,5,0.06,242.9,3.3,2500,0,2256.59
TXN-103880,2024-06-10 16:00:00,UK,Health & Beauty,786.61,12,0.07,60.94,4.1,15000,0,9313.78
TXN-103881,2024-06-10 17:00:00,France,Health & Beauty,824.51,6,0.2,742.64,3.3,10000,0,4663.36
TXN-103882,2024-06-10 18:00:00,Australia,Books,434.64,2,0.09,1553.8,3.6,25000,1,2316.75
TXN-103883,2024-06-10 19:00:00,USA,Electronics,161.65,5,0.18,173.76,2.6,5000,0,936.81
TXN-103884,2024-06-10 20:00:00,Japan,Apparel,564.95,7,0.29,259.1,4.2,10000,0,3332.38
TXN-103885,2024-06-10 21:00:00,Japan,Books,829.49,14,0.24,165.61,4.7,10000,1,9491.33
TXN-103886,2024-06-10 22:00:00,Japan,Health & Beauty,743.24,9,0.1,1379.98,4.9,5000,0,6882.23
TXN-103887,2024-06-10 23:00:00,Germany,Home & Kitchen,734.62,6,0.14,54.7,4.6,25000,0,4428.4
TXN-103888,2024-06-11 00:00:00,Germany,Health & Beauty,794.74,12,0.06,488.37,2.6,15000,0,9617.6
TXN-103889,2024-06-11 01:00:00,UK,,761.45,14,0.0,1073.06,4.1,25000,0,11804.17
TXN-103890,2024-06-11 02:00:00,France,Home & Kitchen,663.2,10,0.09,153.09,3.7,5000,1,6608.4
TXN-103891,2024-06-11 03:00:00,UK,Home & Kitchen,614.76,4,0.11,495.79,4.8,25000,0,2985.24
TXN-103892,2024-06-11 04:00:00,Germany,Health & Beauty,236.08,3,0.17,75.99,4.8,10000,0,1043.71
TXN-103893,2024-06-11 05:00:00,UK,Electronics,533.82,9,0.28,892.58,5.0,15000,0,4395.46
TXN-103894,2024-06-11 06:00:00,France,Home & Kitchen,450.44,7,0.28,210.4,4.7,2500,0,2647.47
TXN-103895,2024-06-11 07:00:00,Canada,Automotive,734.72,11,0.02,2293.85,3.9,25000,0,9743.39
TXN-103896,2024-06-11 08:00:00,USA,Books,425.58,14,0.18,1325.58,4.3,2500,1,5914.89
TXN-103897,2024-06-11 09:00:00,Canada,Electronics,121.67,13,0.01,709.35,4.9,15000,1,2694.62
TXN-103898,2024-06-11 10:00:00,UK,Electronics,19.15,6,0.19,393.43,3.9,2500,0,522.37
TXN-103899,2024-06-11 11:00:00,Canada,Electronics,581.02,7,0.04,777.48,4.6,25000,0,4997.74
TXN-103900,2024-06-11 12:00:00,UK,Home & Kitchen,474.17,8,0.28,119.98,4.9,5000,0,3080.88
TXN-103901,2024-06-11 13:00:00,UK,Electronics,291.35,5,0.26,235.68,3.9,10000,0,1620.63
TXN-103902,2024-06-11 14:00:00,Japan,Health & Beauty,156.09,3,0.01,63.63,2.9,10000,0,764.37
TXN-103903,2024-06-11 15:00:00,USA,Electronics,404.71,3,0.23,567.85,2.9,2500,0,1333.33
TXN-103904,2024-06-11 16:00:00,Canada,Automotive,98.74,13,0.19,868.76,2.8,10000,0,1741.86
TXN-103905,2024-06-11 17:00:00,UK,Apparel,295.65,2,0.15,1512.04,3.7,10000,0,1531.17
TXN-103906,2024-06-11 18:00:00,UK,Automotive,331.64,8,0.18,,3.7,5000,1,3005.44
TXN-103907,2024-06-11 19:00:00,USA,Home & Kitchen,403.79,1,0.2,708.55,4.0,2500,0,892.7
TXN-103908,2024-06-11 20:00:00,Germany,Electronics,404.63,12,0.27,1179.07,3.7,5000,1,4613.15
TXN-103909,2024-06-11 21:00:00,USA,Electronics,229.6,8,0.23,1427.4,4.9,5000,0,2482.91
TXN-103910,2024-06-11 22:00:00,USA,Health & Beauty,724.93,3,0.17,387.95,3.2,15000,0,2407.02
TXN-103911,2024-06-11 23:00:00,USA,Books,311.88,9,0.25,108.15,4.7,2500,0,2499.86
TXN-103912,2024-06-12 00:00:00,USA,Electronics,206.71,12,0.3,364.07,2.8,5000,0,2041.03
TXN-103913,2024-06-12 01:00:00,Australia,Automotive,161.8,14,0.09,456.05,4.0,25000,0,2936.29
TXN-103914,2024-06-12 02:00:00,Australia,Home & Kitchen,284.35,12,0.04,549.22,4.1,10000,0,3902.0
TXN-103915,2024-06-12 03:00:00,UK,Apparel,71.41,11,0.22,2318.03,4.4,2500,0,1799.15
TXN-103916,2024-06-12 04:00:00,France,Electronics,42.48,2,0.29,1297.86,3.8,15000,0,1118.96
TXN-103917,2024-06-12 05:00:00,USA,Apparel,520.29,10,0.04,302.39,3.0,5000,0,5375.12
TXN-103918,2024-06-12 06:00:00,Germany,Electronics,531.99,9,0.13,110.21,3.4,25000,0,4915.86
TXN-103919,2024-06-12 07:00:00,Canada,Home & Kitchen,457.21,6,0.02,170.9,3.2,10000,0,3147.87
TXN-103920,2024-06-12 08:00:00,Japan,Books,651.51,1,0.23,145.46,3.5,10000,1,1072.42
TXN-103921,2024-06-12 09:00:00,UK,Automotive,47.69,5,0.28,270.04,3.8,25000,0,1059.88
TXN-103922,2024-06-12 10:00:00,France,Home & Kitchen,796.54,10,0.15,1095.71,4.1,2500,0,7461.16
TXN-103923,2024-06-12 11:00:00,USA,Apparel,94.38,9,0.12,338.1,4.6,10000,0,1258.25
TXN-103924,2024-06-12 12:00:00,Australia,Electronics,577.81,13,0.27,468.83,4.8,10000,0,6149.61
TXN-103925,2024-06-12 13:00:00,USA,Apparel,126.39,6,0.04,148.72,3.7,10000,1,1479.52
TXN-103926,2024-06-12 14:00:00,Germany,Automotive,749.72,7,0.27,389.47,2.7,5000,0,4190.06
TXN-103927,2024-06-12 15:00:00,Germany,Home & Kitchen,441.45,4,0.12,1084.26,4.5,5000,0,2340.77
TXN-103928,2024-06-12 16:00:00,Germany,Apparel,83.72,1,0.17,792.42,3.7,10000,0,865.47
TXN-103929,2024-06-12 17:00:00,USA,Apparel,529.96,5,0.16,92.34,3.9,15000,0,2668.43
TXN-103930,2024-06-12 18:00:00,Japan,Automotive,22.61,2,0.18,1040.51,4.0,10000,1,911.42
TXN-103931,2024-06-12 19:00:00,USA,Electronics,662.98,8,0.28,209.98,4.2,2500,1,4445.28
TXN-103932,2024-06-12 20:00:00,Germany,Apparel,558.24,4,0.29,597.88,4.7,15000,0,2439.15
TXN-103933,2024-06-12 21:00:00,USA,Automotive,192.54,1,0.25,129.14,4.9,2500,1,595.47
TXN-103934,2024-06-12 22:00:00,USA,Electronics,327.92,10,0.06,611.42,4.9,25000,0,4076.47
TXN-103935,2024-06-12 23:00:00,UK,Books,21.52,7,0.1,68.18,4.5,25000,0,828.91
TXN-103936,2024-06-13 00:00:00,UK,Electronics,594.23,12,0.15,508.95,4.7,5000,0,6611.96
TXN-103937,2024-06-13 01:00:00,USA,Books,284.43,11,0.27,569.14,2.6,5000,1,2841.61
TXN-103938,2024-06-13 02:00:00,USA,Home & Kitchen,492.28,2,0.16,190.19,4.6,5000,0,1118.23
TXN-103939,2024-06-13 03:00:00,UK,Automotive,813.87,3,0.29,1432.12,2.7,25000,0,3035.4
TXN-103940,2024-06-13 04:00:00,France,Electronics,265.05,14,0.3,73.53,4.4,2500,0,2867.92
TXN-103941,2024-06-13 05:00:00,Japan,Books,841.85,9,0.18,1161.47,2.9,15000,0,7286.38
TXN-103942,2024-06-13 06:00:00,USA,Books,543.33,13,0.26,290.55,3.4,5000,1,5907.67
TXN-103943,2024-06-13 07:00:00,UK,Home & Kitchen,217.14,9,0.3,675.73,3.0,25000,0,2230.02
TXN-103944,2024-06-13 08:00:00,USA,Health & Beauty,379.71,2,0.25,577.13,3.6,5000,0,1148.83
TXN-103945,2024-06-13 09:00:00,USA,Automotive,633.28,3,0.2,142.11,3.5,10000,0,2078.0
TXN-103946,2024-06-13 10:00:00,Germany,,387.81,11,0.25,242.1,2.6,15000,0,3719.6
TXN-103947,2024-06-13 11:00:00,Germany,Electronics,72.2,12,0.02,427.16,4.6,2500,0,1330.52
TXN-103948,2024-06-13 12:00:00,USA,Automotive,155.78,9,0.19,987.06,4.6,5000,0,1952.84
TXN-103949,2024-06-13 13:00:00,USA,Home & Kitchen,675.73,1,0.06,1598.99,4.5,10000,0,1743.89
TXN-103950,2024-06-13 14:00:00,USA,Electronics,556.39,2,0.03,60.4,4.6,10000,1,1594.36
TXN-103951,2024-06-13 15:00:00,Canada,Automotive,490.8,11,0.27,267.36,4.4,15000,0,4603.91
TXN-103952,2024-06-13 16:00:00,Australia,Automotive,154.96,2,0.19,601.53,4.8,25000,0,1301.7
TXN-103953,2024-06-13 17:00:00,USA,Health & Beauty,714.53,10,0.07,425.1,3.9,25000,0,7628.98
TXN-103954,2024-06-13 18:00:00,USA,Electronics,817.22,14,0.12,1482.55,4.0,5000,0,10927.28
TXN-103955,2024-06-13 19:00:00,Canada,,49.14,3,0.29,58.56,4.6,5000,0,353.7
TXN-103956,2024-06-13 20:00:00,Japan,Home & Kitchen,80.16,10,0.26,337.89,3.4,25000,0,1343.11
TXN-103957,2024-06-13 21:00:00,UK,Electronics,753.74,3,0.0,602.52,2.6,2500,0,2685.92
TXN-103958,2024-06-13 22:00:00,USA,Electronics,695.99,10,0.29,172.68,4.4,2500,0,5310.31
TXN-103959,2024-06-13 23:00:00,USA,Books,530.98,13,0.11,697.08,3.1,10000,0,6706.94
TXN-103960,2024-06-14 00:00:00,Germany,Apparel,804.05,2,0.21,92.36,3.7,15000,0,1854.4
TXN-103961,2024-06-14 01:00:00,UK,Health & Beauty,554.77,8,0.21,349.86,3.1,2500,0,3924.99
TXN-103962,2024-06-14 02:00:00,USA,Electronics,195.35,8,0.27,613.87,4.6,5000,0,1798.28
TXN-103963,2024-06-14 03:00:00,Germany,Electronics,623.42,8,0.27,205.14,4.9,2500,0,3978.76
TXN-103964,2024-06-14 04:00:00,USA,Apparel,554.17,2,0.08,88.36,2.6,15000,0,1297.63
TXN-103965,2024-06-14 05:00:00,France,Apparel,838.1,13,0.19,1623.53,3.1,5000,0,9923.38
TXN-103966,2024-06-14 06:00:00,USA,Automotive,193.6,9,0.12,1275.68,3.0,15000,0,2494.94
TXN-103967,2024-06-14 07:00:00,USA,Home & Kitchen,514.23,11,0.16,1354.35,4.2,25000,0,6107.35
TXN-103968,2024-06-14 08:00:00,Germany,Health & Beauty,666.44,7,0.17,1969.91,3.6,15000,0,5230.21
TXN-103969,2024-06-14 09:00:00,UK,Automotive,298.05,12,0.12,152.1,3.6,15000,0,3768.15
TXN-103970,2024-06-14 10:00:00,Australia,Electronics,332.03,5,0.14,135.85,2.9,15000,0,1915.26
TXN-103971,2024-06-14 11:00:00,UK,Apparel,756.4,7,0.06,67.41,3.5,5000,0,5270.45
TXN-103972,2024-06-14 12:00:00,USA,Books,352.5,8,0.18,1161.99,3.3,15000,0,3298.19
TXN-103973,2024-06-14 13:00:00,France,Home & Kitchen,536.65,9,0.23,748.7,4.0,15000,0,4569.31
TXN-103974,2024-06-14 14:00:00,USA,Automotive,757.51,2,0.13,551.55,3.0,10000,0,1802.44
TXN-103975,2024-06-14 15:00:00,Japan,Books,190.21,6,0.29,1363.3,4.0,5000,0,1853.83
TXN-103976,2024-06-14 16:00:00,UK,Home & Kitchen,834.87,9,0.02,477.92,3.4,15000,0,8025.96
TXN-103977,2024-06-14 17:00:00,UK,Books,601.13,13,0.18,119.48,3.4,2500,0,6710.82
TXN-103978,2024-06-14 18:00:00,USA,Apparel,429.26,6,0.18,147.32,3.3,15000,0,2748.02
TXN-103979,2024-06-14 19:00:00,UK,Automotive,374.82,2,0.01,120.89,4.2,2500,0,1034.92
TXN-103980,2024-06-14 20:00:00,Canada,Automotive,811.89,1,0.07,233.84,3.9,25000,0,1456.1
TXN-103981,2024-06-14 21:00:00,Canada,Home & Kitchen,186.78,12,0.27,288.61,4.6,25000,0,2390.84
TXN-103982,2024-06-14 22:00:00,USA,Books,275.26,3,0.16,846.88,3.1,5000,0,1278.27
TXN-103983,2024-06-14 23:00:00,USA,Apparel,272.01,11,0.13,156.14,2.6,5000,0,2917.07
TXN-103984,2024-06-15 00:00:00,Canada,Electronics,256.32,5,0.12,696.16,3.0,25000,0,2111.11
TXN-103985,2024-06-15 01:00:00,Japan,Automotive,406.23,7,0.27,387.88,3.4,5000,0,2593.77
TXN-103986,2024-06-15 02:00:00,USA,Electronics,840.96,10,0.11,4043.17,2.9,2500,1,9611.54
TXN-103987,2024-06-15 03:00:00,UK,Apparel,757.14,10,0.26,799.36,2.7,2500,0,6151.78
TXN-103988,2024-06-15 04:00:00,USA,Automotive,288.84,3,0.09,1786.13,,10000,0,2003.55
TXN-103989,2024-06-15 05:00:00,Canada,Automotive,368.1,9,0.16,259.54,4.2,5000,0,3234.88
TXN-103990,2024-06-15 06:00:00,USA,Books,574.02,10,0.04,115.65,4.4,5000,1,5917.29
TXN-103991,2024-06-15 07:00:00,USA,Electronics,29.32,12,0.25,402.5,3.5,10000,0,772.75
TXN-103992,2024-06-15 08:00:00,France,Books,699.83,4,0.22,116.33,3.7,15000,0,2767.42
TXN-103993,2024-06-15 09:00:00,USA,Health & Beauty,749.63,10,0.16,389.08,4.4,2500,0,6654.98
TXN-103994,2024-06-15 10:00:00,UK,Electronics,730.76,2,0.01,207.31,3.4,15000,0,1898.29
TXN-103995,2024-06-15 11:00:00,UK,Electronics,328.17,3,0.14,387.7,4.5,10000,0,1468.76
TXN-103996,2024-06-15 12:00:00,USA,Health & Beauty,400.77,5,0.07,1544.24,4.9,5000,0,2902.92
TXN-103997,2024-06-15 13:00:00,UK,Apparel,25.34,3,0.12,220.57,4.7,15000,0,696.09
TXN-103998,2024-06-15 14:00:00,UK,Apparel,348.5,5,0.26,2562.93,3.6,5000,0,2653.06
TXN-103999,2024-06-15 15:00:00,USA,Automotive,399.46,4,0.23,180.25,3.9,10000,1,1831.78
TXN-104000,2024-06-15 16:00:00,Germany,Home & Kitchen,772.32,13,0.07,166.67,4.3,25000,0,10181.81
TXN-104001,2024-06-15 17:00:00,Canada,,761.48,11,0.3,443.5,3.4,5000,0,6582.96
TXN-104002,2024-06-15 18:00:00,France,Home & Kitchen,821.69,10,0.27,972.72,4.5,15000,0,6808.94
TXN-104003,2024-06-15 19:00:00,USA,Automotive,754.06,13,0.16,742.16,3.6,15000,1,9361.93
TXN-104004,2024-06-15 20:00:00,USA,Home & Kitchen,21.85,3,0.16,692.84,4.6,10000,0,760.14
TXN-104005,2024-06-15 21:00:00,USA,Electronics,550.62,12,0.27,216.08,3.1,15000,0,5385.54
TXN-104006,2024-06-15 22:00:00,UK,Electronics,71.98,6,0.19,61.39,2.5,2500,0,535.17
TXN-104007,2024-06-15 23:00:00,UK,Health & Beauty,242.62,8,0.16,138.22,4.1,5000,0,2152.72
TXN-104008,2024-06-16 00:00:00,Germany,Health & Beauty,497.89,13,0.22,264.99,,2500,0,5315.69
TXN-104009,2024-06-16 01:00:00,USA,Automotive,600.01,12,0.07,1832.16,2.6,10000,1,8039.47
TXN-104010,2024-06-16 02:00:00,USA,Automotive,561.62,4,0.26,1311.48,3.7,2500,0,2475.16
TXN-104011,2024-06-16 03:00:00,UK,Automotive,55.96,9,0.16,161.97,2.9,2500,0,721.84
TXN-104012,2024-06-16 04:00:00,Germany,Electronics,101.51,6,0.18,696.63,4.1,5000,0,1204.21
TXN-104013,2024-06-16 05:00:00,USA,Home & Kitchen,122.37,5,0.03,482.58,3.6,5000,1,1361.99
TXN-104014,2024-06-16 06:00:00,Germany,Books,91.33,3,0.09,75.56,2.9,25000,1,1181.87
TXN-104015,2024-06-16 07:00:00,USA,Automotive,163.83,5,0.13,282.37,3.5,2500,0,1011.89
TXN-104016,2024-06-16 08:00:00,Japan,Automotive,589.89,5,0.12,382.84,3.1,5000,0,3048.29
TXN-104017,2024-06-16 09:00:00,Japan,Electronics,708.75,14,0.23,600.67,4.1,2500,0,8088.04
TXN-104018,2024-06-16 10:00:00,USA,Books,356.36,12,0.08,224.71,3.2,2500,0,4245.5
TXN-104019,2024-06-16 11:00:00,USA,Electronics,593.47,12,0.05,1407.68,4.6,10000,0,7788.58
TXN-104020,2024-06-16 12:00:00,UK,Books,182.01,4,0.17,350.63,2.5,10000,1,1245.95
TXN-104021,2024-06-16 13:00:00,USA,Electronics,827.69,12,0.18,192.86,3.5,2500,0,8563.45
TXN-104022,2024-06-16 14:00:00,Germany,Home & Kitchen,307.25,6,0.04,240.21,4.0,10000,0,2179.48
TXN-104023,2024-06-16 15:00:00,Canada,Automotive,721.3,3,0.0,746.93,2.6,5000,1,2935.5
TXN-104024,2024-06-16 16:00:00,Germany,Apparel,804.38,10,0.28,561.22,3.0,2500,0,6102.29
TXN-104025,2024-06-16 17:00:00,Canada,Apparel,737.04,1,0.02,727.74,3.3,10000,0,1384.85
TXN-104026,2024-06-16 18:00:00,UK,Automotive,71.0,7,0.27,222.9,2.6,5000,0,714.8
TXN-104027,2024-06-16 19:00:00,USA,Automotive,558.01,7,0.12,247.89,3.9,2500,0,3701.86
TXN-104028,2024-06-16 20:00:00,France,Automotive,115.28,12,0.2,302.69,4.1,2500,1,1581.88
TXN-104029,2024-06-16 21:00:00,UK,Automotive,19.73,4,0.06,154.49,3.1,10000,1,703.2
TXN-104030,2024-06-16 22:00:00,Germany,Books,58.24,9,0.25,637.28,3.9,5000,0,942.86
TXN-104031,2024-06-16 23:00:00,USA,Home & Kitchen,779.98,12,0.05,249.75,5.0,2500,1,9510.34
TXN-104032,2024-06-17 00:00:00,USA,Apparel,773.57,2,0.12,247.44,4.7,2500,0,1861.15
TXN-104033,2024-06-17 01:00:00,Australia,Health & Beauty,203.56,13,0.07,206.92,2.6,25000,0,3197.95
TXN-104034,2024-06-17 02:00:00,USA,Apparel,471.8,1,0.25,351.5,2.8,2500,0,708.54
TXN-104035,2024-06-17 03:00:00,Australia,Apparel,812.45,3,0.26,789.15,3.7,25000,0,2851.65
TXN-104036,2024-06-17 04:00:00,Australia,Electronics,429.75,7,0.11,952.75,3.1,25000,0,3771.47
TXN-104037,2024-06-17 05:00:00,France,Automotive,343.64,9,0.09,866.12,2.7,5000,0,3390.21
TXN-104038,2024-06-17 06:00:00,Germany,Automotive,418.51,2,0.23,535.36,3.1,15000,0,1250.07
TXN-104039,2024-06-17 07:00:00,Germany,Automotive,674.83,6,0.26,214.55,2.7,25000,0,3912.0
TXN-104040,2024-06-17 08:00:00,Canada,Electronics,413.53,3,0.19,713.74,3.8,5000,1,1835.36
TXN-104041,2024-06-17 09:00:00,USA,Home & Kitchen,669.04,5,0.28,70.08,3.7,10000,1,3058.31
TXN-104042,2024-06-17 10:00:00,UK,Home & Kitchen,375.47,12,0.11,850.12,2.5,25000,1,5258.7
TXN-104043,2024-06-17 11:00:00,Germany,Health & Beauty,225.42,9,0.05,807.58,3.7,15000,0,2696.69
TXN-104044,2024-06-17 12:00:00,UK,Home & Kitchen,287.6,3,0.05,604.33,3.8,10000,0,1476.89
TXN-104045,2024-06-17 13:00:00,UK,Home & Kitchen,79.98,1,0.2,101.53,4.0,25000,0,687.35
TXN-104046,2024-06-17 14:00:00,USA,Automotive,430.31,5,0.12,3014.97,4.9,25000,0,4027.87
TXN-104047,2024-06-17 15:00:00,Germany,Books,138.67,1,0.05,756.13,5.0,15000,0,976.5
TXN-104048,2024-06-17 16:00:00,Canada,Apparel,692.64,8,0.09,713.65,3.8,2500,0,5674.82
TXN-104049,2024-06-17 17:00:00,USA,Home & Kitchen,366.19,7,0.16,83.07,4.6,15000,0,2738.97
TXN-104050,2024-06-17 18:00:00,Japan,Home & Kitchen,653.78,11,0.04,304.33,2.7,5000,0,7293.87
TXN-104051,2024-06-17 19:00:00,Germany,Electronics,811.97,2,0.0,95.06,3.8,5000,0,1874.22
TXN-104052,2024-06-17 20:00:00,Canada,Health & Beauty,724.31,14,0.28,273.95,4.2,15000,0,7918.94
TXN-104053,2024-06-17 21:00:00,Germany,Books,809.47,11,0.09,472.55,3.9,15000,0,8851.39
TXN-104054,2024-06-17 22:00:00,France,Electronics,489.23,9,0.07,1105.45,3.1,15000,0,5041.13
TXN-104055,2024-06-17 23:00:00,USA,Automotive,153.05,5,0.21,216.3,2.7,15000,0,1014.78
TXN-104056,2024-06-18 00:00:00,Canada,Apparel,796.06,7,0.26,538.31,3.5,15000,0,4902.17
TXN-104057,2024-06-18 01:00:00,USA,Health & Beauty,740.2,4,0.19,139.95,4.1,25000,0,3206.2
TXN-104058,2024-06-18 02:00:00,Japan,Electronics,736.78,12,0.08,268.45,5.0,10000,0,8559.8
TXN-104059,2024-06-18 03:00:00,Australia,Home & Kitchen,593.88,13,0.26,1520.98,3.1,5000,0,6647.13
TXN-104060,2024-06-18 04:00:00,USA,Home & Kitchen,536.81,1,0.15,738.45,4.8,5000,0,1169.81
TXN-104061,2024-06-18 05:00:00,USA,Health & Beauty,27.29,14,0.11,444.62,2.7,10000,0,813.65
TXN-104062,2024-06-18 06:00:00,France,Home & Kitchen,639.63,8,0.18,194.97,4.8,15000,0,4693.71
TXN-104063,2024-06-18 07:00:00,USA,Electronics,91.43,13,0.21,,4.6,10000,0,1389.96
TXN-104064,2024-06-18 08:00:00,Canada,Electronics,231.89,1,0.18,135.21,2.6,15000,0,659.28
TXN-104065,2024-06-18 09:00:00,USA,Home & Kitchen,475.49,3,0.28,268.07,3.2,5000,0,1466.14
TXN-104066,2024-06-18 10:00:00,USA,Home & Kitchen,392.2,6,0.19,131.63,2.6,2500,0,2045.34
TXN-104067,2024-06-18 11:00:00,Australia,Automotive,28.17,8,0.26,843.12,5.0,5000,0,784.79
TXN-104068,2024-06-18 12:00:00,Germany,Apparel,703.03,8,0.18,92.1,3.6,5000,0,4891.05
TXN-104069,2024-06-18 13:00:00,Canada,Health & Beauty,748.8,2,0.1,154.99,4.2,2500,0,1711.6
TXN-104070,2024-06-18 14:00:00,USA,Electronics,584.36,9,0.16,637.48,3.1,10000,0,5184.43
TXN-104071,2024-06-18 15:00:00,Germany,Health & Beauty,466.79,4,0.03,1214.04,4.8,25000,0,3080.5
TXN-104072,2024-06-18 16:00:00,Germany,Automotive,817.22,4,0.07,1720.4,3.2,15000,0,4204.26
TXN-104073,2024-06-18 17:00:00,Germany,Electronics,115.16,14,0.23,954.01,3.2,15000,0,2051.02
TXN-104074,2024-06-18 18:00:00,Germany,Automotive,631.15,2,0.2,168.79,3.3,5000,0,1444.07
TXN-104075,2024-06-18 19:00:00,Germany,Automotive,122.18,1,0.05,218.23,3.7,2500,0,329.75
TXN-104076,2024-06-18 20:00:00,UK,Books,333.84,10,0.13,1073.01,2.5,5000,0,3615.27
TXN-104077,2024-06-18 21:00:00,USA,Home & Kitchen,503.88,7,0.04,1150.61,4.0,5000,0,4289.26
TXN-104078,2024-06-18 22:00:00,France,Books,630.47,11,0.26,561.73,2.6,10000,0,5689.14
TXN-104079,2024-06-18 23:00:00,USA,Health & Beauty,18.1,10,0.03,238.18,3.8,15000,0,667.27
TXN-104080,2024-06-19 00:00:00,Germany,Health & Beauty,232.6,3,0.2,176.84,3.6,25000,0,1342.16
TXN-104081,2024-06-19 01:00:00,USA,Home & Kitchen,464.4,4,0.18,1006.23,3.1,2500,0,2173.85
TXN-104082,2024-06-19 02:00:00,Germany,Books,459.95,11,0.14,164.87,3.3,25000,0,5111.45
TXN-104083,2024-06-19 03:00:00,France,Health & Beauty,547.42,9,0.08,592.07,4.3,2500,0,5088.86
TXN-104084,2024-06-19 04:00:00,USA,Books,268.72,6,0.12,1770.28,2.5,15000,0,2669.39
TXN-104085,2024-06-19 05:00:00,USA,Home & Kitchen,466.34,14,0.24,660.88,3.3,10000,0,5631.44
TXN-104086,2024-06-19 06:00:00,USA,Electronics,173.47,1,0.23,198.98,4.2,25000,0,966.27
TXN-104087,2024-06-19 07:00:00,Germany,Automotive,171.04,9,0.22,216.0,2.9,2500,0,1586.33
TXN-104088,2024-06-19 08:00:00,Canada,Automotive,496.43,9,0.22,98.75,3.9,5000,0,3742.2
TXN-104089,2024-06-19 09:00:00,USA,Books,587.37,5,0.04,629.56,2.9,15000,0,3511.93
TXN-104090,2024-06-19 10:00:00,France,Health & Beauty,115.53,8,0.03,415.36,2.9,10000,0,1477.43
TXN-104091,2024-06-19 11:00:00,USA,Books,117.53,7,0.26,165.63,4.4,5000,0,975.51
TXN-104092,2024-06-19 12:00:00,UK,Books,487.03,11,0.25,179.17,3.2,10000,0,4341.53
TXN-104093,2024-06-19 13:00:00,Japan,Apparel,240.53,8,0.2,54.53,3.4,2500,0,1793.56
TXN-104094,2024-06-19 14:00:00,USA,Automotive,342.65,9,0.18,1967.98,4.3,5000,0,3668.53
TXN-104095,2024-06-19 15:00:00,UK,Home & Kitchen,349.62,14,0.11,930.18,2.9,10000,0,5274.97
TXN-104096,2024-06-19 16:00:00,USA,Books,164.09,2,0.07,,3.8,15000,0,990.93
TXN-104097,2024-06-19 17:00:00,USA,Apparel,16.1,10,0.2,1510.22,4.8,25000,0,1617.17
TXN-104098,2024-06-19 18:00:00,USA,Apparel,727.38,5,0.27,615.24,3.9,25000,0,3610.63
TXN-104099,2024-06-19 19:00:00,USA,Automotive,612.03,8,0.13,746.08,2.6,5000,0,4837.31
TXN-104100,2024-06-19 20:00:00,Germany,Automotive,591.6,3,0.09,619.65,4.0,15000,0,2346.52
TXN-104101,2024-06-19 21:00:00,UK,,471.33,11,0.08,757.04,2.7,15000,1,5714.98
TXN-104102,2024-06-19 22:00:00,UK,Home & Kitchen,600.31,11,0.01,143.73,3.2,10000,1,7123.11
TXN-104103,2024-06-19 23:00:00,USA,Apparel,796.3,6,0.16,463.22,4.6,5000,1,4949.73
TXN-104104,2024-06-20 00:00:00,USA,Health & Beauty,570.84,6,0.3,996.49,2.5,15000,0,3290.2
TXN-104105,2024-06-20 01:00:00,Germany,Home & Kitchen,236.35,7,0.24,59.87,2.7,10000,0,1500.01
TXN-104106,2024-06-20 02:00:00,Australia,Electronics,491.42,13,0.27,115.88,3.4,15000,0,5245.64
TXN-104107,2024-06-20 03:00:00,USA,Books,384.34,11,0.19,190.94,5.0,5000,0,4045.25
TXN-104108,2024-06-20 04:00:00,Japan,Automotive,479.61,3,0.14,224.58,3.2,15000,0,1659.6
TXN-104109,2024-06-20 05:00:00,Germany,Apparel,447.2,8,0.3,150.88,2.9,15000,0,3050.74
TXN-104110,2024-06-20 06:00:00,Germany,Books,732.08,8,0.13,539.52,3.9,15000,0,5723.75
TXN-104111,2024-06-20 07:00:00,UK,Home & Kitchen,559.25,9,0.28,224.08,3.8,25000,0,4488.22
TXN-104112,2024-06-20 08:00:00,USA,Electronics,172.61,8,0.23,136.05,3.6,2500,0,1165.35
TXN-104113,2024-06-20 09:00:00,USA,Home & Kitchen,67.62,3,0.1,1231.31,4.9,5000,0,1063.47
TXN-104114,2024-06-20 10:00:00,Germany,Home & Kitchen,369.34,6,0.15,643.78,3.2,25000,1,3102.83
TXN-104115,2024-06-20 11:00:00,USA,Health & Beauty,28.03,9,0.12,191.22,,2500,0,391.28
TXN-104116,2024-06-20 12:00:00,Japan,Books,280.78,1,0.04,273.89,,15000,0,858.82
TXN-104117,2024-06-20 13:00:00,UK,Health & Beauty,322.3,3,0.11,725.05,4.2,15000,0,1638.63
TXN-104118,2024-06-20 14:00:00,USA,Home & Kitchen,328.62,2,0.27,832.5,3.3,25000,0,1640.76
TXN-104119,2024-06-20 15:00:00,France,Electronics,832.76,12,0.23,147.06,4.5,10000,1,8299.48
TXN-104120,2024-06-20 16:00:00,USA,Apparel,268.76,8,0.08,1428.96,4.9,5000,1,3264.29
TXN-104121,2024-06-20 17:00:00,UK,Apparel,236.46,6,0.11,819.19,2.6,2500,0,1790.33
TXN-104122,2024-06-20 18:00:00,Germany,Books,123.03,10,0.18,1021.81,5.0,15000,0,2097.15
TXN-104123,2024-06-20 19:00:00,Japan,Automotive,441.69,11,0.12,127.66,3.1,5000,1,4927.84
TXN-104124,2024-06-20 20:00:00,France,Automotive,143.32,11,0.15,127.37,3.6,15000,1,2089.23
TXN-104125,2024-06-20 21:00:00,Germany,Apparel,529.61,8,0.21,232.19,4.4,15000,0,3946.05
TXN-104126,2024-06-20 22:00:00,Germany,Home & Kitchen,144.56,2,0.14,83.42,4.2,15000,0,847.88
TXN-104127,2024-06-20 23:00:00,Japan,Home & Kitchen,496.52,11,0.06,97.74,4.4,5000,0,5517.76
TXN-104128,2024-06-21 00:00:00,USA,Health & Beauty,704.93,6,0.16,127.28,3.7,25000,0,4267.24
TXN-104129,2024-06-21 01:00:00,USA,Books,50.51,7,0.11,673.14,4.8,5000,1,1116.92
TXN-104130,2024-06-21 02:00:00,USA,Health & Beauty,365.49,8,0.09,65.35,4.5,5000,0,3021.9
TXN-104131,2024-06-21 03:00:00,USA,Automotive,399.98,9,0.1,93.46,3.3,10000,0,3541.51
TXN-104132,2024-06-21 04:00:00,Germany,Apparel,675.55,5,0.13,1492.84,4.9,10000,0,4082.78
TXN-104133,2024-06-21 05:00:00,Germany,Home & Kitchen,405.71,11,0.27,93.68,4.9,25000,0,4109.35
TXN-104134,2024-06-21 06:00:00,Germany,Apparel,488.89,3,0.22,435.51,3.5,10000,0,1631.39
TXN-104135,2024-06-21 07:00:00,USA,Electronics,675.66,2,0.2,564.41,4.1,25000,0,1986.16
TXN-104136,2024-06-21 08:00:00,France,Apparel,482.4,8,0.14,1642.16,4.5,15000,0,4509.93
TXN-104137,2024-06-21 09:00:00,USA,Electronics,314.18,1,0.0,1200.31,4.5,15000,0,1441.13
TXN-104138,2024-06-21 10:00:00,Germany,Health & Beauty,86.68,10,0.1,340.52,2.5,5000,0,1150.23
TXN-104139,2024-06-21 11:00:00,Germany,Health & Beauty,624.48,6,0.24,1475.07,4.1,15000,1,4216.63
TXN-104140,2024-06-21 12:00:00,USA,Automotive,742.4,2,0.12,333.05,4.9,10000,0,1928.8
TXN-104141,2024-06-21 13:00:00,USA,Apparel,825.0,3,0.17,604.21,3.1,2500,0,2477.18
TXN-104142,2024-06-21 14:00:00,USA,Apparel,788.71,8,0.06,200.29,4.5,5000,0,6307.43
TXN-104143,2024-06-21 15:00:00,Canada,Electronics,680.84,1,0.27,556.19,3.8,25000,0,1329.1
TXN-104144,2024-06-21 16:00:00,Japan,Health & Beauty,552.3,6,0.28,436.3,3.1,15000,0,3088.86
TXN-104145,2024-06-21 17:00:00,Germany,Electronics,667.52,3,0.04,516.76,2.6,5000,0,2284.64
TXN-104146,2024-06-21 18:00:00,USA,Health & Beauty,375.79,6,0.22,623.88,4.4,5000,1,2702.08
TXN-104147,2024-06-21 19:00:00,UK,Electronics,511.64,3,0.02,145.25,3.3,5000,0,1837.2
TXN-104148,2024-06-21 20:00:00,France,Health & Beauty,306.16,11,0.18,229.24,3.4,15000,0,3305.18
TXN-104149,2024-06-21 21:00:00,France,Electronics,287.8,11,0.05,716.36,3.7,25000,0,3995.32
TXN-104150,2024-06-21 22:00:00,USA,Health & Beauty,646.84,8,0.04,139.46,3.8,5000,0,5438.28
TXN-104151,2024-06-21 23:00:00,USA,Books,394.03,5,0.0,260.98,3.0,5000,0,2214.9
TXN-104152,2024-06-22 00:00:00,France,Electronics,192.15,4,0.28,599.02,4.2,5000,0,1010.19
TXN-104153,2024-06-22 01:00:00,UK,Apparel,183.62,9,0.25,1437.5,4.2,15000,0,2452.06
TXN-104154,2024-06-22 02:00:00,USA,Automotive,732.41,5,0.02,89.14,2.9,10000,1,4135.71
TXN-104155,2024-06-22 03:00:00,USA,Books,580.93,12,0.18,413.41,3.8,25000,0,6514.25
TXN-104156,2024-06-22 04:00:00,UK,Books,470.95,14,0.07,92.73,4.0,5000,0,6418.05
TXN-104157,2024-06-22 05:00:00,Canada,Electronics,349.78,4,0.08,288.32,3.0,5000,0,1741.97
TXN-104158,2024-06-22 06:00:00,Australia,Automotive,374.73,8,0.26,146.42,4.7,5000,0,2660.55
TXN-104159,2024-06-22 07:00:00,Germany,Apparel,62.96,8,0.03,574.11,3.7,15000,0,1202.12
TXN-104160,2024-06-22 08:00:00,UK,Books,394.85,8,0.18,759.06,2.8,10000,0,3289.83
TXN-104161,2024-06-22 09:00:00,USA,Apparel,679.2,4,0.12,192.07,,5000,0,2755.82
TXN-104162,2024-06-22 10:00:00,UK,,338.97,13,0.06,673.94,3.7,5000,0,4631.78
TXN-104163,2024-06-22 11:00:00,UK,Automotive,335.29,1,0.14,346.03,2.5,15000,0,781.8
TXN-104164,2024-06-22 12:00:00,Germany,Home & Kitchen,28.12,2,0.28,216.74,2.6,25000,0,592.09
TXN-104165,2024-06-22 13:00:00,UK,Health & Beauty,397.29,4,0.23,420.54,2.6,25000,1,2399.14
TXN-104166,2024-06-22 14:00:00,USA,Automotive,36.16,10,0.04,288.74,3.8,10000,1,1044.46
TXN-104167,2024-06-22 15:00:00,USA,Electronics,491.24,2,0.25,180.68,3.3,25000,0,1467.75
TXN-104168,2024-06-22 16:00:00,USA,Electronics,438.16,11,0.28,757.03,4.7,5000,0,4165.5
TXN-104169,2024-06-22 17:00:00,USA,Apparel,716.41,10,0.08,848.57,3.9,15000,1,7620.63
TXN-104170,2024-06-22 18:00:00,USA,Books,500.79,14,0.1,855.5,4.4,5000,1,7175.12
TXN-104171,2024-06-22 19:00:00,Australia,Home & Kitchen,285.06,14,0.04,290.75,,5000,0,4177.37
TXN-104172,2024-06-22 20:00:00,UK,Electronics,446.05,3,0.1,142.88,3.8,10000,0,1407.89
TXN-104173,2024-06-22 21:00:00,UK,Automotive,599.25,9,0.2,967.58,4.4,25000,0,5442.8
TXN-104174,2024-06-22 22:00:00,Canada,Books,93.46,9,0.08,249.69,3.9,25000,0,1748.68
TXN-104175,2024-06-22 23:00:00,Australia,Books,533.6,14,0.0,739.3,3.5,25000,1,8668.23
TXN-104176,2024-06-23 00:00:00,Germany,Automotive,780.38,11,0.1,900.37,3.6,5000,0,8352.76
TXN-104177,2024-06-23 01:00:00,Canada,Books,264.77,9,0.14,780.84,4.6,15000,0,2878.11
TXN-104178,2024-06-23 02:00:00,USA,Electronics,538.23,7,0.17,296.99,3.9,15000,0,3761.19
TXN-104179,2024-06-23 03:00:00,USA,Automotive,700.81,4,0.21,1440.45,3.4,5000,0,3186.28
TXN-104180,2024-06-23 04:00:00,UK,Automotive,442.36,1,0.02,589.64,2.9,2500,0,812.59
TXN-104181,2024-06-23 05:00:00,Germany,Apparel,614.51,3,0.14,478.71,3.7,5000,0,2104.36
TXN-104182,2024-06-23 06:00:00,Germany,Home & Kitchen,274.69,14,0.08,648.51,3.1,25000,0,4462.48
TXN-104183,2024-06-23 07:00:00,USA,Apparel,270.56,8,0.28,72.88,4.9,5000,0,1935.63
TXN-104184,2024-06-23 08:00:00,USA,Home & Kitchen,572.43,4,0.11,297.57,3.7,2500,0,2424.36
TXN-104185,2024-06-23 09:00:00,Germany,Automotive,604.02,10,0.03,1115.23,2.5,5000,0,6495.36
TXN-104186,2024-06-23 10:00:00,USA,Books,797.4,10,0.01,137.82,2.7,25000,0,8535.69
TXN-104187,2024-06-23 11:00:00,Germany,Home & Kitchen,202.74,2,0.08,317.56,3.2,10000,0,896.93
TXN-104188,2024-06-23 12:00:00,Germany,Automotive,405.96,14,0.05,309.81,2.7,15000,0,5948.97
TXN-104189,2024-06-23 13:00:00,France,Automotive,224.18,8,0.19,270.06,4.7,2500,0,1899.09
TXN-104190,2024-06-23 14:00:00,France,Apparel,81.88,7,0.25,463.17,4.6,10000,0,1027.5
TXN-104191,2024-06-23 15:00:00,Canada,Apparel,351.7,11,0.09,2836.12,4.9,15000,1,5648.11
TXN-104192,2024-06-23 16:00:00,UK,Books,327.36,10,0.17,197.76,4.3,10000,0,3042.57
TXN-104193,2024-06-23 17:00:00,France,Health & Beauty,240.81,9,0.22,660.32,4.1,5000,0,2298.0
TXN-104194,2024-06-23 18:00:00,Germany,Electronics,262.99,2,0.12,759.4,4.8,5000,1,1267.42
TXN-104195,2024-06-23 19:00:00,USA,Health & Beauty,315.94,5,0.02,489.13,4.9,15000,0,2378.42
TXN-104196,2024-06-23 20:00:00,USA,Health & Beauty,840.68,6,0.07,101.28,4.7,15000,0,5236.12
TXN-104197,2024-06-23 21:00:00,USA,Books,668.77,13,0.26,474.75,4.7,5000,0,6931.46
TXN-104198,2024-06-23 22:00:00,UK,Home & Kitchen,74.62,2,0.25,1583.77,4.2,5000,0,1047.53
TXN-104199,2024-06-23 23:00:00,Germany,Books,743.47,2,0.03,259.32,2.5,15000,0,2024.62
TXN-104200,2024-06-24 00:00:00,Canada,Books,543.81,13,0.07,560.39,3.6,15000,0,7334.29
TXN-104201,2024-06-24 01:00:00,USA,Automotive,758.65,14,0.23,1651.97,4.1,15000,0,9383.61
TXN-104202,2024-06-24 02:00:00,USA,Automotive,300.33,14,0.15,849.72,3.9,25000,1,4935.04
TXN-104203,2024-06-24 03:00:00,Australia,Automotive,402.87,10,0.23,632.87,4.6,25000,0,4111.54
TXN-104204,2024-06-24 04:00:00,USA,Electronics,763.35,14,0.06,1822.8,4.5,5000,0,11175.32
TXN-104205,2024-06-24 05:00:00,UK,Home & Kitchen,242.6,4,0.29,143.52,4.0,25000,0,1496.2
TXN-104206,2024-06-24 06:00:00,Germany,Home & Kitchen,779.44,8,0.24,790.85,2.6,2500,0,5406.79
TXN-104207,2024-06-24 07:00:00,UK,Automotive,706.8,14,0.06,311.14,3.4,5000,1,9967.05
TXN-104208,2024-06-24 08:00:00,USA,Health & Beauty,833.77,13,0.17,273.48,3.1,2500,0,9331.62
TXN-104209,2024-06-24 09:00:00,USA,Electronics,285.76,11,0.03,417.69,3.3,10000,1,3909.01
TXN-104210,2024-06-24 10:00:00,USA,Health & Beauty,211.85,5,0.11,67.17,4.0,2500,1,1376.76
TXN-104211,2024-06-24 11:00:00,Germany,Apparel,291.27,9,0.2,237.37,2.7,10000,1,2760.81
TXN-104212,2024-06-24 12:00:00,UK,Home & Kitchen,812.13,4,0.1,140.89,2.6,2500,0,3123.18
TXN-104213,2024-06-24 13:00:00,USA,Home & Kitchen,293.12,3,0.2,124.65,3.6,10000,0,1145.61
TXN-104214,2024-06-24 14:00:00,Germany,Health & Beauty,486.95,10,0.07,255.75,4.5,10000,0,5063.58
TXN-104215,2024-06-24 15:00:00,Canada,Electronics,352.07,8,0.22,860.41,2.6,5000,0,2941.79
TXN-104216,2024-06-24 16:00:00,USA,Home & Kitchen,345.84,1,0.11,162.27,4.6,15000,0,1007.75
TXN-104217,2024-06-24 17:00:00,UK,Health & Beauty,176.47,9,0.24,429.02,3.5,15000,0,1736.43
TXN-104218,2024-06-24 18:00:00,Germany,Books,463.46,4,0.04,740.47,2.8,5000,0,2367.48
TXN-104219,2024-06-24 19:00:00,USA,Books,724.25,11,0.11,187.86,3.9,10000,0,7607.1
TXN-104220,2024-06-24 20:00:00,USA,Electronics,56.32,9,0.14,1339.85,4.9,15000,0,1566.07
TXN-104221,2024-06-24 21:00:00,Germany,Health & Beauty,757.5,8,0.13,1056.82,3.9,15000,0,6181.99
TXN-104222,2024-06-24 22:00:00,Japan,Books,570.67,3,0.13,194.63,4.2,2500,0,1926.33
TXN-104223,2024-06-24 23:00:00,Canada,Electronics,529.98,3,0.13,2334.81,4.5,25000,0,3162.83
TXN-104224,2024-06-25 00:00:00,Germany,Automotive,537.63,14,0.3,603.08,4.5,5000,1,6009.19
TXN-104225,2024-06-25 01:00:00,France,Electronics,262.39,9,0.06,218.51,,25000,1,3267.73
TXN-104226,2024-06-25 02:00:00,UK,Apparel,361.65,3,0.23,621.34,4.4,10000,0,1550.43
TXN-104227,2024-06-25 03:00:00,Germany,Automotive,682.41,4,0.17,598.68,4.9,2500,0,2754.01
TXN-104228,2024-06-25 04:00:00,UK,Health & Beauty,270.83,9,0.12,515.95,4.3,15000,0,2809.57
TXN-104229,2024-06-25 05:00:00,USA,Automotive,407.47,12,0.19,671.87,4.6,2500,0,4456.26
TXN-104230,2024-06-25 06:00:00,France,Automotive,31.39,4,0.26,206.2,3.7,5000,0,546.9
TXN-104231,2024-06-25 07:00:00,Germany,Health & Beauty,627.52,11,0.14,1981.27,3.3,10000,0,7223.57
TXN-104232,2024-06-25 08:00:00,UK,Health & Beauty,363.78,3,0.26,1025.6,4.2,2500,0,1584.61
TXN-104233,2024-06-25 09:00:00,Japan,Books,453.67,14,0.03,734.7,3.7,2500,0,6724.31
TXN-104234,2024-06-25 10:00:00,USA,Apparel,110.77,7,0.2,63.33,4.7,2500,1,1105.79
TXN-104235,2024-06-25 11:00:00,USA,Health & Beauty,843.08,6,0.1,496.27,4.9,15000,0,5232.91
TXN-104236,2024-06-25 12:00:00,USA,Home & Kitchen,267.56,1,0.12,662.91,4.5,10000,0,1022.11
TXN-104237,2024-06-25 13:00:00,France,Home & Kitchen,545.22,14,0.17,1012.42,5.0,15000,0,7351.74
TXN-104238,2024-06-25 14:00:00,France,Apparel,500.33,10,0.14,1510.84,3.4,2500,0,5164.46
TXN-104239,2024-06-25 15:00:00,USA,Electronics,670.55,8,0.11,1287.6,4.7,15000,0,5866.94
TXN-104240,2024-06-25 16:00:00,Germany,Electronics,260.35,1,0.09,310.48,3.3,15000,0,904.98
TXN-104241,2024-06-25 17:00:00,UK,Home & Kitchen,646.2,4,0.19,1184.1,2.8,5000,0,2897.59
TXN-104242,2024-06-25 18:00:00,France,Health & Beauty,334.39,6,0.15,50.37,4.1,25000,0,2405.17
TXN-104243,2024-06-25 19:00:00,UK,Apparel,358.32,6,0.1,266.53,3.6,25000,0,2713.17
TXN-104244,2024-06-25 20:00:00,UK,Electronics,576.71,7,0.06,110.45,4.8,5000,1,4363.21
TXN-104245,2024-06-25 21:00:00,Japan,Electronics,669.88,14,0.23,1123.08,3.7,5000,0,7995.04
TXN-104246,2024-06-25 22:00:00,USA,Automotive,571.83,11,0.24,1365.42,4.8,15000,0,5887.91
TXN-104247,2024-06-25 23:00:00,USA,Home & Kitchen,766.4,12,0.06,197.86,2.7,15000,0,9151.52
TXN-104248,2024-06-26 00:00:00,Germany,Health & Beauty,253.11,14,0.08,278.89,4.6,10000,0,3749.23
TXN-104249,2024-06-26 01:00:00,Australia,Apparel,767.01,5,0.07,2113.77,4.4,25000,0,5108.61
TXN-104250,2024-06-26 02:00:00,UK,Electronics,124.27,5,0.27,467.43,4.3,15000,0,1233.73
TXN-104251,2024-06-26 03:00:00,USA,Automotive,565.71,4,0.23,393.64,3.4,10000,0,2318.37
TXN-104252,2024-06-26 04:00:00,USA,Home & Kitchen,472.27,6,0.02,397.01,4.5,25000,1,3886.86
TXN-104253,2024-06-26 05:00:00,UK,Home & Kitchen,428.02,7,0.25,645.67,3.7,10000,0,2878.41
TXN-104254,2024-06-26 06:00:00,USA,Apparel,274.61,10,0.01,1595.49,4.3,10000,0,3719.01
TXN-104255,2024-06-26 07:00:00,Germany,Electronics,435.62,10,0.08,278.34,3.9,5000,0,4493.73
TXN-104256,2024-06-26 08:00:00,Australia,Apparel,150.08,1,0.28,144.77,2.9,2500,0,454.02
TXN-104257,2024-06-26 09:00:00,UK,Apparel,323.38,9,0.26,152.29,,2500,0,2386.7
TXN-104258,2024-06-26 10:00:00,UK,,97.4,14,0.23,60.28,3.4,2500,0,1306.24
TXN-104259,2024-06-26 11:00:00,UK,Automotive,492.49,8,0.14,455.3,4.8,10000,0,3930.12
TXN-104260,2024-06-26 12:00:00,USA,Home & Kitchen,94.97,7,0.1,1373.36,,15000,0,1694.17
TXN-104261,2024-06-26 13:00:00,Japan,Books,148.89,9,0.26,674.27,4.5,2500,0,1492.49
TXN-104262,2024-06-26 14:00:00,UK,Health & Beauty,86.36,3,0.2,2528.4,3.9,15000,0,1765.78
TXN-104263,2024-06-26 15:00:00,UK,Home & Kitchen,333.39,10,0.09,1251.35,,25000,1,4544.37
TXN-104264,2024-06-26 16:00:00,Germany,Home & Kitchen,718.04,4,0.14,388.5,3.4,2500,0,2813.94
TXN-104265,2024-06-26 17:00:00,UK,Automotive,772.26,7,0.26,383.3,2.6,10000,0,4479.53
TXN-104266,2024-06-26 18:00:00,Germany,Health & Beauty,75.03,6,0.27,544.91,4.5,5000,0,960.87
TXN-104267,2024-06-26 19:00:00,USA,Electronics,544.85,14,0.2,108.79,4.3,10000,0,6375.82
TXN-104268,2024-06-26 20:00:00,Canada,Health & Beauty,586.46,13,0.22,517.84,3.8,15000,0,6608.07
TXN-104269,2024-06-26 21:00:00,Japan,Electronics,460.7,2,0.01,361.88,3.3,25000,0,1774.07
TXN-104270,2024-06-26 22:00:00,Germany,Health & Beauty,571.93,2,0.18,564.65,3.0,10000,0,1542.64
TXN-104271,2024-06-26 23:00:00,Australia,Apparel,210.13,10,0.21,466.45,3.7,5000,0,2074.05
TXN-104272,2024-06-27 00:00:00,USA,Health & Beauty,423.85,7,0.01,235.82,4.2,5000,0,3500.82
TXN-104273,2024-06-27 01:00:00,UK,Books,341.38,9,0.25,517.94,3.9,25000,0,3428.6
TXN-104274,2024-06-27 02:00:00,Germany,Books,89.91,11,0.28,277.86,3.6,2500,0,1047.88
TXN-104275,2024-06-27 03:00:00,Germany,Automotive,537.34,12,0.07,158.22,3.8,10000,0,6359.6
TXN-104276,2024-06-27 04:00:00,UK,Electronics,428.5,9,0.25,612.07,2.8,10000,0,3473.72
TXN-104277,2024-06-27 05:00:00,USA,Home & Kitchen,244.77,7,0.2,232.89,4.2,5000,1,1924.33
TXN-104278,2024-06-27 06:00:00,USA,Automotive,410.53,11,0.17,1149.22,4.3,15000,0,4790.84
TXN-104279,2024-06-27 07:00:00,UK,Books,662.37,8,0.25,161.15,2.5,10000,0,4405.28
TXN-104280,2024-06-27 08:00:00,USA,Books,684.38,10,0.09,508.33,3.2,5000,0,6779.43
TXN-104281,2024-06-27 09:00:00,France,Electronics,557.35,3,0.24,473.79,2.7,15000,0,1937.42
TXN-104282,2024-06-27 10:00:00,USA,Books,405.57,1,0.09,160.16,5.0,2500,0,734.44
TXN-104283,2024-06-27 11:00:00,USA,Books,495.75,7,0.24,339.81,4.0,2500,0,2939.7
TXN-104284,2024-06-27 12:00:00,Germany,Electronics,336.49,8,0.14,612.79,3.7,5000,0,2759.51
TXN-104285,2024-06-27 13:00:00,Germany,Books,120.67,2,0.04,241.75,3.7,5000,0,445.31
TXN-104286,2024-06-27 14:00:00,Canada,Home & Kitchen,336.99,9,0.11,,4.9,2500,1,3275.95
TXN-104287,2024-06-27 15:00:00,Germany,Apparel,457.83,4,0.07,527.57,4.1,5000,1,2544.1
TXN-104288,2024-06-27 16:00:00,USA,Automotive,515.03,10,0.03,176.88,2.9,25000,0,5798.02
TXN-104289,2024-06-27 17:00:00,Canada,Home & Kitchen,796.39,11,0.03,622.03,3.6,10000,0,9206.4
TXN-104290,2024-06-27 18:00:00,UK,Home & Kitchen,664.07,9,0.23,964.63,4.4,25000,0,5704.71
TXN-104291,2024-06-27 19:00:00,USA,Apparel,141.91,13,0.26,115.83,3.6,15000,0,2028.03
TXN-104292,2024-06-27 20:00:00,Germany,Automotive,160.44,3,0.28,337.78,3.3,5000,1,921.15
TXN-104293,2024-06-27 21:00:00,Japan,Home & Kitchen,98.91,8,0.26,344.32,5.0,5000,0,985.85
TXN-104294,2024-06-27 22:00:00,UK,Books,631.38,11,0.25,550.56,4.8,15000,0,6033.97
TXN-104295,2024-06-27 23:00:00,USA,Apparel,604.61,2,0.02,253.54,4.9,10000,0,1832.13
TXN-104296,2024-06-28 00:00:00,USA,Automotive,838.61,14,0.24,321.13,2.8,2500,0,9386.73
TXN-104297,2024-06-28 01:00:00,USA,Health & Beauty,450.89,3,0.23,56.03,3.1,25000,0,1786.04
TXN-104298,2024-06-28 02:00:00,UK,Electronics,705.06,1,0.04,115.3,3.6,10000,0,1149.51
TXN-104299,2024-06-28 03:00:00,Germany,Books,496.33,5,0.2,471.82,4.6,2500,0,2519.67
TXN-104300,2024-06-28 04:00:00,USA,Apparel,744.86,4,0.14,171.61,4.3,2500,1,3110.79
TXN-104301,2024-06-28 05:00:00,Japan,Electronics,617.05,13,0.27,128.08,4.6,5000,0,6156.34
TXN-104302,2024-06-28 06:00:00,France,Health & Beauty,551.81,1,0.21,246.09,4.8,15000,0,1084.65
TXN-104303,2024-06-28 07:00:00,Germany,Home & Kitchen,486.88,10,0.29,139.29,4.5,5000,0,3686.38
TXN-104304,2024-06-28 08:00:00,Canada,Home & Kitchen,618.68,9,0.03,80.74,3.2,15000,0,5856.74
TXN-104305,2024-06-28 09:00:00,USA,Automotive,365.41,6,0.01,216.94,,5000,0,2469.7
TXN-104306,2024-06-28 10:00:00,UK,Apparel,95.64,6,0.29,139.78,3.4,25000,1,1419.99
TXN-104307,2024-06-28 11:00:00,Germany,Apparel,48.39,14,0.02,853.21,3.3,5000,0,1313.97
TXN-104308,2024-06-28 12:00:00,Canada,Automotive,414.98,11,0.12,82.35,3.1,25000,0,4812.48
TXN-104309,2024-06-28 13:00:00,France,Electronics,515.41,2,0.19,738.06,4.4,10000,0,1630.87
TXN-104310,2024-06-28 14:00:00,USA,Home & Kitchen,80.84,14,0.26,291.28,2.6,10000,0,1234.45
TXN-104311,2024-06-28 15:00:00,Japan,Home & Kitchen,254.56,7,0.08,612.46,4.3,5000,0,2262.27
TXN-104312,2024-06-28 16:00:00,USA,Apparel,283.9,12,0.01,77.06,4.6,10000,0,3676.23
TXN-104313,2024-06-28 17:00:00,Canada,Apparel,484.93,12,0.16,1317.28,2.7,2500,0,5710.96
TXN-104314,2024-06-28 18:00:00,Australia,Automotive,247.53,9,0.14,779.17,2.7,25000,0,2828.32
TXN-104315,2024-06-28 19:00:00,USA,Health & Beauty,94.87,6,0.09,125.49,3.2,15000,0,969.84
TXN-104316,2024-06-28 20:00:00,France,Electronics,152.66,11,0.26,173.45,3.0,25000,0,2063.14
TXN-104317,2024-06-28 21:00:00,USA,Books,160.25,8,0.22,566.41,4.0,5000,0,1566.01
TXN-104318,2024-06-28 22:00:00,UK,Health & Beauty,718.65,12,0.26,1322.73,4.2,10000,0,7350.39
TXN-104319,2024-06-28 23:00:00,UK,Health & Beauty,252.41,5,0.05,345.14,4.1,10000,0,1820.07
TXN-104320,2024-06-29 00:00:00,Germany,Apparel,611.77,2,0.21,382.41,3.4,2500,1,1709.54
TXN-104321,2024-06-29 01:00:00,Japan,Apparel,489.15,13,0.29,185.77,,10000,0,4884.97
TXN-104322,2024-06-29 02:00:00,Germany,Apparel,830.83,4,0.18,,4.1,5000,0,3083.68
TXN-104323,2024-06-29 03:00:00,UK,Health & Beauty,242.81,12,0.05,218.45,2.8,5000,0,3157.23
TXN-104324,2024-06-29 04:00:00,Canada,Electronics,147.24,1,0.3,,3.1,15000,0,686.72
TXN-104325,2024-06-29 05:00:00,Australia,Apparel,58.45,1,0.16,60.41,4.7,25000,0,638.89
TXN-104326,2024-06-29 06:00:00,USA,Home & Kitchen,216.2,6,0.25,70.96,3.4,25000,1,2050.45
TXN-104327,2024-06-29 07:00:00,Australia,Electronics,586.2,2,0.04,620.79,4.5,25000,0,2068.82
TXN-104328,2024-06-29 08:00:00,USA,Home & Kitchen,86.19,6,0.2,622.53,3.1,15000,1,1302.96
TXN-104329,2024-06-29 09:00:00,Canada,Electronics,219.33,1,0.27,250.41,2.6,15000,0,690.72
TXN-104330,2024-06-29 10:00:00,USA,Apparel,729.18,11,0.16,1133.43,3.8,15000,0,7790.83
TXN-104331,2024-06-29 11:00:00,USA,Books,501.77,10,0.09,204.7,4.7,2500,1,5260.5
TXN-104332,2024-06-29 12:00:00,UK,Automotive,73.05,3,0.04,301.91,4.5,15000,0,853.32
TXN-104333,2024-06-29 13:00:00,Germany,Apparel,54.82,14,0.09,707.22,3.1,10000,0,1559.02
TXN-104334,2024-06-29 14:00:00,UK,Health & Beauty,66.04,9,0.11,730.45,4.8,2500,1,1599.53
TXN-104335,2024-06-29 15:00:00,USA,Books,801.47,2,0.21,1037.24,3.7,10000,0,2135.42
TXN-104336,2024-06-29 16:00:00,Germany,Health & Beauty,724.64,8,0.05,64.74,2.6,25000,0,6148.43
TXN-104337,2024-06-29 17:00:00,Japan,Electronics,720.52,6,0.03,151.52,2.6,5000,0,4451.66
TXN-104338,2024-06-29 18:00:00,UK,Health & Beauty,786.72,12,0.12,561.62,3.7,25000,0,9214.77
TXN-104339,2024-06-29 19:00:00,USA,Books,436.89,6,0.14,256.4,3.9,15000,0,2964.84
TXN-104340,2024-06-29 20:00:00,UK,Books,221.53,7,0.19,72.27,2.7,5000,1,1786.96
TXN-104341,2024-06-29 21:00:00,USA,Apparel,350.13,5,0.21,491.51,4.8,25000,0,2389.82
TXN-104342,2024-06-29 22:00:00,Canada,Home & Kitchen,615.25,12,0.27,299.67,4.3,2500,0,5823.45
TXN-104343,2024-06-29 23:00:00,Canada,Apparel,746.49,11,0.09,,4.5,15000,0,8147.73
TXN-104344,2024-06-30 00:00:00,Germany,Electronics,378.3,4,0.16,203.51,4.0,25000,0,2129.79
TXN-104345,2024-06-30 01:00:00,UK,Health & Beauty,462.04,6,0.11,53.01,,5000,0,2846.35
TXN-104346,2024-06-30 02:00:00,France,Home & Kitchen,793.04,8,0.0,150.67,3.5,10000,1,7057.76
TXN-104347,2024-06-30 03:00:00,Germany,Automotive,104.76,4,0.17,371.45,4.2,25000,0,1351.55
TXN-104348,2024-06-30 04:00:00,Canada,Books,735.02,5,0.24,211.3,4.9,2500,0,3053.12
TXN-104349,2024-06-30 05:00:00,Germany,Home & Kitchen,148.02,7,0.01,1087.28,4.1,5000,0,1822.2
TXN-104350,2024-06-30 06:00:00,France,Home & Kitchen,419.02,6,0.0,127.16,3.4,25000,0,3182.13
TXN-104351,2024-06-30 07:00:00,Germany,Apparel,197.38,13,0.22,1091.08,3.2,10000,0,2909.99
TXN-104352,2024-06-30 08:00:00,UK,Automotive,518.46,4,0.21,309.45,4.9,15000,0,2167.35
TXN-104353,2024-06-30 09:00:00,Australia,Books,481.41,13,0.12,211.37,3.0,15000,0,6056.1
TXN-104354,2024-06-30 10:00:00,UK,Electronics,332.31,4,0.2,231.41,4.5,15000,0,1708.62
TXN-104355,2024-06-30 11:00:00,Germany,Electronics,735.86,10,0.29,250.29,3.7,5000,0,5701.57
TXN-104356,2024-06-30 12:00:00,USA,Home & Kitchen,565.94,4,0.07,403.18,3.6,10000,0,2614.91
TXN-104357,2024-06-30 13:00:00,Germany,Home & Kitchen,617.21,1,0.07,268.39,4.4,10000,0,1316.0
TXN-104358,2024-06-30 14:00:00,Germany,Health & Beauty,140.8,5,0.06,570.94,2.9,25000,1,1752.27
TXN-104359,2024-06-30 15:00:00,USA,Automotive,752.44,8,0.22,326.85,3.7,15000,1,5467.75
TXN-104360,2024-06-30 16:00:00,USA,Books,154.48,7,0.11,606.83,2.6,5000,1,1750.95
TXN-104361,2024-06-30 17:00:00,Germany,Home & Kitchen,201.03,5,0.3,513.71,4.2,15000,0,1413.57
TXN-104362,2024-06-30 18:00:00,France,Health & Beauty,121.93,3,0.21,190.16,2.6,15000,0,938.85
TXN-104363,2024-06-30 19:00:00,UK,Automotive,382.7,11,0.11,887.72,2.7,25000,1,4890.42
TXN-104364,2024-06-30 20:00:00,USA,Books,756.24,1,0.04,852.18,4.6,25000,0,1819.33
TXN-104365,2024-06-30 21:00:00,Germany,Electronics,225.79,13,0.18,2304.04,3.6,25000,1,4421.19
TXN-104366,2024-06-30 22:00:00,USA,Health & Beauty,327.08,7,0.09,146.22,3.0,2500,0,2280.97
TXN-104367,2024-06-30 23:00:00,UK,Automotive,721.47,13,0.27,991.41,4.0,2500,1,7661.49
TXN-104368,2024-07-01 00:00:00,USA,Health & Beauty,530.88,11,0.13,1077.79,3.8,5000,0,5952.38
TXN-104369,2024-07-01 01:00:00,USA,Home & Kitchen,642.6,3,0.09,563.84,3.5,5000,0,2198.37
TXN-104370,2024-07-01 02:00:00,USA,Apparel,193.69,4,0.18,,4.8,25000,0,1616.16
TXN-104371,2024-07-01 03:00:00,UK,Electronics,613.27,14,0.04,1626.3,4.4,10000,1,9548.25
TXN-104372,2024-07-01 04:00:00,USA,Home & Kitchen,205.05,5,0.17,1850.29,2.9,5000,0,1888.58
TXN-104373,2024-07-01 05:00:00,UK,Home & Kitchen,839.41,13,0.02,563.19,3.9,2500,1,11483.6
TXN-104374,2024-07-01 06:00:00,UK,Automotive,482.5,12,0.18,272.8,2.7,2500,0,5070.37
TXN-104375,2024-07-01 07:00:00,UK,Health & Beauty,595.86,8,0.16,899.59,3.1,15000,0,4773.98
TXN-104376,2024-07-01 08:00:00,UK,Electronics,113.87,13,0.16,96.75,4.8,25000,0,2045.44
TXN-104377,2024-07-01 09:00:00,Canada,Home & Kitchen,224.3,7,0.21,221.66,3.7,10000,0,1532.84
TXN-104378,2024-07-01 10:00:00,USA,Automotive,131.68,9,0.01,2168.68,4.7,25000,0,2764.65
TXN-104379,2024-07-01 11:00:00,UK,,340.79,11,0.14,891.9,2.9,2500,0,3945.37
TXN-104380,2024-07-01 12:00:00,USA,Health & Beauty,252.25,3,0.13,1453.24,3.0,10000,0,1633.75
TXN-104381,2024-07-01 13:00:00,USA,Home & Kitchen,626.99,14,0.14,501.68,3.4,5000,0,8085.15
TXN-104382,2024-07-01 14:00:00,Germany,Books,105.77,11,0.29,311.85,3.4,15000,0,1474.51
TXN-104383,2024-07-01 15:00:00,Germany,Home & Kitchen,642.97,10,0.04,1998.32,4.4,2500,1,7542.23
TXN-104384,2024-07-01 16:00:00,Canada,Home & Kitchen,53.16,1,0.21,235.12,4.0,15000,0,637.19
TXN-104385,2024-07-01 17:00:00,Germany,Electronics,183.68,1,0.12,758.2,3.9,25000,0,1084.51
TXN-104386,2024-07-01 18:00:00,Australia,Electronics,676.29,12,0.15,458.46,4.0,10000,0,7494.86
TXN-104387,2024-07-01 19:00:00,USA,Electronics,635.22,10,0.23,179.71,4.3,25000,1,5876.32
TXN-104388,2024-07-01 20:00:00,USA,Electronics,412.73,13,0.05,58.82,4.7,15000,0,5802.52
TXN-104389,2024-07-01 21:00:00,USA,Automotive,56.74,14,0.23,292.06,3.5,2500,0,894.49
TXN-104390,2024-07-01 22:00:00,USA,Apparel,524.26,1,0.02,446.69,4.5,15000,0,1258.35
TXN-104391,2024-07-01 23:00:00,UK,Automotive,354.61,2,0.14,151.17,3.7,2500,1,1122.57
TXN-104392,2024-07-02 00:00:00,Germany,Home & Kitchen,279.3,2,0.22,317.69,4.3,15000,0,1137.24
TXN-104393,2024-07-02 01:00:00,USA,Automotive,549.74,7,0.06,527.5,4.7,25000,0,4457.64
TXN-104394,2024-07-02 02:00:00,Japan,Health & Beauty,379.57,9,0.23,677.5,2.6,15000,0,3341.73
TXN-104395,2024-07-02 03:00:00,Canada,Books,92.17,8,0.05,77.09,3.9,5000,1,1308.07
TXN-104396,2024-07-02 04:00:00,USA,Electronics,779.82,4,0.24,595.59,5.0,25000,0,3382.49
TXN-104397,2024-07-02 05:00:00,USA,Health & Beauty,665.04,2,0.14,79.17,3.7,15000,0,1685.66
TXN-104398,2024-07-02 06:00:00,USA,Books,62.08,3,0.21,64.3,4.7,15000,0,621.23
TXN-104399,2024-07-02 07:00:00,USA,Health & Beauty,453.43,10,0.28,132.68,3.0,10000,1,3881.68
TXN-104400,2024-07-02 08:00:00,USA,Home & Kitchen,84.62,5,0.12,580.14,4.0,25000,0,1311.88
TXN-104401,2024-07-02 09:00:00,UK,Electronics,714.14,9,0.07,77.13,4.7,10000,0,6485.95
TXN-104402,2024-07-02 10:00:00,USA,Health & Beauty,526.87,8,0.26,60.56,3.6,25000,0,3920.07
TXN-104403,2024-07-02 11:00:00,UK,Home & Kitchen,159.0,13,0.05,112.76,3.7,2500,0,2082.22
TXN-104404,2024-07-02 12:00:00,Australia,Electronics,32.32,12,0.19,1545.08,2.7,25000,0,1605.37
TXN-104405,2024-07-02 13:00:00,Germany,Apparel,41.37,14,0.28,1239.07,2.6,25000,0,1538.88
TXN-104406,2024-07-02 14:00:00,Japan,Home & Kitchen,438.65,3,0.2,95.22,3.7,15000,1,1750.24
TXN-104407,2024-07-02 15:00:00,USA,Automotive,628.2,9,0.06,231.21,4.6,5000,0,5746.95
TXN-104408,2024-07-02 16:00:00,UK,Electronics,115.9,10,0.05,1521.5,4.8,25000,0,2504.33
TXN-104409,2024-07-02 17:00:00,Germany,Health & Beauty,199.77,3,0.08,101.4,4.1,10000,1,1141.74
TXN-104410,2024-07-02 18:00:00,USA,Books,288.26,10,0.12,99.69,4.6,5000,0,2794.87
TXN-104411,2024-07-02 19:00:00,USA,Health & Beauty,197.09,12,0.05,94.96,4.3,25000,0,3020.01
TXN-104412,2024-07-02 20:00:00,Germany,Automotive,341.77,14,0.24,1924.87,4.3,5000,0,4708.8
TXN-104413,2024-07-02 21:00:00,Germany,Automotive,482.28,8,0.11,729.55,4.4,2500,1,4204.55
TXN-104414,2024-07-02 22:00:00,UK,Health & Beauty,586.92,1,0.28,170.71,3.8,5000,1,1094.28
TXN-104415,2024-07-02 23:00:00,UK,Books,819.75,4,0.25,73.52,3.6,2500,0,2718.12
TXN-104416,2024-07-03 00:00:00,UK,Electronics,792.25,4,0.27,1729.67,2.9,5000,0,3446.03
TXN-104417,2024-07-03 01:00:00,USA,Home & Kitchen,491.06,6,0.09,327.12,4.6,5000,0,3126.83
TXN-104418,2024-07-03 02:00:00,USA,Automotive,628.02,12,0.17,506.12,2.6,10000,1,7228.47
TXN-104419,2024-07-03 03:00:00,USA,Automotive,808.98,12,0.1,213.69,3.2,10000,0,9162.45
TXN-104420,2024-07-03 04:00:00,USA,Automotive,84.7,2,0.08,760.15,3.8,15000,0,1064.74
TXN-104421,2024-07-03 05:00:00,Australia,Books,19.71,7,0.18,159.58,4.9,5000,0,438.25
TXN-104422,2024-07-03 06:00:00,Germany,Apparel,39.88,5,0.25,823.02,4.5,2500,0,720.4
TXN-104423,2024-07-03 07:00:00,France,Books,485.4,10,0.03,181.07,3.4,5000,0,5178.2
TXN-104424,2024-07-03 08:00:00,USA,Electronics,651.97,6,0.08,101.52,4.3,25000,0,4282.43
TXN-104425,2024-07-03 09:00:00,UK,Electronics,321.51,11,0.06,375.83,4.8,2500,1,3992.15
TXN-104426,2024-07-03 10:00:00,USA,Electronics,470.27,14,0.24,888.9,3.8,25000,1,6271.76
TXN-104427,2024-07-03 11:00:00,USA,Electronics,446.17,6,0.28,292.96,3.7,15000,0,2615.74
TXN-104428,2024-07-03 12:00:00,USA,Electronics,94.13,14,0.02,64.65,,25000,0,1899.31
TXN-104429,2024-07-03 13:00:00,France,Health & Beauty,283.53,14,0.11,452.94,3.3,15000,0,4289.71
TXN-104430,2024-07-03 14:00:00,Germany,Automotive,31.23,12,0.27,620.45,4.8,15000,0,1088.35
TXN-104431,2024-07-03 15:00:00,UK,Books,107.44,14,0.1,724.88,4.5,15000,1,2447.36
TXN-104432,2024-07-03 16:00:00,UK,Health & Beauty,692.9,11,0.21,307.02,4.3,25000,0,6848.36
TXN-104433,2024-07-03 17:00:00,Japan,Books,707.56,6,0.03,101.03,4.0,15000,0,4743.53
TXN-104434,2024-07-03 18:00:00,USA,Apparel,684.63,10,0.13,488.93,4.9,15000,0,6679.26
TXN-104435,2024-07-03 19:00:00,USA,Home & Kitchen,621.89,12,0.15,249.9,3.2,10000,1,6992.85
TXN-104436,2024-07-03 20:00:00,USA,Automotive,677.42,8,0.23,1517.67,3.2,5000,0,5141.49
TXN-104437,2024-07-03 21:00:00,France,Apparel,575.27,10,0.09,399.29,3.1,15000,1,6097.3
TXN-104438,2024-07-03 22:00:00,Australia,Health & Beauty,574.31,4,0.08,369.58,4.4,2500,1,2934.64
TXN-104439,2024-07-03 23:00:00,USA,Home & Kitchen,572.25,10,0.09,234.96,4.5,2500,0,5638.65
TXN-104440,2024-07-04 00:00:00,Canada,Apparel,444.23,8,0.17,256.84,4.0,10000,1,3723.01
TXN-104441,2024-07-04 01:00:00,Canada,Books,318.39,9,0.26,409.49,4.1,25000,0,3103.98
TXN-104442,2024-07-04 02:00:00,USA,Home & Kitchen,624.71,13,0.25,233.12,3.4,25000,0,6732.76
TXN-104443,2024-07-04 03:00:00,UK,Books,264.37,13,0.02,1164.23,2.6,25000,0,4553.86
TXN-104444,2024-07-04 04:00:00,UK,Apparel,468.32,4,0.26,339.03,3.1,15000,0,1986.46
TXN-104445,2024-07-04 05:00:00,Australia,Health & Beauty,376.85,1,0.03,222.67,4.0,25000,0,1129.48
TXN-104446,2024-07-04 06:00:00,USA,Books,245.98,3,0.12,134.44,4.5,25000,0,1389.91
TXN-104447,2024-07-04 07:00:00,France,Home & Kitchen,828.87,1,0.23,607.91,4.4,5000,0,1298.85
TXN-104448,2024-07-04 08:00:00,USA,Apparel,231.06,7,0.02,63.06,2.9,15000,1,2145.02
TXN-104449,2024-07-04 09:00:00,France,Books,273.26,12,0.01,348.91,2.6,15000,1,4108.14
TXN-104450,2024-07-04 10:00:00,UK,Health & Beauty,149.93,1,0.1,449.39,4.6,2500,0,479.73
TXN-104451,2024-07-04 11:00:00,Germany,Automotive,702.19,11,0.22,257.59,2.7,2500,0,6292.64
TXN-104452,2024-07-04 12:00:00,Canada,Health & Beauty,504.8,4,0.16,742.78,3.5,5000,0,2283.85
TXN-104453,2024-07-04 13:00:00,Canada,Health & Beauty,526.89,13,0.13,612.98,2.7,10000,0,6685.78
TXN-104454,2024-07-04 14:00:00,Canada,Automotive,700.17,14,0.24,1827.16,3.9,15000,0,8704.85
TXN-104455,2024-07-04 15:00:00,USA,Health & Beauty,301.34,1,0.23,405.42,3.4,2500,0,621.82
TXN-104456,2024-07-04 16:00:00,Germany,Automotive,176.68,13,0.24,,3.0,25000,0,2478.44
TXN-104457,2024-07-04 17:00:00,USA,Automotive,180.67,13,0.14,191.07,,15000,0,2626.34
TXN-104458,2024-07-04 18:00:00,UK,Books,626.74,2,0.01,293.46,3.4,15000,1,1969.52
TXN-104459,2024-07-04 19:00:00,UK,Books,527.79,11,0.05,63.61,2.9,15000,0,5832.28
TXN-104460,2024-07-04 20:00:00,UK,Automotive,187.29,14,0.22,634.42,4.3,2500,0,2453.48
TXN-104461,2024-07-04 21:00:00,UK,Apparel,136.13,1,0.23,236.71,4.6,5000,0,495.63
TXN-104462,2024-07-04 22:00:00,Australia,Home & Kitchen,115.77,13,0.29,438.66,3.2,2500,0,1441.25
TXN-104463,2024-07-04 23:00:00,USA,Apparel,539.21,5,0.06,197.18,3.0,25000,0,3348.8
TXN-104464,2024-07-05 00:00:00,Germany,Automotive,15.1,7,0.04,535.16,2.7,25000,1,1335.57
TXN-104465,2024-07-05 01:00:00,UK,Home & Kitchen,30.3,3,0.04,346.73,3.8,10000,1,984.14
TXN-104466,2024-07-05 02:00:00,USA,Books,340.28,14,0.06,378.76,4.6,2500,0,4997.59
TXN-104467,2024-07-05 03:00:00,USA,Home & Kitchen,592.28,8,0.16,1478.92,3.1,2500,1,5251.17
TXN-104468,2024-07-05 04:00:00,Japan,Automotive,595.36,14,0.29,662.36,3.7,10000,0,6618.87
TXN-104469,2024-07-05 05:00:00,Canada,Books,374.15,5,0.18,201.84,2.9,10000,0,1992.94
TXN-104470,2024-07-05 06:00:00,Japan,Home & Kitchen,592.05,5,0.16,400.51,3.5,15000,0,3270.5
TXN-104471,2024-07-05 07:00:00,Australia,Home & Kitchen,450.12,13,0.2,364.31,2.5,15000,0,5168.54
TXN-104472,2024-07-05 08:00:00,USA,Apparel,830.74,5,0.02,842.5,4.8,25000,0,5240.94
TXN-104473,2024-07-05 09:00:00,UK,Home & Kitchen,150.65,8,0.24,945.95,4.2,5000,1,1876.86
TXN-104474,2024-07-05 10:00:00,Germany,Automotive,516.56,2,0.19,216.65,3.3,25000,0,1689.47
TXN-104475,2024-07-05 11:00:00,UK,Electronics,425.18,2,0.05,910.61,4.7,2500,0,1573.66
TXN-104476,2024-07-05 12:00:00,UK,Electronics,177.38,14,0.19,148.92,3.0,5000,0,2300.36
TXN-104477,2024-07-05 13:00:00,UK,Electronics,641.24,12,0.18,769.36,2.7,15000,0,6981.13
TXN-104478,2024-07-05 14:00:00,Germany,Automotive,245.05,8,0.02,193.03,4.9,10000,0,2536.52
TXN-104479,2024-07-05 15:00:00,Germany,Electronics,333.73,9,0.08,226.86,3.3,10000,0,3176.02
TXN-104480,2024-07-05 16:00:00,USA,Apparel,327.98,11,0.12,1006.85,4.8,25000,0,4353.62
TXN-104481,2024-07-05 17:00:00,UK,Automotive,218.91,12,0.07,322.43,4.1,2500,0,2733.12
TXN-104482,2024-07-05 18:00:00,Germany,Books,374.64,10,0.07,,5.0,2500,0,4802.07
TXN-104483,2024-07-05 19:00:00,Germany,Automotive,410.24,10,0.17,132.4,4.4,10000,0,3943.88
TXN-104484,2024-07-05 20:00:00,USA,Automotive,636.43,2,0.14,361.2,2.8,25000,0,1914.01
TXN-104485,2024-07-05 21:00:00,France,Home & Kitchen,653.83,4,0.2,709.23,4.6,25000,0,3058.31
TXN-104486,2024-07-05 22:00:00,USA,Home & Kitchen,147.39,8,0.29,52.69,2.9,15000,0,1141.09
TXN-104487,2024-07-05 23:00:00,UK,Home & Kitchen,509.96,2,0.2,132.35,4.2,15000,0,1419.55
TXN-104488,2024-07-06 00:00:00,France,Health & Beauty,763.33,4,0.17,60.28,3.8,15000,0,2999.16
TXN-104489,2024-07-06 01:00:00,Germany,Apparel,105.84,10,0.25,2522.27,4.3,5000,0,2236.31
TXN-104490,2024-07-06 02:00:00,USA,Automotive,409.88,13,0.19,764.86,4.4,25000,0,5347.27
TXN-104491,2024-07-06 03:00:00,Germany,Automotive,641.54,13,0.05,283.85,4.5,25000,1,8969.22
TXN-104492,2024-07-06 04:00:00,Germany,Home & Kitchen,525.6,1,0.09,134.97,4.6,15000,1,1345.63
TXN-104493,2024-07-06 05:00:00,France,Automotive,98.99,2,0.22,,4.6,10000,0,535.77
TXN-104494,2024-07-06 06:00:00,France,Books,346.17,7,0.22,429.54,3.5,15000,0,2552.85
TXN-104495,2024-07-06 07:00:00,Germany,Automotive,438.54,1,0.3,1912.59,4.7,5000,0,1512.32
TXN-104496,2024-07-06 08:00:00,UK,Electronics,846.53,12,0.19,611.37,4.3,10000,0,9004.69
TXN-104497,2024-07-06 09:00:00,USA,Books,164.14,1,0.27,277.17,4.6,25000,0,955.72
TXN-104498,2024-07-06 10:00:00,USA,Books,835.32,2,0.02,397.43,5.0,5000,0,2045.72
TXN-104499,2024-07-06 11:00:00,UK,Automotive,329.09,4,0.17,3457.76,2.8,5000,0,2928.55
TXN-104500,2024-07-06 12:00:00,Germany,Health & Beauty,182.27,7,0.28,415.7,3.4,10000,0,1387.66
TXN-104501,2024-07-06 13:00:00,UK,Home & Kitchen,360.78,4,0.09,1714.92,4.5,15000,1,2783.85
TXN-104502,2024-07-06 14:00:00,USA,Apparel,527.69,5,0.05,58.25,2.7,15000,0,2914.25
TXN-104503,2024-07-06 15:00:00,USA,Apparel,193.27,4,0.11,688.21,3.9,2500,0,1208.45
TXN-104504,2024-07-06 16:00:00,UK,Electronics,258.35,4,0.24,543.3,4.6,10000,1,1790.29
TXN-104505,2024-07-06 17:00:00,USA,Apparel,728.55,9,0.03,628.12,2.5,15000,0,7107.55
TXN-104506,2024-07-06 18:00:00,France,Apparel,849.17,6,0.18,472.64,4.8,5000,1,4868.6
TXN-104507,2024-07-06 19:00:00,USA,Home & Kitchen,280.67,12,0.04,72.59,4.9,15000,0,3907.49
TXN-104508,2024-07-06 20:00:00,Germany,Home & Kitchen,139.3,3,0.13,131.0,3.3,15000,1,1205.91
TXN-104509,2024-07-06 21:00:00,Japan,Health & Beauty,677.3,6,0.29,1327.14,4.4,5000,1,4063.84
TXN-104510,2024-07-06 22:00:00,USA,Electronics,516.38,13,0.06,182.59,2.8,10000,0,6532.94
TXN-104511,2024-07-06 23:00:00,UK,Apparel,98.83,7,0.01,2526.46,4.4,2500,1,2252.27
TXN-104512,2024-07-07 00:00:00,USA,Health & Beauty,805.55,7,0.13,619.07,3.7,15000,0,5651.6
TXN-104513,2024-07-07 01:00:00,Germany,Electronics,80.17,8,0.17,343.81,4.7,15000,0,1330.98
TXN-104514,2024-07-07 02:00:00,Germany,Books,537.17,13,0.09,1313.17,3.0,15000,0,7486.69
TXN-104515,2024-07-07 03:00:00,UK,Apparel,368.99,4,0.16,842.34,4.2,10000,0,1930.62
TXN-104516,2024-07-07 04:00:00,UK,Apparel,479.78,1,0.29,330.15,4.5,5000,0,657.29
TXN-104517,2024-07-07 05:00:00,Japan,Home & Kitchen,193.03,6,0.09,85.53,3.0,5000,0,1312.84
TXN-104518,2024-07-07 06:00:00,USA,Automotive,589.57,8,0.09,1063.63,4.5,5000,0,5084.43
TXN-104519,2024-07-07 07:00:00,USA,Electronics,816.37,5,0.14,774.17,4.9,5000,0,4079.97
TXN-104520,2024-07-07 08:00:00,Canada,Apparel,397.79,13,0.15,832.08,4.0,5000,1,5230.34
TXN-104521,2024-07-07 09:00:00,Germany,Electronics,451.67,3,0.0,732.97,4.5,5000,0,2156.64
TXN-104522,2024-07-07 10:00:00,Japan,Health & Beauty,215.24,4,0.18,211.31,3.8,15000,0,1242.15
TXN-104523,2024-07-07 11:00:00,Germany,Health & Beauty,759.71,8,0.3,1028.95,4.0,15000,0,5173.34
TXN-104524,2024-07-07 12:00:00,Canada,Automotive,825.93,6,0.09,51.12,2.5,5000,1,5221.19
TXN-104525,2024-07-07 13:00:00,UK,Apparel,671.56,13,0.19,185.43,3.8,5000,0,7398.87
TXN-104526,2024-07-07 14:00:00,France,Home & Kitchen,468.22,13,0.0,73.84,3.9,10000,0,6414.68
TXN-104527,2024-07-07 15:00:00,Japan,Apparel,813.93,5,0.18,108.6,4.2,10000,0,3718.25
TXN-104528,2024-07-07 16:00:00,Germany,Electronics,143.46,13,0.13,430.05,2.9,25000,0,2469.88
TXN-104529,2024-07-07 17:00:00,USA,Books,414.54,9,0.16,68.98,3.1,15000,0,3566.47
TXN-104530,2024-07-07 18:00:00,USA,Health & Beauty,463.9,10,0.16,150.07,4.4,5000,0,4251.88
TXN-104531,2024-07-07 19:00:00,USA,Electronics,425.75,3,0.05,182.46,2.9,15000,0,1722.56
TXN-104532,2024-07-07 20:00:00,USA,Automotive,685.02,7,0.23,582.6,3.5,25000,0,4863.76
TXN-104533,2024-07-07 21:00:00,USA,Health & Beauty,574.79,9,0.17,366.33,3.1,10000,0,4855.04
TXN-104534,2024-07-07 22:00:00,Germany,Home & Kitchen,120.76,11,0.08,356.63,3.9,25000,0,1981.99
TXN-104535,2024-07-07 23:00:00,Germany,Health & Beauty,304.29,13,0.28,781.44,5.0,2500,0,3460.87
TXN-104536,2024-07-08 00:00:00,UK,Books,298.13,11,0.0,355.07,4.6,10000,0,3910.45
TXN-104537,2024-07-08 01:00:00,Germany,Apparel,487.3,12,0.22,264.23,3.2,15000,0,5210.66
TXN-104538,2024-07-08 02:00:00,USA,Books,258.37,4,0.11,1691.05,3.4,10000,0,1905.42
TXN-104539,2024-07-08 03:00:00,USA,Books,112.92,10,0.16,54.16,4.8,25000,0,1575.53
TXN-104540,2024-07-08 04:00:00,USA,Apparel,560.83,10,0.09,232.2,4.7,5000,0,5557.14
TXN-104541,2024-07-08 05:00:00,UK,Health & Beauty,725.62,3,0.1,520.03,2.9,25000,0,2772.67
TXN-104542,2024-07-08 06:00:00,USA,Automotive,792.89,1,0.0,813.49,4.6,25000,0,1803.7
TXN-104543,2024-07-08 07:00:00,USA,Apparel,827.1,9,0.22,897.53,3.2,5000,1,6719.1
TXN-104544,2024-07-08 08:00:00,UK,Apparel,667.23,13,0.21,73.58,3.9,15000,0,7424.32
TXN-104545,2024-07-08 09:00:00,Canada,Home & Kitchen,131.65,1,0.2,667.44,2.5,15000,1,1049.05
TXN-104546,2024-07-08 10:00:00,USA,Health & Beauty,727.35,2,0.26,686.94,5.0,10000,0,1655.16
TXN-104547,2024-07-08 11:00:00,Germany,Apparel,348.97,9,0.27,170.45,4.4,25000,0,3025.15
TXN-104548,2024-07-08 12:00:00,Germany,Automotive,624.48,5,0.17,109.83,3.1,10000,0,2887.68
TXN-104549,2024-07-08 13:00:00,France,,458.61,4,0.21,742.52,4.2,5000,0,2117.28
TXN-104550,2024-07-08 14:00:00,Japan,Health & Beauty,706.89,9,0.0,193.51,3.2,2500,0,6807.13
TXN-104551,2024-07-08 15:00:00,USA,Home & Kitchen,370.3,9,0.25,50.84,2.7,15000,1,3216.94
TXN-104552,2024-07-08 16:00:00,USA,Books,66.6,2,0.24,176.53,3.6,5000,0,477.95
TXN-104553,2024-07-08 17:00:00,Japan,Apparel,479.95,3,0.01,65.78,4.0,15000,0,2000.09
TXN-104554,2024-07-08 18:00:00,UK,Automotive,158.03,12,0.16,193.3,2.7,10000,1,2359.27
TXN-104555,2024-07-08 19:00:00,Germany,Health & Beauty,821.21,3,0.27,254.0,3.8,2500,0,2087.2
TXN-104556,2024-07-08 20:00:00,Germany,Automotive,455.01,5,0.05,208.32,3.8,25000,0,2921.81
TXN-104557,2024-07-08 21:00:00,Germany,Automotive,477.22,13,0.11,1312.47,4.1,15000,1,6922.42
TXN-104558,2024-07-08 22:00:00,Japan,Books,772.57,3,0.1,182.33,3.1,25000,0,2732.15
TXN-104559,2024-07-08 23:00:00,Australia,Home & Kitchen,536.53,10,0.11,365.12,2.6,10000,0,5135.7
TXN-104560,2024-07-09 00:00:00,France,Health & Beauty,267.78,6,0.01,1628.27,3.3,15000,0,2734.63
TXN-104561,2024-07-09 01:00:00,USA,Apparel,262.24,2,0.08,,3.5,10000,0,1438.6
TXN-104562,2024-07-09 02:00:00,Canada,Home & Kitchen,433.82,6,0.09,234.99,4.1,25000,0,3170.14
TXN-104563,2024-07-09 03:00:00,USA,Apparel,738.62,6,0.26,247.63,4.8,10000,0,3769.61
TXN-104564,2024-07-09 04:00:00,USA,Electronics,678.6,2,0.11,499.88,,10000,0,1849.11
TXN-104565,2024-07-09 05:00:00,Japan,Automotive,818.89,6,0.13,1299.68,4.2,10000,0,5292.74
TXN-104566,2024-07-09 06:00:00,USA,Electronics,75.02,6,0.11,55.03,2.7,5000,1,834.71
TXN-104567,2024-07-09 07:00:00,USA,Automotive,239.05,6,0.04,299.71,3.0,5000,1,1981.61
TXN-104568,2024-07-09 08:00:00,USA,Books,81.97,12,0.3,997.81,3.8,15000,0,1526.63
TXN-104569,2024-07-09 09:00:00,Canada,Home & Kitchen,642.15,13,0.25,314.21,4.3,10000,0,6807.33
TXN-104570,2024-07-09 10:00:00,UK,Apparel,132.6,14,0.16,686.58,4.6,10000,0,2326.24
TXN-104571,2024-07-09 11:00:00,Germany,Books,98.41,5,0.14,638.71,4.4,10000,0,911.94
TXN-104572,2024-07-09 12:00:00,USA,Apparel,484.0,7,0.19,165.0,2.5,5000,1,3199.42
TXN-104573,2024-07-09 13:00:00,France,Home & Kitchen,358.59,13,0.1,348.55,4.2,25000,1,5425.64
TXN-104574,2024-07-09 14:00:00,France,Health & Beauty,612.11,12,0.02,467.57,4.6,10000,0,7788.98
TXN-104575,2024-07-09 15:00:00,USA,Electronics,421.66,5,0.12,678.45,3.8,2500,0,2514.3
TXN-104576,2024-07-09 16:00:00,UK,Electronics,370.15,11,0.3,914.08,4.9,15000,0,3679.99
TXN-104577,2024-07-09 17:00:00,USA,Apparel,370.29,1,0.05,763.42,2.5,5000,0,865.27
TXN-104578,2024-07-09 18:00:00,Australia,Apparel,743.02,12,0.16,64.36,4.5,25000,0,8238.52
TXN-104579,2024-07-09 19:00:00,Germany,Apparel,345.01,9,0.0,605.3,3.3,2500,0,3550.49
TXN-104580,2024-07-09 20:00:00,Japan,Home & Kitchen,293.39,3,0.04,393.9,4.1,10000,1,1757.95
TXN-104581,2024-07-09 21:00:00,USA,Health & Beauty,297.68,2,0.18,476.5,4.2,5000,0,982.15
TXN-104582,2024-07-09 22:00:00,France,Electronics,179.16,10,0.09,283.38,3.3,10000,0,2163.34
TXN-104583,2024-07-09 23:00:00,France,Books,733.68,6,0.27,675.93,5.0,15000,0,3955.33
TXN-104584,2024-07-10 00:00:00,Germany,Automotive,137.44,8,0.12,610.26,2.8,5000,1,1739.35
TXN-104585,2024-07-10 01:00:00,Australia,Home & Kitchen,773.69,2,0.06,483.14,2.9,2500,0,1827.35
TXN-104586,2024-07-10 02:00:00,UK,Electronics,251.7,4,0.16,1038.82,4.7,25000,0,1944.56
TXN-104587,2024-07-10 03:00:00,USA,Health & Beauty,766.02,2,0.24,103.74,2.8,25000,1,2124.36
TXN-104588,2024-07-10 04:00:00,Germany,Home & Kitchen,675.34,12,0.01,229.07,3.5,15000,0,8692.6
TXN-104589,2024-07-10 05:00:00,France,Books,500.96,12,0.15,391.73,4.3,25000,0,5931.95
TXN-104590,2024-07-10 06:00:00,Germany,Electronics,574.01,9,0.23,1642.3,4.5,25000,0,5453.25
TXN-104591,2024-07-10 07:00:00,USA,Home & Kitchen,287.08,10,0.03,87.34,4.9,15000,0,3327.27
TXN-104592,2024-07-10 08:00:00,UK,Electronics,494.48,13,0.27,255.55,4.5,2500,0,5068.69
TXN-104593,2024-07-10 09:00:00,USA,Electronics,259.16,2,0.08,1351.11,4.6,5000,0,1459.04
TXN-104594,2024-07-10 10:00:00,UK,Health & Beauty,350.9,10,0.05,1191.13,4.9,5000,0,4305.4
TXN-104595,2024-07-10 11:00:00,Germany,Automotive,653.49,2,0.18,1052.15,3.9,15000,0,2120.04
TXN-104596,2024-07-10 12:00:00,France,Health & Beauty,218.68,14,0.05,234.37,3.4,10000,0,3306.94
TXN-104597,2024-07-10 13:00:00,USA,Electronics,715.44,13,0.2,988.12,4.4,15000,1,8525.69
TXN-104598,2024-07-10 14:00:00,UK,Home & Kitchen,328.86,5,0.15,401.94,2.9,15000,0,1848.12
TXN-104599,2024-07-10 15:00:00,USA,Books,459.36,12,0.03,,2.7,15000,0,6059.17
TXN-104600,2024-07-10 16:00:00,USA,Health & Beauty,801.54,5,0.27,186.45,4.5,15000,0,3469.92
TXN-104601,2024-07-10 17:00:00,France,Automotive,583.85,12,0.2,663.24,4.9,25000,0,6708.9
TXN-104602,2024-07-10 18:00:00,Japan,Electronics,554.08,7,0.16,248.52,3.6,25000,0,3949.05
TXN-104603,2024-07-10 19:00:00,UK,Books,609.19,1,0.11,260.71,2.9,2500,0,875.69
TXN-104604,2024-07-10 20:00:00,France,Health & Beauty,781.62,12,0.04,556.42,3.7,15000,0,9579.53
TXN-104605,2024-07-10 21:00:00,Japan,Health & Beauty,222.51,2,0.21,187.11,3.5,5000,1,983.64
TXN-104606,2024-07-10 22:00:00,Canada,Health & Beauty,527.06,11,0.24,177.08,3.4,10000,0,4870.21
TXN-104607,2024-07-10 23:00:00,USA,Health & Beauty,349.33,11,0.04,280.35,4.1,25000,1,4661.62
TXN-104608,2024-07-11 00:00:00,Australia,Books,24.9,6,0.15,802.68,2.9,5000,0,734.08
TXN-104609,2024-07-11 01:00:00,UK,Home & Kitchen,119.63,2,0.15,177.24,3.5,25000,0,1106.18
TXN-104610,2024-07-11 02:00:00,USA,Automotive,286.37,4,0.1,823.98,4.7,2500,0,1718.26
TXN-104611,2024-07-11 03:00:00,USA,Automotive,486.77,10,0.24,644.71,4.3,10000,0,4619.48
TXN-104612,2024-07-11 04:00:00,UK,Electronics,751.03,6,0.03,618.28,2.6,25000,0,5278.48
TXN-104613,2024-07-11 05:00:00,USA,Apparel,675.58,13,0.06,371.95,3.8,10000,0,8840.22
TXN-104614,2024-07-11 06:00:00,USA,Home & Kitchen,477.03,12,0.0,734.99,2.7,10000,0,6338.51
TXN-104615,2024-07-11 07:00:00,USA,Electronics,76.68,7,0.11,56.81,4.9,5000,0,843.48
TXN-104616,2024-07-11 08:00:00,Canada,Electronics,253.73,10,0.09,232.36,3.1,25000,0,2974.92
TXN-104617,2024-07-11 09:00:00,Canada,Health & Beauty,321.2,5,0.26,618.37,4.8,10000,0,1955.15
TXN-104618,2024-07-11 10:00:00,USA,Apparel,534.13,8,0.22,2232.9,4.6,15000,0,4780.33
TXN-104619,2024-07-11 11:00:00,Canada,Apparel,69.21,6,0.03,51.26,3.9,10000,0,934.67
TXN-104620,2024-07-11 12:00:00,Canada,Home & Kitchen,457.71,5,0.22,406.65,3.3,10000,1,2458.87
TXN-104621,2024-07-11 13:00:00,France,,767.72,4,0.2,1337.44,4.6,25000,0,3741.17
TXN-104622,2024-07-11 14:00:00,USA,Electronics,604.04,6,0.08,1045.86,2.9,15000,0,4215.53
TXN-104623,2024-07-11 15:00:00,Germany,Apparel,680.56,6,0.0,61.7,2.9,10000,0,4352.19
TXN-104624,2024-07-11 16:00:00,Japan,Apparel,584.2,6,0.03,427.04,3.1,25000,0,4250.48
TXN-104625,2024-07-11 17:00:00,Germany,Automotive,187.5,1,0.07,52.15,4.0,25000,0,835.17
TXN-104626,2024-07-11 18:00:00,USA,Electronics,107.25,6,0.24,829.31,3.3,10000,0,1323.09
TXN-104627,2024-07-11 19:00:00,UK,Books,707.62,1,0.14,234.72,5.0,2500,0,924.2
TXN-104628,2024-07-11 20:00:00,Germany,Apparel,595.75,5,0.28,775.34,3.0,2500,0,2712.28
TXN-104629,2024-07-11 21:00:00,UK,Apparel,495.18,7,0.24,1498.34,4.5,5000,0,3604.23
TXN-104630,2024-07-11 22:00:00,USA,Health & Beauty,173.05,1,0.09,1916.63,2.7,2500,0,1174.39
TXN-104631,2024-07-11 23:00:00,USA,Apparel,518.79,13,0.25,1172.68,3.4,2500,0,5796.23
TXN-104632,2024-07-12 00:00:00,Canada,Apparel,41.15,1,0.04,164.17,3.1,25000,0,809.54
TXN-104633,2024-07-12 01:00:00,Canada,Automotive,114.23,13,0.01,158.21,4.9,25000,0,2110.85
TXN-104634,2024-07-12 02:00:00,USA,Electronics,275.43,13,0.18,541.46,2.6,10000,0,3500.55
TXN-104635,2024-07-12 03:00:00,Australia,Home & Kitchen,385.52,6,0.1,442.69,4.3,10000,0,2608.46
TXN-104636,2024-07-12 04:00:00,USA,Electronics,115.67,7,0.1,54.79,3.1,25000,0,1332.89
TXN-104637,2024-07-12 05:00:00,Germany,Health & Beauty,115.15,6,0.21,298.57,4.5,10000,0,1102.16
TXN-104638,2024-07-12 06:00:00,France,Electronics,621.12,5,0.26,1235.92,3.3,25000,0,3590.81
TXN-104639,2024-07-12 07:00:00,Canada,Apparel,490.72,6,0.1,,3.0,2500,1,3745.9
TXN-104640,2024-07-12 08:00:00,Japan,Health & Beauty,460.67,13,0.1,164.02,4.2,10000,0,5806.1
TXN-104641,2024-07-12 09:00:00,USA,Electronics,392.78,14,0.16,290.6,3.1,2500,0,4711.47
TXN-104642,2024-07-12 10:00:00,Canada,Health & Beauty,830.41,3,0.2,460.91,3.7,5000,0,2472.51
TXN-104643,2024-07-12 11:00:00,USA,Home & Kitchen,56.58,9,0.06,1007.93,2.8,10000,1,1362.78
TXN-104644,2024-07-12 12:00:00,France,Electronics,165.82,5,0.27,429.64,4.3,25000,0,1527.39
TXN-104645,2024-07-12 13:00:00,France,Books,555.67,2,0.2,1774.14,3.5,25000,0,2273.0
TXN-104646,2024-07-12 14:00:00,Germany,Apparel,128.87,14,0.19,852.35,2.9,5000,0,2102.83
TXN-104647,2024-07-12 15:00:00,USA,Health & Beauty,507.13,14,0.27,1579.78,4.4,25000,0,6523.5
TXN-104648,2024-07-12 16:00:00,Canada,Books,489.08,12,0.27,707.44,2.8,2500,0,4685.54
TXN-104649,2024-07-12 17:00:00,USA,Books,825.79,10,0.04,1100.33,3.9,25000,0,9007.05
TXN-104650,2024-07-12 18:00:00,USA,Automotive,752.63,10,0.04,938.94,4.0,5000,0,7959.53
TXN-104651,2024-07-12 19:00:00,France,Health & Beauty,804.54,7,0.23,196.41,4.8,15000,1,5085.11
TXN-104652,2024-07-12 20:00:00,UK,Books,109.86,3,0.29,180.38,2.9,15000,1,1039.35
TXN-104653,2024-07-12 21:00:00,Canada,Automotive,739.9,1,0.2,1048.96,4.1,2500,0,1440.63
TXN-104654,2024-07-12 22:00:00,UK,Books,122.79,3,0.12,94.24,3.5,15000,0,957.76
TXN-104655,2024-07-12 23:00:00,USA,Apparel,543.5,9,0.21,312.6,3.5,25000,1,4784.74
TXN-104656,2024-07-13 00:00:00,Canada,Home & Kitchen,616.27,5,0.07,909.23,3.8,5000,1,3688.03
TXN-104657,2024-07-13 01:00:00,UK,,149.31,7,0.3,888.96,3.1,2500,1,1609.65
TXN-104658,2024-07-13 02:00:00,USA,Home & Kitchen,543.27,3,0.13,124.7,3.7,15000,0,1855.09
TXN-104659,2024-07-13 03:00:00,France,Health & Beauty,58.8,4,0.28,384.43,4.2,25000,0,1080.84
TXN-104660,2024-07-13 04:00:00,UK,Apparel,259.88,1,0.13,376.8,3.6,25000,0,920.83
TXN-104661,2024-07-13 05:00:00,Germany,Automotive,784.17,3,0.28,245.58,2.6,10000,1,2365.59
TXN-104662,2024-07-13 06:00:00,UK,Health & Beauty,158.4,7,0.1,1295.55,3.1,10000,0,1995.95
TXN-104663,2024-07-13 07:00:00,Canada,Books,69.5,4,0.23,579.38,3.4,5000,0,603.62
TXN-104664,2024-07-13 08:00:00,Canada,Electronics,385.47,2,0.29,2010.72,3.4,2500,0,1645.84
TXN-104665,2024-07-13 09:00:00,France,Health & Beauty,725.27,14,0.19,84.55,2.7,15000,0,8673.68
TXN-104666,2024-07-13 10:00:00,USA,Home & Kitchen,79.02,5,0.2,300.73,3.6,15000,1,1211.92
TXN-104667,2024-07-13 11:00:00,Canada,Apparel,311.87,5,0.03,951.32,4.2,25000,0,2576.16
TXN-104668,2024-07-13 12:00:00,Germany,Apparel,766.31,2,0.14,324.68,2.6,15000,0,1766.92
TXN-104669,2024-07-13 13:00:00,Germany,Health & Beauty,113.66,11,0.27,201.82,4.4,5000,1,1349.57
TXN-104670,2024-07-13 14:00:00,UK,Books,274.41,6,0.07,3111.37,4.9,10000,0,3457.84
TXN-104671,2024-07-13 15:00:00,Canada,Electronics,664.98,10,0.24,1082.28,2.5,25000,1,6470.16
TXN-104672,2024-07-13 16:00:00,France,Home & Kitchen,468.58,4,0.2,445.35,3.0,2500,0,1882.91
TXN-104673,2024-07-13 17:00:00,USA,Health & Beauty,710.0,14,0.07,462.44,3.9,25000,0,10123.71
TXN-104674,2024-07-13 18:00:00,UK,Health & Beauty,108.18,1,0.08,53.44,3.0,15000,0,592.59
TXN-104675,2024-07-13 19:00:00,Japan,Apparel,783.66,3,0.13,2031.52,4.4,5000,0,3334.81
TXN-104676,2024-07-13 20:00:00,USA,Home & Kitchen,795.65,14,0.04,870.71,3.3,2500,0,11122.48
TXN-104677,2024-07-13 21:00:00,Australia,Electronics,144.69,9,0.27,68.71,3.2,25000,1,1733.14
TXN-104678,2024-07-13 22:00:00,Germany,Apparel,43.29,10,0.22,146.99,2.5,15000,0,662.24
TXN-104679,2024-07-13 23:00:00,Germany,Health & Beauty,841.52,7,0.11,910.27,3.2,25000,0,6268.61
TXN-104680,2024-07-14 00:00:00,USA,Apparel,417.68,13,0.09,95.44,3.0,2500,1,5433.66
TXN-104681,2024-07-14 01:00:00,USA,Apparel,492.68,6,0.21,1471.81,3.4,15000,0,3531.62
TXN-104682,2024-07-14 02:00:00,Japan,Automotive,529.28,14,0.13,4612.37,2.9,10000,0,8619.83
TXN-104683,2024-07-14 03:00:00,USA,Apparel,674.37,1,0.07,1137.68,4.0,2500,0,1262.1
TXN-104684,2024-07-14 04:00:00,France,Books,693.01,9,0.13,721.43,3.1,10000,0,6100.86
TXN-104685,2024-07-14 05:00:00,UK,Apparel,176.93,13,0.26,384.01,4.6,10000,0,2302.24
TXN-104686,2024-07-14 06:00:00,USA,Books,212.59,9,0.02,93.01,3.2,15000,1,2594.92
TXN-104687,2024-07-14 07:00:00,USA,Home & Kitchen,747.16,1,0.11,705.49,3.0,25000,0,1527.43
TXN-104688,2024-07-14 08:00:00,UK,Apparel,699.3,14,0.29,302.81,2.6,25000,0,7648.33
TXN-104689,2024-07-14 09:00:00,Australia,Electronics,530.71,13,0.0,472.25,4.3,5000,0,7394.28
TXN-104690,2024-07-14 10:00:00,UK,Books,845.57,13,0.27,223.64,3.8,2500,0,8208.76
TXN-104691,2024-07-14 11:00:00,UK,Books,628.88,6,0.11,188.64,2.8,2500,0,3550.85
TXN-104692,2024-07-14 12:00:00,USA,Health & Beauty,195.22,7,0.06,246.0,3.1,15000,0,1724.28
TXN-104693,2024-07-14 13:00:00,UK,Home & Kitchen,721.95,2,0.0,890.54,5.0,15000,1,2659.8
TXN-104694,2024-07-14 14:00:00,UK,Apparel,361.3,10,0.02,327.99,4.5,5000,0,3917.69
TXN-104695,2024-07-14 15:00:00,Canada,Electronics,45.19,8,0.05,236.77,3.4,5000,0,598.41
TXN-104696,2024-07-14 16:00:00,UK,Health & Beauty,283.39,8,0.01,333.67,3.9,10000,1,2978.7
TXN-104697,2024-07-14 17:00:00,UK,Home & Kitchen,652.57,6,0.1,66.41,3.5,5000,0,3871.48
TXN-104698,2024-07-14 18:00:00,USA,Books,816.77,9,0.01,1156.39,2.6,25000,0,8412.96
TXN-104699,2024-07-14 19:00:00,Australia,Electronics,245.57,3,0.21,451.21,4.4,10000,0,1271.22
TXN-104700,2024-07-14 20:00:00,USA,Apparel,220.84,2,0.25,105.37,4.3,5000,0,748.09
TXN-104701,2024-07-14 21:00:00,USA,Automotive,485.62,2,0.27,220.12,3.5,25000,0,1405.57
TXN-104702,2024-07-14 22:00:00,Germany,Automotive,692.76,6,0.16,2103.8,4.6,25000,0,5155.99
TXN-104703,2024-07-14 23:00:00,Germany,Home & Kitchen,638.35,7,0.28,499.54,,10000,0,3900.9
TXN-104704,2024-07-15 00:00:00,UK,Electronics,482.57,6,0.0,222.24,2.7,10000,0,3278.3
TXN-104705,2024-07-15 01:00:00,UK,Health & Beauty,542.21,11,0.04,327.86,3.1,25000,1,6781.99
TXN-104706,2024-07-15 02:00:00,France,Electronics,217.15,3,0.09,199.52,3.7,15000,0,1076.96
TXN-104707,2024-07-15 03:00:00,USA,Books,376.2,5,0.24,66.16,2.8,10000,0,1767.29
TXN-104708,2024-07-15 04:00:00,Canada,Automotive,228.23,8,0.27,972.68,3.9,2500,0,1975.42
TXN-104709,2024-07-15 05:00:00,Germany,Home & Kitchen,753.49,6,0.19,222.99,2.8,15000,0,4238.48
TXN-104710,2024-07-15 06:00:00,UK,Apparel,108.98,2,0.11,961.35,3.0,2500,0,780.91
TXN-104711,2024-07-15 07:00:00,UK,Electronics,582.58,7,0.2,375.58,4.7,5000,0,3760.2
TXN-104712,2024-07-15 08:00:00,USA,Automotive,232.34,8,0.05,150.99,5.0,10000,0,2289.22
TXN-104713,2024-07-15 09:00:00,France,Health & Beauty,412.11,4,0.14,859.41,3.9,10000,0,2116.77
TXN-104714,2024-07-15 10:00:00,UK,Home & Kitchen,265.01,12,0.15,286.69,4.0,25000,1,3729.91
TXN-104715,2024-07-15 11:00:00,USA,Apparel,284.91,1,0.03,665.04,4.5,10000,0,1015.18
TXN-104716,2024-07-15 12:00:00,Germany,Electronics,232.43,2,0.01,957.71,4.2,2500,1,1527.26
TXN-104717,2024-07-15 13:00:00,Australia,Health & Beauty,643.58,4,0.23,1698.22,3.0,15000,0,3080.85
TXN-104718,2024-07-15 14:00:00,UK,Apparel,320.37,7,0.16,,3.5,5000,0,2225.99
TXN-104719,2024-07-15 15:00:00,Japan,Books,621.51,2,0.1,54.21,3.8,15000,1,1961.24
TXN-104720,2024-07-15 16:00:00,USA,Automotive,395.82,6,0.13,447.51,3.4,2500,1,2728.21
TXN-104721,2024-07-15 17:00:00,USA,Books,471.95,2,0.29,203.43,2.9,5000,0,919.96
TXN-104722,2024-07-15 18:00:00,USA,Automotive,468.65,12,0.12,366.59,4.3,25000,0,5803.22
TXN-104723,2024-07-15 19:00:00,UK,Health & Beauty,829.84,7,0.03,87.72,3.0,10000,0,5931.71
TXN-104724,2024-07-15 20:00:00,USA,Books,321.5,2,0.14,398.17,3.2,10000,0,1035.93
TXN-104725,2024-07-15 21:00:00,USA,Automotive,188.42,3,0.19,116.68,3.2,25000,0,1185.2
TXN-104726,2024-07-15 22:00:00,Japan,Home & Kitchen,776.35,9,0.0,961.9,2.9,2500,0,7595.66
TXN-104727,2024-07-15 23:00:00,Canada,Health & Beauty,160.99,13,0.1,762.49,4.6,25000,0,2949.38
TXN-104728,2024-07-16 00:00:00,France,Automotive,711.74,4,0.12,88.48,4.0,2500,0,2681.6
TXN-104729,2024-07-16 01:00:00,USA,Electronics,140.43,14,0.14,955.01,4.6,5000,0,2378.66
TXN-104730,2024-07-16 02:00:00,USA,Automotive,565.03,5,0.09,246.49,3.7,15000,0,3197.35
TXN-104731,2024-07-16 03:00:00,USA,Books,140.7,9,0.2,267.6,3.8,15000,1,1720.47
TXN-104732,2024-07-16 04:00:00,France,Home & Kitchen,785.78,7,0.28,149.11,4.0,25000,0,4601.32
TXN-104733,2024-07-16 05:00:00,Japan,Apparel,486.78,8,0.27,951.83,3.4,10000,0,3599.67
TXN-104734,2024-07-16 06:00:00,UK,Apparel,289.94,11,0.2,309.35,3.7,25000,0,3315.78
TXN-104735,2024-07-16 07:00:00,USA,Automotive,132.17,3,0.15,75.03,3.9,10000,0,807.85
TXN-104736,2024-07-16 08:00:00,UK,Apparel,324.95,11,0.25,1744.38,4.9,25000,0,3994.73
TXN-104737,2024-07-16 09:00:00,USA,Automotive,603.69,11,0.25,197.78,4.7,25000,0,5774.34
TXN-104738,2024-07-16 10:00:00,UK,Home & Kitchen,336.43,4,0.25,1425.82,2.8,15000,0,2186.59
TXN-104739,2024-07-16 11:00:00,Germany,Apparel,220.49,7,0.05,229.22,2.6,10000,0,1912.57
TXN-104740,2024-07-16 12:00:00,France,Books,497.14,4,0.01,940.19,4.2,15000,1,3008.07
TXN-104741,2024-07-16 13:00:00,USA,Books,363.88,2,0.29,595.65,2.6,10000,1,1545.96
TXN-104742,2024-07-16 14:00:00,USA,Electronics,153.45,14,0.29,1037.66,2.7,5000,0,2169.99
TXN-104743,2024-07-16 15:00:00,Australia,Automotive,143.58,10,0.17,1917.31,2.9,5000,0,2090.27
TXN-104744,2024-07-16 16:00:00,USA,Apparel,605.73,6,0.3,1075.85,3.4,5000,0,3346.16
TXN-104745,2024-07-16 17:00:00,USA,Books,828.85,9,0.23,308.48,3.6,2500,0,6030.09
TXN-104746,2024-07-16 18:00:00,USA,Home & Kitchen,209.63,2,0.16,892.36,3.8,15000,0,1374.43
TXN-104747,2024-07-16 19:00:00,USA,Home & Kitchen,660.58,1,0.12,671.79,5.0,15000,0,1466.35
TXN-104748,2024-07-16 20:00:00,UK,Electronics,88.15,8,0.18,81.79,3.5,5000,0,1043.06
TXN-104749,2024-07-16 21:00:00,Canada,Home & Kitchen,333.62,1,0.15,1377.92,3.1,25000,0,1458.87
TXN-104750,2024-07-16 22:00:00,USA,Home & Kitchen,438.08,1,0.3,363.64,3.9,15000,0,1048.03
TXN-104751,2024-07-16 23:00:00,UK,Apparel,239.4,3,0.15,122.2,3.0,10000,0,935.4
TXN-104752,2024-07-17 00:00:00,Germany,Automotive,457.2,5,0.25,327.02,4.9,15000,0,2409.64
TXN-104753,2024-07-17 01:00:00,UK,Health & Beauty,751.98,13,0.24,512.09,3.1,15000,0,8113.3
TXN-104754,2024-07-17 02:00:00,Canada,Home & Kitchen,803.61,12,0.02,475.42,5.0,10000,0,10200.37
TXN-104755,2024-07-17 03:00:00,Canada,Home & Kitchen,98.97,9,0.03,477.59,3.5,5000,0,1401.21
TXN-104756,2024-07-17 04:00:00,USA,Health & Beauty,241.99,11,0.2,197.75,4.5,5000,0,2483.81
TXN-104757,2024-07-17 05:00:00,France,Home & Kitchen,832.58,10,0.08,550.79,4.1,10000,1,8629.18
TXN-104758,2024-07-17 06:00:00,UK,Apparel,240.8,2,0.2,1239.81,4.8,15000,0,1451.84
TXN-104759,2024-07-17 07:00:00,Australia,Apparel,593.41,12,0.04,296.06,4.1,15000,0,7509.29
TXN-104760,2024-07-17 08:00:00,UK,Health & Beauty,226.63,12,0.12,547.91,4.0,5000,0,2943.42
TXN-104761,2024-07-17 09:00:00,Australia,Books,312.57,1,0.03,189.85,4.1,2500,0,606.08
TXN-104762,2024-07-17 10:00:00,France,Home & Kitchen,174.72,1,0.08,74.74,4.5,5000,0,390.99
TXN-104763,2024-07-17 11:00:00,USA,Books,730.01,8,0.03,490.62,4.7,10000,0,6313.43
TXN-104764,2024-07-17 12:00:00,UK,Home & Kitchen,752.01,10,0.29,74.36,3.2,2500,0,5512.73
TXN-104765,2024-07-17 13:00:00,Australia,Automotive,262.92,10,0.12,692.93,3.0,2500,0,2712.1
TXN-104766,2024-07-17 14:00:00,Canada,Home & Kitchen,702.7,10,0.27,604.87,2.6,10000,0,5785.34
TXN-104767,2024-07-17 15:00:00,USA,Apparel,314.13,2,0.29,280.48,3.4,25000,0,1174.81
TXN-104768,2024-07-17 16:00:00,France,Electronics,97.68,13,0.27,314.91,4.6,5000,0,1231.27
TXN-104769,2024-07-17 17:00:00,USA,Electronics,647.99,9,0.14,1299.06,2.7,15000,0,6021.7
TXN-104770,2024-07-17 18:00:00,USA,Electronics,513.03,9,0.23,56.61,3.8,5000,0,3839.61
TXN-104771,2024-07-17 19:00:00,UK,Electronics,244.11,2,0.05,464.26,4.2,10000,0,1056.79
TXN-104772,2024-07-17 20:00:00,USA,Books,226.25,3,0.03,1334.33,4.6,15000,1,2010.8
TXN-104773,2024-07-17 21:00:00,Canada,Books,829.65,2,0.26,1276.63,4.0,25000,1,2651.88
TXN-104774,2024-07-17 22:00:00,USA,Home & Kitchen,735.19,6,0.01,489.32,3.0,10000,0,4890.28
TXN-104775,2024-07-17 23:00:00,Canada,Books,691.18,7,0.29,290.01,4.9,5000,1,4219.31
TXN-104776,2024-07-18 00:00:00,USA,Home & Kitchen,121.89,12,0.2,102.07,2.7,2500,0,1455.97
TXN-104777,2024-07-18 01:00:00,USA,Automotive,645.58,6,0.13,145.45,4.4,10000,0,3805.1
TXN-104778,2024-07-18 02:00:00,USA,Home & Kitchen,194.14,3,0.04,619.21,2.7,10000,0,1206.08
TXN-104779,2024-07-18 03:00:00,USA,Electronics,831.12,12,0.22,58.39,2.9,5000,0,8043.5
TXN-104780,2024-07-18 04:00:00,USA,Health & Beauty,58.49,3,0.17,1124.87,4.7,25000,1,1586.95
TXN-104781,2024-07-18 05:00:00,USA,Health & Beauty,309.04,12,0.21,493.29,4.4,5000,1,3799.41
TXN-104782,2024-07-18 06:00:00,Germany,Apparel,372.92,2,0.13,73.1,3.4,5000,0,863.19
TXN-104783,2024-07-18 07:00:00,USA,Apparel,703.21,2,0.02,187.07,4.1,25000,1,2421.5
TXN-104784,2024-07-18 08:00:00,UK,Home & Kitchen,654.8,11,0.09,500.95,3.6,25000,0,7308.9
TXN-104785,2024-07-18 09:00:00,UK,Health & Beauty,328.12,12,0.09,68.13,2.7,10000,0,3964.07
TXN-104786,2024-07-18 10:00:00,Canada,Electronics,487.24,5,0.0,807.04,4.3,2500,0,2990.06
TXN-104787,2024-07-18 11:00:00,Japan,Books,712.72,11,0.0,1312.38,4.4,5000,0,8697.95
TXN-104788,2024-07-18 12:00:00,UK,Electronics,30.2,11,0.1,1674.93,4.7,2500,0,1290.91
TXN-104789,2024-07-18 13:00:00,USA,,684.82,8,0.22,711.49,3.9,25000,1,5341.47
TXN-104790,2024-07-18 14:00:00,USA,Home & Kitchen,805.66,6,0.19,1021.85,4.2,25000,0,4935.21
TXN-104791,2024-07-18 15:00:00,Australia,Home & Kitchen,41.77,9,0.07,521.71,3.6,5000,0,912.79
TXN-104792,2024-07-18 16:00:00,USA,Automotive,53.06,11,0.18,356.75,3.3,10000,0,996.01
TXN-104793,2024-07-18 17:00:00,USA,Electronics,302.67,5,0.19,674.37,3.5,5000,0,1903.45
TXN-104794,2024-07-18 18:00:00,USA,Electronics,88.29,10,0.16,176.92,4.8,10000,0,1127.82
TXN-104795,2024-07-18 19:00:00,USA,Home & Kitchen,415.2,4,0.16,108.15,2.9,15000,0,1942.34
TXN-104796,2024-07-18 20:00:00,USA,Home & Kitchen,623.47,9,0.11,767.43,3.1,10000,0,5715.69
TXN-104797,2024-07-18 21:00:00,France,Automotive,488.36,12,0.04,1637.27,4.0,5000,1,6985.84
TXN-104798,2024-07-18 22:00:00,USA,Automotive,179.02,10,0.12,480.76,2.8,5000,0,2009.11
TXN-104799,2024-07-18 23:00:00,Germany,Apparel,561.77,11,0.1,379.41,4.7,10000,0,6152.93
TXN-104800,2024-07-19 00:00:00,USA,Health & Beauty,586.85,14,0.18,432.22,2.6,2500,0,7028.34
TXN-104801,2024-07-19 01:00:00,USA,Electronics,793.59,5,0.26,375.49,4.4,10000,0,3481.61
TXN-104802,2024-07-19 02:00:00,Japan,Electronics,137.58,1,0.11,341.88,3.4,15000,0,689.98
TXN-104803,2024-07-19 03:00:00,USA,Automotive,593.1,5,0.21,1519.07,2.6,15000,0,3337.29
TXN-104804,2024-07-19 04:00:00,Canada,Automotive,776.04,5,0.24,376.74,4.6,2500,0,3386.38
TXN-104805,2024-07-19 05:00:00,UK,Apparel,433.81,5,0.06,,4.1,15000,0,2640.29
TXN-104806,2024-07-19 06:00:00,USA,Health & Beauty,317.1,13,0.27,775.19,2.5,5000,0,3665.01
TXN-104807,2024-07-19 07:00:00,Australia,Apparel,157.58,2,0.02,298.43,3.2,2500,1,822.3
TXN-104808,2024-07-19 08:00:00,USA,Health & Beauty,738.77,13,0.27,670.13,3.4,2500,0,7512.57
TXN-104809,2024-07-19 09:00:00,Canada,Books,344.2,6,0.05,483.24,3.3,2500,0,2367.13
TXN-104810,2024-07-19 10:00:00,USA,Electronics,787.28,5,0.1,674.45,3.7,10000,0,4330.73
TXN-104811,2024-07-19 11:00:00,Canada,Apparel,722.88,2,0.18,82.0,3.8,10000,1,1986.33
TXN-104812,2024-07-19 12:00:00,USA,Automotive,329.49,12,0.27,,3.5,2500,0,3019.7
TXN-104813,2024-07-19 13:00:00,UK,Apparel,494.22,10,0.08,,3.3,15000,0,5163.77
TXN-104814,2024-07-19 14:00:00,France,Books,37.69,14,0.23,640.72,3.8,5000,0,1008.11
TXN-104815,2024-07-19 15:00:00,Japan,Apparel,234.79,8,0.21,176.6,2.6,5000,0,1764.3
TXN-104816,2024-07-19 16:00:00,Japan,Electronics,608.08,6,0.05,334.05,4.1,10000,0,3899.84
TXN-104817,2024-07-19 17:00:00,Canada,Books,581.06,11,0.14,2026.69,4.0,25000,0,7145.27
TXN-104818,2024-07-19 18:00:00,Japan,Automotive,310.06,10,0.14,170.96,3.2,2500,1,3284.75
TXN-104819,2024-07-19 19:00:00,USA,Automotive,690.19,12,0.09,991.75,2.9,25000,1,8819.9
TXN-104820,2024-07-19 20:00:00,USA,Home & Kitchen,211.92,11,0.23,922.8,2.7,5000,0,2527.43
TXN-104821,2024-07-19 21:00:00,USA,Books,400.16,3,0.28,1159.82,4.0,10000,0,1766.59
TXN-104822,2024-07-19 22:00:00,UK,Home & Kitchen,409.56,9,0.21,1283.39,3.9,10000,0,3978.75
TXN-104823,2024-07-19 23:00:00,UK,Home & Kitchen,299.58,13,0.29,403.95,3.8,10000,0,3431.5
TXN-104824,2024-07-20 00:00:00,UK,Electronics,812.15,11,0.02,622.75,5.0,10000,0,9458.33
TXN-104825,2024-07-20 01:00:00,USA,Apparel,596.73,11,0.01,532.33,3.8,10000,0,7142.33
TXN-104826,2024-07-20 02:00:00,Germany,Automotive,465.23,14,0.27,234.77,4.3,2500,0,5047.6
TXN-104827,2024-07-20 03:00:00,USA,Automotive,441.28,4,0.27,214.1,2.8,25000,0,1881.0
TXN-104828,2024-07-20 04:00:00,USA,Apparel,148.01,3,0.03,258.95,3.2,5000,0,811.29
TXN-104829,2024-07-20 05:00:00,UK,Automotive,325.78,7,0.11,173.24,3.2,5000,1,2484.26
TXN-104830,2024-07-20 06:00:00,France,Apparel,576.77,12,0.25,758.14,3.9,10000,1,6325.04
TXN-104831,2024-07-20 07:00:00,France,Books,787.02,13,0.04,1720.14,3.3,10000,0,11035.65
TXN-104832,2024-07-20 08:00:00,Germany,Electronics,696.75,14,0.08,1061.61,4.1,10000,0,9824.24
TXN-104833,2024-07-20 09:00:00,USA,Electronics,265.83,8,0.2,172.91,4.2,15000,0,2481.51
TXN-104834,2024-07-20 10:00:00,UK,Electronics,377.35,7,0.29,76.66,2.6,5000,0,2076.5
TXN-104835,2024-07-20 11:00:00,USA,Apparel,84.24,1,0.24,757.54,4.1,10000,1,1008.02
TXN-104836,2024-07-20 12:00:00,UK,Apparel,100.31,1,0.23,297.32,,25000,0,804.67
TXN-104837,2024-07-20 13:00:00,UK,Health & Beauty,407.64,13,0.1,920.38,3.7,15000,0,5644.94
TXN-104838,2024-07-20 14:00:00,USA,Automotive,457.73,5,0.2,805.33,4.3,2500,0,2412.02
TXN-104839,2024-07-20 15:00:00,USA,Automotive,235.46,14,0.03,540.96,4.3,15000,0,3971.0
TXN-104840,2024-07-20 16:00:00,Australia,Health & Beauty,551.72,8,0.3,197.41,3.2,15000,0,3542.56
TXN-104841,2024-07-20 17:00:00,Australia,Health & Beauty,602.32,14,0.14,104.93,3.2,15000,0,7753.38
TXN-104842,2024-07-20 18:00:00,UK,Electronics,264.76,10,0.19,195.61,3.6,25000,0,2851.18
TXN-104843,2024-07-20 19:00:00,USA,Health & Beauty,648.28,11,0.26,406.43,3.0,5000,0,5699.91
TXN-104844,2024-07-20 20:00:00,USA,Apparel,186.68,3,0.0,1992.76,4.9,10000,0,1790.65
TXN-104845,2024-07-20 21:00:00,UK,Home & Kitchen,469.45,8,0.29,82.9,3.4,25000,0,3287.62
TXN-104846,2024-07-20 22:00:00,Japan,Apparel,686.57,3,0.11,161.62,4.8,25000,0,2791.88
TXN-104847,2024-07-20 23:00:00,USA,Health & Beauty,463.4,4,0.1,543.46,4.8,10000,0,2255.1
TXN-104848,2024-07-21 00:00:00,France,Automotive,773.15,10,0.04,231.46,3.4,15000,0,8021.27
TXN-104849,2024-07-21 01:00:00,USA,Apparel,63.85,7,0.26,1027.74,3.1,2500,0,939.78
TXN-104850,2024-07-21 02:00:00,Australia,Automotive,506.24,3,0.26,125.07,4.4,15000,0,1596.75
TXN-104851,2024-07-21 03:00:00,UK,Apparel,484.07,4,0.01,1700.55,3.1,15000,1,3376.79
TXN-104852,2024-07-21 04:00:00,France,Automotive,566.4,8,0.02,1267.34,3.8,5000,0,5212.37
TXN-104853,2024-07-21 05:00:00,USA,Books,710.89,4,0.28,1142.53,2.8,15000,0,3028.94
TXN-104854,2024-07-21 06:00:00,Germany,Apparel,621.09,9,0.04,145.02,3.5,2500,1,5879.0
TXN-104855,2024-07-21 07:00:00,USA,Automotive,674.89,4,0.19,249.86,2.7,25000,0,3027.47
TXN-104856,2024-07-21 08:00:00,USA,Home & Kitchen,256.16,13,0.19,865.07,3.2,15000,0,3426.2
TXN-104857,2024-07-21 09:00:00,Japan,Electronics,338.56,14,0.26,874.63,4.2,25000,0,4612.15
TXN-104858,2024-07-21 10:00:00,Japan,Apparel,538.36,4,0.17,660.69,5.0,5000,0,2439.29
TXN-104859,2024-07-21 11:00:00,Japan,Home & Kitchen,477.14,13,0.13,347.15,3.1,2500,0,5662.44
TXN-104860,2024-07-21 12:00:00,Germany,Electronics,817.52,5,0.29,236.68,3.7,10000,0,3322.08
TXN-104861,2024-07-21 13:00:00,Canada,Apparel,171.01,1,0.07,1697.85,3.6,10000,0,1171.2
TXN-104862,2024-07-21 14:00:00,USA,Home & Kitchen,308.32,7,0.08,124.98,3.0,5000,1,2402.02
TXN-104863,2024-07-21 15:00:00,USA,Home & Kitchen,493.25,9,0.03,72.37,4.0,2500,0,4559.15
TXN-104864,2024-07-21 16:00:00,USA,Books,739.75,12,0.29,54.59,4.3,25000,0,7085.28
TXN-104865,2024-07-21 17:00:00,Germany,Home & Kitchen,791.01,9,0.21,795.89,2.9,5000,0,6202.2
TXN-104866,2024-07-21 18:00:00,UK,Books,295.59,1,0.0,79.19,4.4,15000,0,822.04
TXN-104867,2024-07-21 19:00:00,USA,Health & Beauty,71.04,6,0.21,436.79,4.3,25000,0,1122.92
TXN-104868,2024-07-21 20:00:00,Germany,Automotive,367.05,3,0.12,278.87,3.0,15000,0,1361.37
TXN-104869,2024-07-21 21:00:00,Canada,Electronics,344.28,4,0.29,129.44,4.1,15000,1,1797.87
TXN-104870,2024-07-21 22:00:00,UK,Automotive,838.72,8,0.08,724.68,3.5,25000,0,7103.73
TXN-104871,2024-07-21 23:00:00,USA,Automotive,374.94,4,0.21,78.29,4.2,15000,0,1564.97
TXN-104872,2024-07-22 00:00:00,USA,Books,270.28,8,0.19,241.65,3.7,10000,1,2433.13
TXN-104873,2024-07-22 01:00:00,USA,Automotive,320.09,4,0.0,462.99,2.6,25000,0,2125.65
TXN-104874,2024-07-22 02:00:00,USA,Home & Kitchen,346.43,9,0.27,307.43,4.5,5000,0,2749.09
TXN-104875,2024-07-22 03:00:00,Germany,Books,700.99,6,0.04,199.98,3.9,10000,0,4519.1
TXN-104876,2024-07-22 04:00:00,Germany,Automotive,82.65,1,0.2,1351.85,4.3,5000,0,912.31
TXN-104877,2024-07-22 05:00:00,Germany,Books,279.28,13,0.23,1386.61,2.8,2500,1,3893.12
TXN-104878,2024-07-22 06:00:00,UK,Health & Beauty,821.88,10,0.19,319.01,4.3,5000,1,7342.65
TXN-104879,2024-07-22 07:00:00,Canada,Books,142.84,2,0.03,300.23,3.5,25000,0,999.61
TXN-104880,2024-07-22 08:00:00,USA,Apparel,635.07,7,0.29,233.64,4.5,5000,0,3474.57
TXN-104881,2024-07-22 09:00:00,UK,Home & Kitchen,312.59,10,0.07,1018.13,4.0,2500,0,3610.95
TXN-104882,2024-07-22 10:00:00,Canada,Electronics,500.79,7,0.19,469.57,3.4,15000,0,3573.3
TXN-104883,2024-07-22 11:00:00,USA,Apparel,98.12,3,0.24,96.89,3.0,25000,0,949.81
TXN-104884,2024-07-22 12:00:00,USA,Apparel,270.85,1,0.28,1009.75,4.5,10000,0,1064.96
TXN-104885,2024-07-22 13:00:00,Japan,Apparel,433.22,8,0.18,432.74,3.9,10000,0,3462.83
TXN-104886,2024-07-22 14:00:00,USA,Automotive,208.47,13,0.08,318.58,5.0,5000,1,3401.38
TXN-104887,2024-07-22 15:00:00,Germany,Books,467.46,13,0.25,256.14,3.4,10000,0,5049.02
TXN-104888,2024-07-22 16:00:00,USA,Books,198.5,10,0.05,102.36,4.2,2500,0,2183.41
TXN-104889,2024-07-22 17:00:00,Germany,Automotive,557.83,14,0.01,1619.83,4.1,10000,1,9138.52
TXN-104890,2024-07-22 18:00:00,USA,Home & Kitchen,770.14,11,0.27,725.93,4.1,5000,0,6855.42
TXN-104891,2024-07-22 19:00:00,USA,Automotive,86.38,11,0.17,120.65,4.3,10000,0,1129.57
TXN-104892,2024-07-22 20:00:00,Germany,Automotive,195.87,10,0.02,407.97,,15000,0,2543.28
TXN-104893,2024-07-22 21:00:00,USA,Automotive,720.09,7,0.17,455.49,3.9,15000,1,5194.5
TXN-104894,2024-07-22 22:00:00,UK,Home & Kitchen,542.35,10,0.04,141.89,3.8,10000,0,5781.06
TXN-104895,2024-07-22 23:00:00,USA,Home & Kitchen,80.72,8,0.01,328.63,3.4,25000,0,1441.8
TXN-104896,2024-07-23 00:00:00,USA,Health & Beauty,421.1,1,0.03,568.87,3.6,10000,0,990.12
TXN-104897,2024-07-23 01:00:00,USA,Health & Beauty,190.15,14,0.23,217.04,3.8,15000,0,2631.68
TXN-104898,2024-07-23 02:00:00,USA,Health & Beauty,181.25,3,0.23,251.44,3.3,15000,0,928.82
TXN-104899,2024-07-23 03:00:00,Japan,Health & Beauty,800.44,13,0.18,115.07,3.2,2500,0,8904.01
TXN-104900,2024-07-23 04:00:00,USA,Books,650.89,2,0.06,316.57,4.3,5000,0,1698.1
TXN-104901,2024-07-23 05:00:00,UK,Apparel,596.35,1,0.22,488.36,2.7,2500,0,852.21
TXN-104902,2024-07-23 06:00:00,USA,Apparel,214.51,5,0.12,111.95,3.3,25000,0,1731.81
TXN-104903,2024-07-23 07:00:00,USA,Health & Beauty,114.01,3,0.15,526.98,4.1,5000,0,720.09
TXN-104904,2024-07-23 08:00:00,Japan,Health & Beauty,742.15,10,0.27,303.58,3.0,10000,0,5723.55
TXN-104905,2024-07-23 09:00:00,USA,Electronics,19.91,8,0.14,616.88,3.9,10000,0,823.81
TXN-104906,2024-07-23 10:00:00,Australia,Apparel,339.06,6,0.19,239.05,3.3,25000,1,2739.82
TXN-104907,2024-07-23 11:00:00,USA,Electronics,246.81,10,0.29,470.24,4.6,15000,0,2459.57
TXN-104908,2024-07-23 12:00:00,France,Electronics,491.26,14,0.14,524.41,3.4,10000,0,6449.43
TXN-104909,2024-07-23 13:00:00,UK,Automotive,224.17,9,0.17,636.41,3.1,2500,0,2073.89
TXN-104910,2024-07-23 14:00:00,Japan,Books,274.86,9,0.18,757.22,3.8,15000,1,2991.46
TXN-104911,2024-07-23 15:00:00,Germany,Home & Kitchen,724.78,11,0.07,123.29,2.8,10000,1,8099.19
TXN-104912,2024-07-23 16:00:00,UK,Apparel,518.66,6,0.22,1729.68,4.5,15000,0,3773.62
TXN-104913,2024-07-23 17:00:00,USA,Health & Beauty,136.64,2,0.22,977.81,4.2,5000,1,1265.62
TXN-104914,2024-07-23 18:00:00,USA,Health & Beauty,621.6,9,0.06,463.13,4.4,10000,1,6115.73
TXN-104915,2024-07-23 19:00:00,Japan,Home & Kitchen,188.23,2,0.0,1155.27,3.5,10000,1,1411.35
TXN-104916,2024-07-23 20:00:00,USA,Apparel,376.56,3,0.3,290.98,4.6,15000,0,1371.52
TXN-104917,2024-07-23 21:00:00,UK,Health & Beauty,554.92,6,0.17,67.44,3.7,5000,1,3358.24
TXN-104918,2024-07-23 22:00:00,France,Health & Beauty,242.06,2,0.05,699.2,,2500,1,1113.07
TXN-104919,2024-07-23 23:00:00,USA,Automotive,335.73,5,0.09,1485.38,3.1,5000,0,2427.35
TXN-104920,2024-07-24 00:00:00,Australia,Electronics,628.01,2,0.19,138.28,4.3,2500,1,1491.7
TXN-104921,2024-07-24 01:00:00,France,Health & Beauty,798.16,12,0.04,566.24,4.7,25000,0,10105.37
TXN-104922,2024-07-24 02:00:00,Germany,Books,456.92,4,0.01,889.46,2.7,5000,0,2339.01
TXN-104923,2024-07-24 03:00:00,Japan,Apparel,23.33,11,0.24,1227.29,4.7,2500,0,1010.12
TXN-104924,2024-07-24 04:00:00,USA,Books,297.62,11,0.21,211.85,4.5,15000,0,3067.1
TXN-104925,2024-07-24 05:00:00,USA,Home & Kitchen,347.86,3,0.09,118.9,3.4,2500,1,1395.33
TXN-104926,2024-07-24 06:00:00,UK,Automotive,298.21,5,0.02,192.41,4.2,25000,0,2304.9
TXN-104927,2024-07-24 07:00:00,USA,Apparel,379.28,6,0.15,481.05,3.0,2500,0,2419.71
TXN-104928,2024-07-24 08:00:00,France,Automotive,543.28,13,0.08,,4.5,5000,0,7441.03
TXN-104929,2024-07-24 09:00:00,Japan,Electronics,116.14,7,0.12,486.78,4.1,2500,0,1282.21
TXN-104930,2024-07-24 10:00:00,UK,Health & Beauty,242.65,10,0.08,1310.5,3.6,5000,0,2978.54
TXN-104931,2024-07-24 11:00:00,USA,Apparel,438.89,8,0.05,,4.7,25000,0,4392.97
TXN-104932,2024-07-24 12:00:00,Australia,Home & Kitchen,278.5,9,0.12,506.14,2.8,2500,0,2615.52
TXN-104933,2024-07-24 13:00:00,UK,Electronics,842.56,14,0.29,61.02,4.6,2500,0,8815.65
TXN-104934,2024-07-24 14:00:00,UK,Electronics,375.25,4,0.08,252.54,2.6,25000,0,2092.57
TXN-104935,2024-07-24 15:00:00,UK,Automotive,741.28,4,0.1,79.59,4.4,2500,0,3016.53
TXN-104936,2024-07-24 16:00:00,Japan,Electronics,763.59,7,0.1,244.48,3.9,5000,0,5331.62
TXN-104937,2024-07-24 17:00:00,Germany,Apparel,713.07,12,0.14,82.18,4.2,10000,0,7795.29
TXN-104938,2024-07-24 18:00:00,France,Automotive,54.16,10,0.25,141.85,3.5,10000,0,790.0
TXN-104939,2024-07-24 19:00:00,Canada,Electronics,806.37,10,0.12,314.4,,5000,1,7768.43
TXN-104940,2024-07-24 20:00:00,USA,Home & Kitchen,122.5,11,0.24,411.68,3.3,2500,0,1270.94
TXN-104941,2024-07-24 21:00:00,UK,Books,43.73,9,0.03,172.4,3.2,5000,0,666.61
TXN-104942,2024-07-24 22:00:00,Canada,Apparel,361.0,11,0.27,709.46,3.3,25000,0,3752.88
TXN-104943,2024-07-24 23:00:00,UK,Home & Kitchen,177.52,2,0.06,496.24,4.4,5000,0,917.62
TXN-104944,2024-07-25 00:00:00,France,Home & Kitchen,168.8,13,0.01,638.44,3.7,10000,0,2701.28
TXN-104945,2024-07-25 01:00:00,Japan,Automotive,255.33,11,0.05,709.81,3.8,15000,0,3489.99
TXN-104946,2024-07-25 02:00:00,Germany,Health & Beauty,222.42,6,0.06,699.0,4.6,25000,0,2367.01
TXN-104947,2024-07-25 03:00:00,France,Automotive,586.8,10,0.15,1426.27,4.6,2500,0,5944.94
TXN-104948,2024-07-25 04:00:00,Canada,Apparel,170.96,10,0.13,185.39,2.9,5000,0,1762.64
TXN-104949,2024-07-25 05:00:00,Canada,Apparel,468.5,8,0.21,207.46,3.9,25000,1,4040.88
TXN-104950,2024-07-25 06:00:00,UK,Automotive,838.67,13,0.02,99.47,2.8,10000,1,11306.19
TXN-104951,2024-07-25 07:00:00,USA,Health & Beauty,376.04,5,0.15,498.96,4.7,2500,0,2047.62
TXN-104952,2024-07-25 08:00:00,UK,Automotive,550.96,5,0.1,301.42,4.6,5000,0,2892.89
TXN-104953,2024-07-25 09:00:00,Germany,Apparel,824.43,8,0.19,392.79,4.6,5000,0,5861.49
TXN-104954,2024-07-25 10:00:00,UK,Health & Beauty,129.93,1,0.01,143.06,4.3,2500,0,311.98
TXN-104955,2024-07-25 11:00:00,France,Apparel,364.54,6,0.01,573.57,3.7,15000,0,2849.65
TXN-104956,2024-07-25 12:00:00,UK,,724.91,10,0.13,532.5,3.5,15000,0,7033.82
TXN-104957,2024-07-25 13:00:00,Germany,Health & Beauty,793.48,13,0.24,203.8,3.5,25000,1,8797.78
TXN-104958,2024-07-25 14:00:00,USA,Automotive,517.03,9,0.2,363.13,2.7,5000,1,4254.18
TXN-104959,2024-07-25 15:00:00,France,Automotive,134.76,12,0.01,1173.58,4.9,25000,0,2778.25
TXN-104960,2024-07-25 16:00:00,UK,Automotive,767.73,6,0.05,792.5,3.6,2500,1,5208.46
TXN-104961,2024-07-25 17:00:00,USA,Health & Beauty,160.66,7,0.07,178.7,4.8,25000,0,1880.94
TXN-104962,2024-07-25 18:00:00,USA,Health & Beauty,309.65,4,0.13,1105.38,4.7,5000,0,1973.27
TXN-104963,2024-07-25 19:00:00,France,Apparel,328.55,12,0.18,84.84,4.6,15000,0,3840.57
TXN-104964,2024-07-25 20:00:00,UK,Home & Kitchen,388.49,10,0.06,317.16,4.0,15000,0,4336.06
TXN-104965,2024-07-25 21:00:00,USA,Automotive,674.79,1,0.11,91.76,2.8,2500,1,914.13
TXN-104966,2024-07-25 22:00:00,Australia,Books,684.79,9,0.18,1339.92,3.3,10000,0,6065.45
TXN-104967,2024-07-25 23:00:00,France,Apparel,615.91,12,0.12,,4.0,25000,0,7174.49
TXN-104968,2024-07-26 00:00:00,Australia,Apparel,33.48,6,0.04,131.99,2.5,2500,0,299.42
TXN-104969,2024-07-26 01:00:00,UK,Electronics,486.65,3,0.15,1282.79,2.6,15000,1,2529.85
TXN-104970,2024-07-26 02:00:00,UK,Automotive,639.16,4,0.1,486.33,4.2,5000,1,3073.14
TXN-104971,2024-07-26 03:00:00,Japan,Apparel,386.26,10,0.26,842.83,4.7,5000,0,3619.88
TXN-104972,2024-07-26 04:00:00,UK,Electronics,804.02,12,0.23,58.27,4.6,10000,0,7819.61
TXN-104973,2024-07-26 05:00:00,France,Books,702.88,6,0.06,321.58,2.9,10000,1,4689.0
TXN-104974,2024-07-26 06:00:00,USA,Books,547.86,6,0.05,2132.35,4.8,15000,0,4454.29
TXN-104975,2024-07-26 07:00:00,UK,Automotive,67.13,12,0.1,483.53,4.2,10000,1,1738.47
TXN-104976,2024-07-26 08:00:00,USA,Health & Beauty,559.71,9,0.12,997.5,4.3,10000,1,5418.21
TXN-104977,2024-07-26 09:00:00,USA,Electronics,776.17,4,0.28,1706.04,3.3,5000,0,3186.76
TXN-104978,2024-07-26 10:00:00,USA,Health & Beauty,331.84,5,0.09,627.66,4.3,25000,0,2403.36
TXN-104979,2024-07-26 11:00:00,USA,Books,714.84,5,0.26,248.47,4.3,5000,0,3066.74
TXN-104980,2024-07-26 12:00:00,Australia,Books,276.49,3,0.15,234.52,4.0,5000,0,1022.74
TXN-104981,2024-07-26 13:00:00,USA,Home & Kitchen,491.04,2,0.27,86.97,3.4,15000,0,1295.31
TXN-104982,2024-07-26 14:00:00,Germany,Home & Kitchen,556.43,8,0.21,329.11,4.5,15000,1,4442.42
TXN-104983,2024-07-26 15:00:00,Canada,Home & Kitchen,581.13,10,0.21,1284.85,4.8,25000,1,6015.9
TXN-104984,2024-07-26 16:00:00,Germany,Home & Kitchen,751.93,9,0.16,375.1,4.7,2500,0,6177.28
TXN-104985,2024-07-26 17:00:00,USA,Apparel,210.91,10,0.25,1259.53,3.1,10000,0,2561.07
TXN-104986,2024-07-26 18:00:00,France,Home & Kitchen,234.08,11,0.08,899.52,3.6,10000,0,3077.39
TXN-104987,2024-07-26 19:00:00,Germany,Apparel,602.87,13,0.27,2123.47,3.4,5000,1,7088.25
TXN-104988,2024-07-26 20:00:00,France,Apparel,162.96,9,0.19,1525.33,4.3,5000,0,2199.77
TXN-104989,2024-07-26 21:00:00,France,Automotive,402.67,14,0.13,662.91,4.6,25000,1,6212.52
TXN-104990,2024-07-26 22:00:00,Australia,Apparel,31.73,5,0.29,1074.81,3.0,10000,0,851.03
TXN-104991,2024-07-26 23:00:00,Germany,Apparel,132.72,11,0.26,739.32,4.9,5000,0,1807.42
TXN-104992,2024-07-27 00:00:00,USA,Home & Kitchen,581.84,9,0.23,657.68,4.2,5000,0,4571.21
TXN-104993,2024-07-27 01:00:00,Germany,Apparel,639.13,4,0.08,678.62,3.0,15000,0,3187.03
TXN-104994,2024-07-27 02:00:00,USA,Health & Beauty,111.29,2,0.29,688.35,3.4,2500,0,544.4
TXN-104995,2024-07-27 03:00:00,Japan,Home & Kitchen,205.14,3,0.22,288.55,2.8,25000,1,1427.21
TXN-104996,2024-07-27 04:00:00,USA,Electronics,97.59,1,0.18,325.44,4.0,2500,0,439.8
TXN-104997,2024-07-27 05:00:00,USA,Home & Kitchen,376.9,5,0.28,224.12,2.9,2500,1,1808.9
TXN-104998,2024-07-27 06:00:00,Canada,Apparel,120.31,1,0.05,130.24,4.2,25000,0,859.37
TXN-104999,2024-07-27 07:00:00,Germany,Health & Beauty,380.14,12,0.04,356.65,4.3,10000,0,4905.46
